datetime,open,high,low,close
2026-07-30 23:55:00+00:00,4100.55285,4109.92491,4100.55285,4107.91581
2026-07-31 00:00:00+00:00,4103.34053,4117.93774,4103.34053,4109.78271
2026-07-31 00:05:00+00:00,4110.3827,4110.47683,4092.3228,4093.44429
2026-07-31 00:10:00+00:00,4095.92682,4102.57238,4095.92682,4097.98129
2026-07-31 00:15:00+00:00,4098.54081,4099.44002,4093.01445,4093.96684
2026-07-31 00:20:00+00:00,4096.06044,4098.1927,4089.14332,4097.67189
2026-07-31 00:25:00+00:00,4096.93519,4096.93519,4087.25785,4095.08657
2026-07-31 00:30:00+00:00,4093.67583,4102.3958,4093.67583,4101.83581
2026-07-31 00:35:00+00:00,4100.76418,4105.25884,4099.88432,4103.84676
2026-07-31 00:40:00+00:00,4103.78127,4109.67247,4102.27468,4109.02756
2026-07-31 00:45:00+00:00,4108.20881,4110.48997,4102.05923,4102.93265
2026-07-31 00:50:00+00:00,4103.08822,4105.33598,4098.69661,4098.96395
2026-07-31 00:55:00+00:00,4099.55662,4100.88979,4097.35311,4099.30837
2026-07-31 01:00:00+00:00,4098.6825,4100.041,4097.18523,4099.04076
2026-07-31 01:05:00+00:00,4098.64399,4099.49597,4091.44453,4091.79684
2026-07-31 01:10:00+00:00,4092.32523,4092.32523,4083.6328,4083.94619
2026-07-31 01:15:00+00:00,4084.36962,4095.63531,4081.24046,4095.09342
2026-07-31 01:20:00+00:00,4094.40774,4096.51387,4094.40774,4095.52014
2026-07-31 01:25:00+00:00,4095.64012,4095.64012,4092.65777,4094.26034
2026-07-31 01:30:00+00:00,4094.18835,4096.17827,4092.9928,4096.02651
2026-07-31 01:35:00+00:00,4095.50746,4099.8729,4093.66301,4098.78717
2026-07-31 01:40:00+00:00,4098.80384,4101.89603,4098.62795,4101.5825
2026-07-31 01:45:00+00:00,4100.99612,4104.9218,4100.99612,4102.32188
2026-07-31 01:50:00+00:00,4102.44262,4108.29465,4097.19944,4105.93408
2026-07-31 01:55:00+00:00,4105.93449,4109.47645,4105.76449,4108.13816
2026-07-31 02:00:00+00:00,4108.29996,4114.46161,4107.61963,4113.88028
2026-07-31 02:05:00+00:00,4112.77452,4115.3957,4111.50399,4112.61543
2026-07-31 02:10:00+00:00,4112.42506,4116.07327,4110.15208,4115.58107
2026-07-31 02:15:00+00:00,4114.62204,4115.43058,4113.87198,4115.28022
2026-07-31 02:20:00+00:00,4115.05355,4118.09125,4114.21048,4114.40118
2026-07-31 02:25:00+00:00,4114.49134,4119.46447,4114.49134,4116.46047
2026-07-31 02:30:00+00:00,4116.6744,4117.08399,4114.03256,4116.61492
2026-07-31 02:35:00+00:00,4115.5639,4115.5639,4110.74848,4111.18393
2026-07-31 02:40:00+00:00,4112.08087,4112.46617,4109.00083,4109.32869
2026-07-31 02:45:00+00:00,4109.83982,4109.83982,4107.55677,4108.93982
2026-07-31 02:50:00+00:00,4108.37249,4109.79496,4107.54134,4108.63116
2026-07-31 02:55:00+00:00,4108.45441,4110.99692,4106.94484,4109.17571
2026-07-31 03:00:00+00:00,4109.45777,4111.07569,4107.48372,4107.74905
2026-07-31 03:05:00+00:00,4108.27049,4108.59913,4107.11352,4108.47696
2026-07-31 03:10:00+00:00,4108.24279,4108.68951,4106.28305,4106.61582
2026-07-31 03:15:00+00:00,4107.09325,4107.09325,4104.35248,4105.99276
2026-07-31 03:20:00+00:00,4106.0042,4107.78837,4104.52226,4107.63055
2026-07-31 03:25:00+00:00,4107.21253,4108.98169,4101.49525,4102.76765
2026-07-31 03:30:00+00:00,4105.48704,4105.48704,4099.53675,4101.35619
2026-07-31 03:35:00+00:00,4101.28081,4108.29465,4099.59088,4102.60311
2026-07-31 03:40:00+00:00,4103.27369,4106.27027,4103.27369,4103.84823
2026-07-31 03:45:00+00:00,4104.52466,4108.80105,4104.52466,4106.4888
2026-07-31 03:50:00+00:00,4106.5701,4108.16608,4102.73242,4104.14794
2026-07-31 03:55:00+00:00,4103.97247,4103.97247,4102.22751,4102.66525
2026-07-31 04:00:00+00:00,4102.85985,4105.75853,4102.73242,4104.85364
2026-07-31 04:05:00+00:00,4105.10344,4106.30565,4104.61931,4104.74156
2026-07-31 04:10:00+00:00,4105.11583,4106.77618,4105.11583,4106.58929
2026-07-31 04:15:00+00:00,4106.53971,4106.74695,4103.74261,4104.71165
2026-07-31 04:20:00+00:00,4104.60483,4105.25884,4102.05923,4103.05592
2026-07-31 04:25:00+00:00,4103.00642,4103.21004,4100.71352,4102.87027
2026-07-31 04:30:00+00:00,4101.99049,4106.52345,4101.99049,4106.28816
2026-07-31 04:35:00+00:00,4105.94687,4107.09364,4105.20074,4106.79234
2026-07-31 04:40:00+00:00,4106.30071,4106.30071,4104.07945,4104.74597
2026-07-31 04:45:00+00:00,4104.51544,4105.25884,4100.77136,4101.55493
2026-07-31 04:50:00+00:00,4102.9391,4102.9391,4099.81787,4099.95716
2026-07-31 04:55:00+00:00,4100.17912,4100.17912,4099.03263,4099.16782
2026-07-31 05:00:00+00:00,4099.2736,4103.0691,4099.15967,4102.91376
2026-07-31 05:05:00+00:00,4102.5921,4105.25884,4102.46374,4103.27026
2026-07-31 05:10:00+00:00,4103.65099,4105.59593,4103.28746,4105.39205
2026-07-31 05:15:00+00:00,4104.90669,4112.85679,4103.57421,4112.59827
2026-07-31 05:20:00+00:00,4112.06323,4112.06323,4109.47645,4111.14779
2026-07-31 05:25:00+00:00,4111.08609,4114.88766,4110.65894,4114.16848
2026-07-31 05:30:00+00:00,4113.89019,4114.27423,4112.18028,4112.72496
2026-07-31 05:35:00+00:00,4113.30032,4115.05699,4112.34939,4113.12645
2026-07-31 05:40:00+00:00,4113.04644,4114.04507,4111.50399,4113.23674
2026-07-31 05:45:00+00:00,4112.85246,4113.53353,4111.50399,4112.86742
2026-07-31 05:50:00+00:00,4112.6224,4113.06491,4109.93615,4110.20104
2026-07-31 05:55:00+00:00,4110.70702,4112.45001,4109.64534,4111.91463
2026-07-31 06:00:00+00:00,4110.52359,4116.41214,4109.71877,4116.20304
2026-07-31 06:05:00+00:00,4115.86654,4116.75793,4113.53353,4114.78392
2026-07-31 06:10:00+00:00,4114.83132,4115.74167,4113.87198,4113.91419
2026-07-31 06:15:00+00:00,4113.96801,4114.71835,4113.67656,4113.76925
2026-07-31 06:20:00+00:00,4113.84906,4113.90172,4112.85679,4113.51108
2026-07-31 06:25:00+00:00,4113.39372,4114.67349,4112.51851,4112.65695
2026-07-31 06:30:00+00:00,4112.87523,4114.58525,4107.78837,4109.08895
2026-07-31 06:35:00+00:00,4108.95601,4109.4296,4106.84966,4106.99478
2026-07-31 06:40:00+00:00,4107.2308,4107.25015,4102.90075,4103.33019
2026-07-31 06:45:00+00:00,4104.07703,4104.07703,4101.04987,4101.23409
2026-07-31 06:50:00+00:00,4101.51038,4102.73242,4099.20066,4102.59904
2026-07-31 06:55:00+00:00,4102.34624,4103.57421,4100.42078,4103.49754
2026-07-31 07:00:00+00:00,4103.37557,4103.69611,4103.16403,4103.60866
2026-07-31 07:05:00+00:00,4103.5521,4103.73826,4103.40583,4103.65218
2026-07-31 07:10:00+00:00,4103.56081,4103.71398,4103.40583,4103.64173
2026-07-31 07:15:00+00:00,4103.58263,4103.89182,4103.47041,4103.5046
2026-07-31 07:20:00+00:00,4103.61535,4103.94939,4103.31142,4103.60726
2026-07-31 07:25:00+00:00,4103.65073,4103.91103,4103.30116,4103.69871
2026-07-31 07:30:00+00:00,4103.61118,4103.94962,4103.56889,4103.62918
2026-07-31 07:35:00+00:00,4103.69035,4103.76753,4103.40583,4103.53929
2026-07-31 07:40:00+00:00,4103.57215,4103.7285,4103.36249,4103.61979
2026-07-31 07:45:00+00:00,4103.58115,4103.71963,4103.40583,4103.60227
2026-07-31 07:50:00+00:00,4103.50184,4103.73748,4103.40583,4103.64952
2026-07-31 07:55:00+00:00,4103.57751,4103.76929,4103.54321,4103.55714
2026-07-31 08:00:00+00:00,4103.58768,4105.42737,4103.58768,4104.20217
2026-07-31 08:05:00+00:00,4104.41702,4106.41463,4102.22751,4105.1052
2026-07-31 08:10:00+00:00,4104.83422,4107.23086,4104.83422,4106.88598
2026-07-31 08:15:00+00:00,4106.35143,4108.12587,4106.35143,4107.67143
2026-07-31 08:20:00+00:00,4107.70655,4108.29465,4107.61963,4107.66988
2026-07-31 08:25:00+00:00,4107.68695,4108.12587,4107.44659,4107.65213
2026-07-31 08:30:00+00:00,4107.71271,4108.29465,4107.45092,4108.22053
2026-07-31 08:35:00+00:00,4108.06133,4110.37007,4107.52002,4110.06377
2026-07-31 08:40:00+00:00,4109.65803,4110.48997,4109.65803,4110.29959
2026-07-31 08:45:00+00:00,4110.23716,4110.58897,4110.04747,4110.5043
2026-07-31 08:50:00+00:00,4110.20566,4111.16593,4110.20566,4110.56704
2026-07-31 08:55:00+00:00,4110.59949,4111.68859,4109.47645,4109.68321
2026-07-31 09:00:00+00:00,4109.75098,4111.16593,4109.7134,4110.66999
2026-07-31 09:05:00+00:00,4110.77774,4112.01118,4109.48976,4109.94125
2026-07-31 09:10:00+00:00,4110.89223,4110.89223,4106.94484,4107.05054
2026-07-31 09:15:00+00:00,4107.23152,4107.51284,4106.60753,4106.89679
2026-07-31 09:20:00+00:00,4106.81514,4107.31779,4104.7533,4107.09316
2026-07-31 09:25:00+00:00,4106.68971,4106.68971,4104.62723,4104.8408
2026-07-31 09:30:00+00:00,4105.23863,4105.23863,4103.5705,4105.04803
2026-07-31 09:35:00+00:00,4104.90827,4104.9397,4103.23745,4104.69293
2026-07-31 09:40:00+00:00,4104.31624,4107.45092,4104.31624,4105.08971
2026-07-31 09:45:00+00:00,4105.51829,4110.15208,4105.51829,4108.91314
2026-07-31 09:50:00+00:00,4109.20964,4109.53466,4107.13524,4107.45087
2026-07-31 09:55:00+00:00,4108.02525,4108.02525,4106.06586,4106.29518
2026-07-31 10:00:00+00:00,4106.71503,4106.71503,4101.57752,4104.47349
2026-07-31 10:05:00+00:00,4103.76978,4105.76449,4102.3958,4103.21716
2026-07-31 10:10:00+00:00,4103.1113,4103.57421,4101.04987,4101.57866
2026-07-31 10:15:00+00:00,4101.61752,4102.23772,4100.71352,4100.77084
2026-07-31 10:20:00+00:00,4100.71579,4103.15872,4099.70482,4102.69552
2026-07-31 10:25:00+00:00,4101.5191,4104.09421,4096.56152,4097.1886
2026-07-31 10:30:00+00:00,4098.42221,4098.42221,4093.78901,4094.03195
2026-07-31 10:35:00+00:00,4094.50006,4094.50006,4092.31285,4093.26479
2026-07-31 10:40:00+00:00,4093.00678,4093.00678,4090.81612,4091.87971
2026-07-31 10:45:00+00:00,4092.02771,4093.38898,4090.92094,4093.11255
2026-07-31 10:50:00+00:00,4092.60836,4095.17505,4092.60836,4095.08176
2026-07-31 10:55:00+00:00,4094.98863,4094.98863,4093.32788,4093.69405
2026-07-31 11:00:00+00:00,4093.40878,4101.21806,4092.53491,4100.89753
2026-07-31 11:05:00+00:00,4100.10738,4101.04987,4096.84952,4100.61635
2026-07-31 11:10:00+00:00,4099.77936,4099.77936,4090.74082,4091.78373
2026-07-31 11:15:00+00:00,4093.34699,4093.34699,4088.30744,4091.69798
2026-07-31 11:20:00+00:00,4091.26776,4094.83641,4091.26776,4092.83451
2026-07-31 11:25:00+00:00,4093.08231,4094.06393,4091.76477,4094.05573
2026-07-31 11:30:00+00:00,4094.41438,4094.41438,4087.86822,4088.06353
2026-07-31 11:35:00+00:00,4088.41923,4088.41923,4084.94677,4085.18077
2026-07-31 11:40:00+00:00,4085.51256,4087.4719,4084.29995,4086.03715
2026-07-31 11:45:00+00:00,4086.2823,4090.98755,4083.79957,4084.32854
2026-07-31 11:50:00+00:00,4085.29137,4085.29137,4082.33207,4085.07654
2026-07-31 11:55:00+00:00,4084.9042,4087.38518,4084.9042,4086.20253
2026-07-31 12:00:00+00:00,4086.28907,4086.93491,4081.96587,4085.07144
2026-07-31 12:05:00+00:00,4084.28632,4088.64175,4084.28632,4086.88476
2026-07-31 12:10:00+00:00,4087.25119,4089.64502,4087.25119,4089.26352
2026-07-31 12:15:00+00:00,4089.41775,4089.41775,4081.79926,4082.98178
2026-07-31 12:20:00+00:00,4083.73014,4083.79957,4081.82043,4083.12838
2026-07-31 12:25:00+00:00,4083.08107,4083.08107,4082.13251,4082.76204
2026-07-31 12:30:00+00:00,4082.63332,4083.79957,4080.78158,4082.69755
2026-07-31 12:35:00+00:00,4083.28609,4083.28609,4081.46606,4082.14553
2026-07-31 12:40:00+00:00,4081.81418,4082.51759,4076.27254,4076.54011
2026-07-31 12:45:00+00:00,4076.98306,4077.9708,4075.42677,4077.76918
2026-07-31 12:50:00+00:00,4077.32685,4077.80451,4073.87457,4077.54743
2026-07-31 12:55:00+00:00,4077.14492,4078.16899,4076.39771,4077.93559
2026-07-31 13:00:00+00:00,4077.57182,4077.57182,4073.81757,4074.02242
2026-07-31 13:05:00+00:00,4074.37617,4075.81007,4073.17763,4075.67292
2026-07-31 13:10:00+00:00,4075.4553,4076.37232,4072.9132,4073.02589
2026-07-31 13:15:00+00:00,4073.18566,4074.1111,4072.49033,4072.7325
2026-07-31 13:20:00+00:00,4072.93735,4073.98354,4072.93735,4073.09833
2026-07-31 13:25:00+00:00,4073.25669,4075.24042,4072.71289,4074.85962
2026-07-31 13:30:00+00:00,4074.1751,4076.46856,4074.1751,4076.35581
2026-07-31 13:35:00+00:00,4076.3023,4078.73401,4076.18557,4078.23531
2026-07-31 13:40:00+00:00,4077.44712,4079.46804,4075.58718,4075.71833
2026-07-31 13:45:00+00:00,4075.98688,4077.67959,4075.98688,4076.48342
2026-07-31 13:50:00+00:00,4076.62456,4076.66228,4075.22547,4076.4519
2026-07-31 13:55:00+00:00,4076.10824,4076.10824,4074.5706,4074.67355
2026-07-31 14:00:00+00:00,4074.84001,4075.76282,4074.64754,4074.73485
2026-07-31 14:05:00+00:00,4074.87434,4074.97963,4074.14952,4074.50215
2026-07-31 14:10:00+00:00,4074.53894,4076.37508,4073.9242,4075.78276
2026-07-31 14:15:00+00:00,4074.4528,4077.80451,4074.4528,4076.65401
2026-07-31 14:20:00+00:00,4076.95777,4077.75077,4073.02641,4073.86321
2026-07-31 14:25:00+00:00,4075.08265,4079.96736,4075.08265,4079.84579
2026-07-31 14:30:00+00:00,4079.54074,4080.96637,4078.94665,4080.86736
2026-07-31 14:35:00+00:00,4080.65533,4081.46606,4079.86441,4080.02572
2026-07-31 14:40:00+00:00,4080.41358,4080.96637,4079.52748,4079.72767
2026-07-31 14:45:00+00:00,4080.09375,4080.09375,4077.08094,4077.43245
2026-07-31 14:50:00+00:00,4077.88009,4078.74698,4074.48152,4077.3302
2026-07-31 14:55:00+00:00,4077.13346,4079.67979,4077.13346,4079.38138
2026-07-31 15:00:00+00:00,4078.97774,4082.37818,4078.97774,4082.06332
2026-07-31 15:05:00+00:00,4081.63575,4082.79917,4081.29949,4081.37631
2026-07-31 15:10:00+00:00,4081.46582,4082.83011,4079.63446,4079.84336
2026-07-31 15:15:00+00:00,4080.20657,4082.29915,4079.68687,4082.17693
2026-07-31 15:20:00+00:00,4081.91333,4082.32517,4080.63331,4081.93944
2026-07-31 15:25:00+00:00,4081.432,4082.63248,4080.79984,4081.27722
2026-07-31 15:30:00+00:00,4081.1597,4081.29949,4079.46804,4079.58503
2026-07-31 15:35:00+00:00,4079.786,4080.96637,4077.63823,4077.87367
2026-07-31 15:40:00+00:00,4078.26015,4080.13383,4076.9528,4077.27155
2026-07-31 15:45:00+00:00,4077.78903,4077.78903,4073.55754,4075.74192
2026-07-31 15:50:00+00:00,4075.39877,4076.14234,4073.65162,4075.40841
2026-07-31 15:55:00+00:00,4074.85145,4076.04405,4073.98354,4074.73353
2026-07-31 16:00:00+00:00,4074.49697,4076.93261,4073.15384,4073.51249
2026-07-31 16:05:00+00:00,4073.81981,4081.63265,4073.81981,4081.45095
2026-07-31 16:10:00+00:00,4081.26944,4082.63248,4081.26944,4081.70999
2026-07-31 16:15:00+00:00,4081.65837,4087.63898,4081.46606,4086.84674
2026-07-31 16:20:00+00:00,4086.46314,4088.52621,4083.13258,4083.27195
2026-07-31 16:25:00+00:00,4083.49891,4086.4697,4082.46581,4086.27105
2026-07-31 16:30:00+00:00,4085.85023,4085.85023,4079.31043,4079.75126
2026-07-31 16:35:00+00:00,4080.32382,4080.32382,4078.1021,4078.48683
2026-07-31 16:40:00+00:00,4079.29638,4079.29638,4077.62959,4078.085
2026-07-31 16:45:00+00:00,4078.20133,4081.63265,4077.83617,4078.45659
2026-07-31 16:50:00+00:00,4079.27937,4079.27937,4076.40558,4078.32327
2026-07-31 16:55:00+00:00,4078.03208,4079.09387,4077.96332,4079.01362
2026-07-31 17:00:00+00:00,4078.85183,4078.85183,4075.08301,4075.3665
2026-07-31 17:05:00+00:00,4076.03989,4078.57292,4076.03989,4077.82095
2026-07-31 17:10:00+00:00,4078.10959,4078.67973,4076.60507,4077.16951
2026-07-31 17:15:00+00:00,4077.00548,4078.6361,4075.37092,4077.66159
2026-07-31 17:20:00+00:00,4077.29251,4079.42146,4074.97963,4076.10441
2026-07-31 17:25:00+00:00,4076.0134,4076.59076,4074.38094,4074.62694
2026-07-31 17:30:00+00:00,4075.1017,4075.1017,4070.37208,4071.7996
2026-07-31 17:35:00+00:00,4071.80671,4071.99283,4068.51377,4071.68962
2026-07-31 17:40:00+00:00,4070.88029,4073.88796,4070.88029,4073.7039
2026-07-31 17:45:00+00:00,4073.3791,4073.65162,4071.83833,4073.56986
2026-07-31 17:50:00+00:00,4073.36252,4073.43072,4069.83843,4070.4239
2026-07-31 17:55:00+00:00,4070.50365,4071.66124,4070.3354,4070.4629
2026-07-31 18:00:00+00:00,4070.51518,4070.81363,4064.11751,4064.62633
2026-07-31 18:05:00+00:00,4065.30232,4065.30232,4062.43773,4063.63548
2026-07-31 18:10:00+00:00,4063.82488,4064.71019,4061.24355,4061.47008
2026-07-31 18:15:00+00:00,4061.85284,4064.65167,4060.60612,4063.96672
2026-07-31 18:20:00+00:00,4062.40823,4067.35541,4061.61141,4062.06125
2026-07-31 18:25:00+00:00,4063.00345,4063.00345,4058.60627,4059.11195
2026-07-31 18:30:00+00:00,4059.13633,4059.44827,4055.91394,4056.2898
2026-07-31 18:35:00+00:00,4056.93988,4059.94291,4055.47895,4059.8791
2026-07-31 18:40:00+00:00,4059.71962,4060.71149,4058.11217,4059.99015
2026-07-31 18:45:00+00:00,4059.77739,4064.11302,4058.11217,4063.5383
2026-07-31 18:50:00+00:00,4062.45066,4062.84892,4059.26527,4059.51063
2026-07-31 18:55:00+00:00,4059.92913,4064.04942,4058.17242,4063.94295
2026-07-31 19:00:00+00:00,4063.72802,4064.09033,4061.90341,4062.54238
2026-07-31 19:05:00+00:00,4062.62702,4062.62702,4058.95462,4059.55843
2026-07-31 19:10:00+00:00,4060.37548,4060.37548,4056.46601,4057.69372
2026-07-31 19:15:00+00:00,4057.40673,4057.40673,4054.82118,4054.96341
2026-07-31 19:20:00+00:00,4055.29973,4057.36506,4052.6849,4052.96319
2026-07-31 19:25:00+00:00,4053.41438,4053.41438,4052.02804,4052.29326
2026-07-31 19:30:00+00:00,4052.40122,4053.50628,4051.64618,4051.87541
2026-07-31 19:35:00+00:00,4052.31152,4052.31152,4050.32851,4050.47073
2026-07-31 19:40:00+00:00,4050.77013,4052.8534,4050.77013,4052.67188
2026-07-31 19:45:00+00:00,4052.36997,4056.03294,4052.30941,4055.76575
2026-07-31 19:50:00+00:00,4055.03555,4056.79513,4055.03555,4056.4731
2026-07-31 19:55:00+00:00,4056.47203,4056.47203,4053.83493,4053.99402
2026-07-31 20:00:00+00:00,4054.23189,4056.30146,4053.83493,4055.98648
2026-07-31 20:05:00+00:00,4055.7691,4057.94749,4055.7691,4057.8403
2026-07-31 20:10:00+00:00,4057.6012,4057.61818,4056.12629,4056.90584
2026-07-31 20:15:00+00:00,4056.74048,4056.74048,4053.01342,4053.12964
2026-07-31 20:20:00+00:00,4053.26141,4055.2433,4052.92688,4054.99567
2026-07-31 20:25:00+00:00,4054.52598,4054.52598,4052.6849,4052.97491
2026-07-31 20:30:00+00:00,4053.05212,4056.46601,4053.01342,4055.23786
2026-07-31 20:35:00+00:00,4055.35806,4056.30146,4053.01342,4053.3105
2026-07-31 20:40:00+00:00,4053.79172,4054.85405,4053.27526,4054.71703
2026-07-31 20:45:00+00:00,4054.2764,4057.12431,4053.86495,4056.1946
2026-07-31 20:50:00+00:00,4056.5571,4056.58468,4054.82118,4054.87389
2026-07-31 20:55:00+00:00,4054.97072,4054.9856,4054.19728,4054.32586
2026-07-31 21:00:00+00:00,4054.5264,4054.5264,4052.35645,4054.13552
2026-07-31 21:05:00+00:00,4053.43471,4057.78283,4052.71004,4057.56221
2026-07-31 21:10:00+00:00,4057.02604,4058.93575,4057.02604,4057.55259
2026-07-31 21:15:00+00:00,4058.09719,4059.91222,4054.328,4057.49141
2026-07-31 21:20:00+00:00,4057.12569,4059.92449,4056.63056,4059.68403
2026-07-31 21:25:00+00:00,4059.23966,4060.67965,4058.66349,4058.94132
2026-07-31 21:30:00+00:00,4059.41055,4059.41055,4053.83493,4053.91932
2026-07-31 21:35:00+00:00,4054.14097,4055.51879,4053.16899,4053.61035
2026-07-31 21:40:00+00:00,4054.54365,4054.54365,4051.38838,4051.4647
2026-07-31 21:45:00+00:00,4051.70201,4053.01342,4051.53664,4052.98298
2026-07-31 21:50:00+00:00,4052.89899,4054.38323,4052.30997,4053.98414
2026-07-31 21:55:00+00:00,4053.38541,4055.59741,4053.38541,4055.43147
2026-07-31 22:00:00+00:00,4055.1924,4056.36077,4052.57943,4056.01247
2026-07-31 22:05:00+00:00,4055.18544,4058.94503,4055.18544,4058.87949
2026-07-31 22:10:00+00:00,4058.89753,4058.89753,4056.30146,4058.40706
2026-07-31 22:15:00+00:00,4057.82604,4060.42099,4055.47895,4055.89288
2026-07-31 22:20:00+00:00,4056.43894,4058.68807,4050.05873,4050.30311
2026-07-31 22:25:00+00:00,4050.75455,4052.63918,4049.80008,4050.00104
2026-07-31 22:30:00+00:00,4050.36432,4050.36432,4047.10834,4048.81158
2026-07-31 22:35:00+00:00,4048.62325,4050.92343,4044.98018,4045.27269
2026-07-31 22:40:00+00:00,4045.74831,4045.9191,4042.52739,4042.73574
2026-07-31 22:45:00+00:00,4042.94921,4045.55326,4042.80249,4043.3256
2026-07-31 22:50:00+00:00,4044.2233,4045.9549,4041.5471,4045.64525
2026-07-31 22:55:00+00:00,4044.80617,4046.28955,4041.2066,4041.52452
2026-07-31 23:00:00+00:00,4042.17359,4042.20057,4037.95679,4042.0521
2026-07-31 23:05:00+00:00,4041.6506,4043.18427,4036.16403,4037.5587
2026-07-31 23:10:00+00:00,4037.48767,4037.51003,4035.85845,4036.06259
2026-07-31 23:15:00+00:00,4036.37681,4037.89906,4035.34966,4037.7475
2026-07-31 23:20:00+00:00,4037.53492,4044.98018,4036.41659,4043.88934
2026-07-31 23:25:00+00:00,4043.49489,4044.99383,4041.5471,4042.77662
2026-07-31 23:30:00+00:00,4042.39853,4043.01771,4037.55776,4037.92312
2026-07-31 23:35:00+00:00,4038.42453,4040.20499,4031.47264,4034.81536
2026-07-31 23:40:00+00:00,4033.96074,4034.19271,4022.52615,4023.20989
2026-07-31 23:45:00+00:00,4024.30582,4028.33188,4024.30582,4025.14023
2026-07-31 23:50:00+00:00,4026.44941,4026.82255,4023.82102,4026.35107
2026-07-31 23:55:00+00:00,4025.2634,4031.9609,4025.2634,4028.85385
2026-08-01 00:00:00+00:00,4030.39643,4031.77035,4026.21745,4031.65912
2026-08-01 00:05:00+00:00,4031.40555,4031.40555,4021.07041,4021.85252
2026-08-01 00:10:00+00:00,4023.36308,4030.47385,4023.36308,4030.06639
2026-08-01 00:15:00+00:00,4029.53931,4033.88463,4029.53931,4032.7077
2026-08-01 00:20:00+00:00,4033.09836,4036.97873,4033.09836,4035.82188
2026-08-01 00:25:00+00:00,4036.2034,4039.91435,4035.18683,4039.32522
2026-08-01 00:30:00+00:00,4039.16573,4039.23741,4037.79375,4038.95186
2026-08-01 00:35:00+00:00,4038.32801,4042.03719,4038.32801,4040.99784
2026-08-01 00:40:00+00:00,4041.43978,4042.52739,4040.40404,4041.64712
2026-08-01 00:45:00+00:00,4041.80849,4043.89607,4040.67722,4043.33991
2026-08-01 00:50:00+00:00,4042.22385,4048.09132,4042.22385,4047.78935
2026-08-01 00:55:00+00:00,4047.10322,4049.73069,4046.45328,4049.47086
2026-08-01 01:00:00+00:00,4048.8852,4049.73069,4046.13812,4047.73637
2026-08-01 01:05:00+00:00,4047.45647,4047.45647,4044.55252,4046.94742
2026-08-01 01:10:00+00:00,4046.62171,4046.94456,4043.83517,4045.868
2026-08-01 01:15:00+00:00,4045.12101,4051.60436,4043.99871,4044.28415
2026-08-01 01:20:00+00:00,4044.79374,4044.98018,4043.01771,4043.50345
2026-08-01 01:25:00+00:00,4043.42441,4044.30295,4041.93964,4042.13079
2026-08-01 01:30:00+00:00,4042.37293,4042.37293,4038.18217,4038.43594
2026-08-01 01:35:00+00:00,4038.78515,4042.30487,4037.63072,4041.71882
2026-08-01 01:40:00+00:00,4040.20836,4043.18786,4040.20836,4041.03619
2026-08-01 01:45:00+00:00,4041.4032,4042.21671,4041.07428,4041.23103
2026-08-01 01:50:00+00:00,4041.47856,4045.96213,4039.88871,4045.78505
2026-08-01 01:55:00+00:00,4045.41544,4046.45328,4044.81657,4045.72025
2026-08-01 02:00:00+00:00,4045.5834,4046.38628,4043.99871,4044.75124
2026-08-01 02:05:00+00:00,4044.54293,4044.65297,4041.46505,4041.86163
2026-08-01 02:10:00+00:00,4042.6482,4046.43931,4042.6482,4046.18023
2026-08-01 02:15:00+00:00,4045.51373,4047.57468,4043.18117,4045.44112
2026-08-01 02:20:00+00:00,4045.28624,4046.78079,4045.28624,4046.04725
2026-08-01 02:25:00+00:00,4046.24671,4048.74691,4044.65297,4046.18377
2026-08-01 02:30:00+00:00,4046.64037,4049.40271,4046.64037,4049.27351
2026-08-01 02:35:00+00:00,4049.07577,4050.25153,4047.80386,4049.39129
2026-08-01 02:40:00+00:00,4048.86807,4048.86807,4042.36397,4042.61568
2026-08-01 02:45:00+00:00,4042.93092,4044.3304,4042.20057,4043.39825
2026-08-01 02:50:00+00:00,4043.4954,4045.1438,4043.34465,4044.35709
2026-08-01 02:55:00+00:00,4044.39865,4045.28731,4042.52151,4043.59633
2026-08-01 03:00:00+00:00,4043.37403,4045.983,4043.37403,4043.9652
2026-08-01 03:05:00+00:00,4044.93792,4044.93792,4042.77452,4042.83243
2026-08-01 03:10:00+00:00,4042.89481,4044.84418,4041.71045,4044.13272
2026-08-01 03:15:00+00:00,4043.15724,4046.54833,4043.15724,4046.44822
2026-08-01 03:20:00+00:00,4046.29732,4047.02255,4045.63476,4046.65114
2026-08-01 03:25:00+00:00,4046.16868,4050.39974,4044.98018,4049.5241
2026-08-01 03:30:00+00:00,4047.99429,4052.84915,4047.99429,4052.57998
2026-08-01 03:35:00+00:00,4052.20665,4052.82506,4048.41909,4050.78111
2026-08-01 03:40:00+00:00,4050.71916,4052.29411,4049.714,4051.23008
2026-08-01 03:45:00+00:00,4050.82168,4053.83493,4050.82168,4052.22356
2026-08-01 03:50:00+00:00,4052.46123,4054.49238,4052.46123,4053.59012
2026-08-01 03:55:00+00:00,4053.99595,4054.16363,4052.6849,4053.54071
2026-08-01 04:00:00+00:00,4053.58704,4054.49238,4052.92407,4053.96638
2026-08-01 04:05:00+00:00,4053.79808,4053.79808,4051.20087,4052.13322
2026-08-01 04:10:00+00:00,4051.87246,4051.87246,4047.90609,4048.02328
2026-08-01 04:15:00+00:00,4048.18926,4050.43537,4047.698,4050.36448
2026-08-01 04:20:00+00:00,4050.27238,4050.92608,4049.5667,4050.78847
2026-08-01 04:25:00+00:00,4050.3403,4051.60782,4050.3403,4050.8013
2026-08-01 04:30:00+00:00,4050.60658,4050.99635,4049.61036,4049.66916
2026-08-01 04:35:00+00:00,4049.75144,4050.89642,4048.2552,4050.61211
2026-08-01 04:40:00+00:00,4050.07333,4051.48153,4050.07333,4051.33433
2026-08-01 04:45:00+00:00,4051.0619,4051.0619,4048.17458,4049.58689
2026-08-01 04:50:00+00:00,4049.07107,4051.20726,4049.07107,4050.13419
2026-08-01 04:55:00+00:00,4050.30486,4050.81569,4049.73069,4049.7796
2026-08-01 05:00:00+00:00,4049.75513,4052.52019,4048.74691,4049.12298
2026-08-01 05:05:00+00:00,4049.19301,4049.66438,4048.90097,4049.51861
2026-08-01 05:10:00+00:00,4049.32128,4049.57989,4047.27214,4048.08528
2026-08-01 05:15:00+00:00,4047.9884,4048.64332,4047.26287,4048.42955
2026-08-01 05:20:00+00:00,4047.89337,4049.73069,4047.45951,4049.12308
2026-08-01 05:25:00+00:00,4049.19962,4050.55387,4049.01134,4049.7476
2026-08-01 05:30:00+00:00,4050.05554,4050.55087,4049.23874,4049.26484
2026-08-01 05:35:00+00:00,4049.49011,4051.41893,4049.49011,4050.29474
2026-08-01 05:40:00+00:00,4050.67793,4053.65467,4049.8947,4052.84717
2026-08-01 05:45:00+00:00,4051.76172,4055.64343,4051.76172,4053.76818
2026-08-01 05:50:00+00:00,4053.97634,4054.9856,4051.69969,4051.74887
2026-08-01 05:55:00+00:00,4051.87145,4052.35645,4050.22276,4052.30418
2026-08-01 06:00:00+00:00,4052.20325,4052.86075,4049.181,4049.29797
2026-08-01 06:05:00+00:00,4049.468,4049.83163,4045.4711,4046.83727
2026-08-01 06:10:00+00:00,4046.50818,4047.44874,4046.25381,4047.33885
2026-08-01 06:15:00+00:00,4047.007,4048.26161,4046.42479,4048.1236
2026-08-01 06:20:00+00:00,4047.84093,4048.4323,4047.78648,4048.27831
2026-08-01 06:25:00+00:00,4048.07053,4048.65514,4047.10834,4047.24616
2026-08-01 06:30:00+00:00,4047.12354,4050.55087,4046.80976,4050.44087
2026-08-01 06:35:00+00:00,4050.23403,4052.6849,4050.06454,4051.98814
2026-08-01 06:40:00+00:00,4051.8837,4052.19224,4051.12056,4051.33735
2026-08-01 06:45:00+00:00,4051.74178,4052.02804,4050.52757,4051.14968
2026-08-01 06:50:00+00:00,4051.2937,4055.12765,4046.12583,4046.76435
2026-08-01 06:55:00+00:00,4047.93373,4047.93373,4043.34465,4045.25141
2026-08-01 07:00:00+00:00,4044.91865,4044.91865,4042.03719,4042.66171
2026-08-01 07:05:00+00:00,4042.68261,4042.81764,4042.64079,4042.6797
2026-08-01 07:10:00+00:00,4042.68246,4042.85945,4042.62074,4042.75959
2026-08-01 07:15:00+00:00,4042.67774,4042.84307,4042.66477,4042.73871
2026-08-01 07:20:00+00:00,4042.67807,4042.86044,4042.61945,4042.6569
2026-08-01 07:25:00+00:00,4042.67966,4042.82566,4042.63606,4042.73601
2026-08-01 07:30:00+00:00,4042.68249,4042.85014,4042.61191,4042.75422
2026-08-01 07:35:00+00:00,4042.66928,4042.84213,4042.64982,4042.7357
2026-08-01 07:40:00+00:00,4042.67966,4042.86214,4042.62104,4042.65447
2026-08-01 07:45:00+00:00,4042.67967,4042.83143,4042.63284,4042.73184
2026-08-01 07:50:00+00:00,4042.68264,4042.86116,4042.62397,4042.76916
2026-08-01 07:55:00+00:00,4042.68234,4042.85732,4042.65175,4042.73765
2026-08-01 08:00:00+00:00,4042.68428,4042.87431,4042.63006,4042.65925
2026-08-01 08:05:00+00:00,4042.68714,4042.85226,4042.63912,4042.73322
2026-08-01 08:10:00+00:00,4042.69061,4042.86,4042.62528,4042.77256
2026-08-01 08:15:00+00:00,4042.68397,4042.86085,4042.62892,4042.72765
2026-08-01 08:20:00+00:00,4042.66441,4042.86762,4042.63008,4042.65427
2026-08-01 08:25:00+00:00,4042.68328,4042.83119,4042.62753,4042.72045
2026-08-01 08:30:00+00:00,4042.68257,4042.85617,4042.6259,4042.77391
2026-08-01 08:35:00+00:00,4042.68396,4042.86354,4042.64118,4042.74839
2026-08-01 08:40:00+00:00,4042.68597,4042.86655,4042.63591,4042.65479
2026-08-01 08:45:00+00:00,4042.6846,4042.85448,4042.6253,4042.71884
2026-08-01 08:50:00+00:00,4042.68587,4042.85147,4042.62745,4042.77479
2026-08-01 08:55:00+00:00,4042.68395,4042.86531,4042.63629,4042.75341
2026-08-01 09:00:00+00:00,4042.68594,4042.86121,4042.6395,4042.65249
2026-08-01 09:05:00+00:00,4042.68264,4042.85574,4042.62234,4042.71147
2026-08-01 09:10:00+00:00,4042.68264,4042.84594,4042.62994,4042.7752
2026-08-01 09:15:00+00:00,4042.68395,4042.86613,4042.63226,4042.75828
2026-08-01 09:20:00+00:00,4042.68592,4042.86158,4042.64696,4042.65396
2026-08-01 09:25:00+00:00,4042.6846,4042.86253,4042.62365,4042.71834
2026-08-01 09:30:00+00:00,4042.68592,4042.87252,4042.64191,4042.80459
2026-08-01 09:35:00+00:00,4042.71729,4042.87261,4042.63096,4042.76652
2026-08-01 09:40:00+00:00,4042.69077,4042.86109,4042.65503,4042.65587
2026-08-01 09:45:00+00:00,4042.68656,4042.86843,4042.62583,4042.72215
2026-08-01 09:50:00+00:00,4042.68432,4042.83065,4042.63443,4042.77295
2026-08-01 09:55:00+00:00,4042.68264,4042.86326,4042.62361,4042.76542
2026-08-01 10:00:00+00:00,4042.68264,4042.85476,4042.65664,4042.65664
2026-08-01 10:05:00+00:00,4042.68623,4042.8735,4042.62574,4042.73531
2026-08-01 10:10:00+00:00,4042.69265,4042.83032,4042.64898,4042.77861
2026-08-01 10:15:00+00:00,4042.68854,4042.86803,4042.63221,4042.77679
2026-08-01 10:20:00+00:00,4042.69229,4042.85435,4042.66105,4042.66105
2026-08-01 10:25:00+00:00,4042.68981,4042.87429,4042.63293,4042.7405
2026-08-01 10:30:00+00:00,4042.69274,4042.82036,4042.65499,4042.77554
2026-08-01 10:35:00+00:00,4042.68661,4042.86354,4042.62691,4042.77557
2026-08-01 10:40:00+00:00,4042.6858,4042.84116,4042.65795,4042.65795
2026-08-01 10:45:00+00:00,4042.68458,4042.86764,4042.62755,4042.74555
2026-08-01 10:50:00+00:00,4042.69282,4042.8113,4042.66167,4042.77366
2026-08-01 10:55:00+00:00,4042.68664,4042.86826,4042.63239,4042.78437
2026-08-01 11:00:00+00:00,4042.69218,4042.84104,4042.66481,4042.66481
2026-08-01 11:05:00+00:00,4042.68977,4042.87318,4042.63035,4042.75034
2026-08-01 11:10:00+00:00,4042.69275,4042.80822,4042.66402,4042.77284
2026-08-01 11:15:00+00:00,4042.68947,4042.8653,4042.62744,4042.78244
2026-08-01 11:20:00+00:00,4042.68575,4042.82634,4042.66263,4042.66263
2026-08-01 11:25:00+00:00,4042.68456,4042.86455,4042.62401,4042.74871
2026-08-01 11:30:00+00:00,4042.68609,4042.81151,4042.67088,4042.76513
2026-08-01 11:35:00+00:00,4042.68401,4042.86613,4042.62991,4042.68152
2026-08-01 11:40:00+00:00,4042.68572,4042.82139,4042.66711,4042.66711
2026-08-01 11:45:00+00:00,4042.68644,4042.86734,4042.62528,4042.75793
2026-08-01 11:50:00+00:00,4042.69141,4042.82504,4042.67775,4042.76355
2026-08-01 11:55:00+00:00,4042.68617,4042.86437,4042.62746,4042.67556
2026-08-01 12:00:00+00:00,4042.68407,4042.80886,4042.6673,4042.6673
2026-08-01 12:05:00+00:00,4042.68314,4042.86519,4042.62423,4042.75721
2026-08-01 12:10:00+00:00,4042.68613,4042.82851,4042.68306,4042.75845
2026-08-01 12:15:00+00:00,4042.68404,4042.86496,4042.62692,4042.67332
2026-08-01 12:20:00+00:00,4042.68568,4042.80451,4042.66073,4042.67243
2026-08-01 12:25:00+00:00,4042.68519,4042.87344,4042.62888,4042.7674
2026-08-01 12:30:00+00:00,4042.69317,4042.84235,4042.68358,4042.75815
2026-08-01 12:35:00+00:00,4042.68689,4042.86642,4042.62729,4042.67134
2026-08-01 12:40:00+00:00,4042.68704,4042.80967,4042.6535,4042.67644
2026-08-01 12:45:00+00:00,4042.6851,4042.87103,4042.62974,4042.76764
2026-08-01 12:50:00+00:00,4042.6897,4042.8461,4042.67766,4042.75383
2026-08-01 12:55:00+00:00,4042.68735,4042.86231,4042.62855,4042.66978
2026-08-01 13:00:00+00:00,4042.68864,4042.81963,4042.65201,4042.68238
2026-08-01 13:05:00+00:00,4042.68646,4042.87256,4042.62936,4042.77234
2026-08-01 13:10:00+00:00,4042.69164,4042.85387,4042.66927,4042.74774
2026-08-01 13:15:00+00:00,4042.68557,4042.86501,4042.63076,4042.66854
2026-08-01 13:20:00+00:00,4042.68996,4042.82789,4042.64627,4042.68562
2026-08-01 13:25:00+00:00,4042.68639,4042.86655,4042.62533,4042.77015
2026-08-01 13:30:00+00:00,4042.6862,4042.85276,4042.65749,4042.74115
2026-08-01 13:35:00+00:00,4042.68428,4042.86529,4042.62742,4042.66114
2026-08-01 13:40:00+00:00,4042.68562,4042.83428,4042.63636,4042.7347
2026-08-01 13:45:00+00:00,4042.68441,4042.86457,4042.62401,4042.77239
2026-08-01 13:50:00+00:00,4042.68621,4042.85887,4042.65202,4042.73864
2026-08-01 13:55:00+00:00,4042.68416,4042.86613,4042.62989,4042.65912
2026-08-01 14:00:00+00:00,4042.6856,4042.84257,4042.63559,4042.73296
2026-08-01 14:05:00+00:00,4042.68765,4042.86497,4042.62527,4042.77743
2026-08-01 14:10:00+00:00,4042.68981,4042.86078,4042.64375,4042.74557
2026-08-01 14:15:00+00:00,4042.68228,4042.87259,4042.6381,4042.66255
2026-08-01 14:20:00+00:00,4042.69082,4042.85026,4042.63428,4042.72504
2026-08-01 14:25:00+00:00,4042.68591,4042.85283,4042.62101,4042.77068
2026-08-01 14:30:00+00:00,4042.68101,4042.86198,4042.63792,4042.74806
2026-08-01 14:35:00+00:00,4042.68082,4042.865,4042.63917,4042.65806
2026-08-01 14:40:00+00:00,4042.6869,4042.85256,4042.62857,4042.7203
2026-08-01 14:45:00+00:00,4042.68437,4042.85475,4042.6257,4042.77806
2026-08-01 14:50:00+00:00,4042.6882,4042.86694,4042.63483,4042.75351
2026-08-01 14:55:00+00:00,4042.68258,4042.86299,4042.64266,4042.65577
2026-08-01 15:00:00+00:00,4042.68559,4042.85715,4042.62564,4042.71432
2026-08-01 15:05:00+00:00,4042.6843,4042.84432,4042.62503,4042.77358
2026-08-01 15:10:00+00:00,4042.68297,4042.86451,4042.62737,4042.75619
2026-08-01 15:15:00+00:00,4042.68264,4042.85493,4042.6424,4042.64906
2026-08-01 15:20:00+00:00,4042.67937,4042.85925,4042.62202,4042.71353
2026-08-01 15:25:00+00:00,4042.68101,4042.83436,4042.62693,4042.77023
2026-08-01 15:30:00+00:00,4042.67937,4042.86108,4042.6225,4042.75932
2026-08-01 15:35:00+00:00,4042.68101,4042.85277,4042.65064,4042.65101
2026-08-01 15:40:00+00:00,4042.68101,4042.86034,4042.62101,4042.71877
2026-08-01 15:45:00+00:00,4042.68097,4042.8308,4042.6327,4042.77295
2026-08-01 15:50:00+00:00,4042.68297,4042.86163,4042.62198,4042.76378
2026-08-01 15:55:00+00:00,4042.68101,4042.84804,4042.65179,4042.65179
2026-08-01 16:00:00+00:00,4042.68101,4042.86205,4042.62421,4042.72415
2026-08-01 16:05:00+00:00,4042.68101,4042.81948,4042.6364,4042.76864
2026-08-01 16:10:00+00:00,4042.67937,4042.85791,4042.61906,4042.76642
2026-08-01 16:15:00+00:00,4042.67937,4042.84608,4042.65789,4042.65789
2026-08-01 16:20:00+00:00,4042.6856,4042.86613,4042.62987,4042.73232
2026-08-01 16:25:00+00:00,4042.68418,4042.81451,4042.64541,4042.77049
2026-08-01 16:30:00+00:00,4042.68264,4042.8593,4042.62038,4042.77299
2026-08-01 16:35:00+00:00,4042.68112,4042.8379,4042.65634,4042.65634
2026-08-01 16:40:00+00:00,4042.68264,4042.86274,4042.62419,4042.73429
2026-08-01 16:45:00+00:00,4042.68089,4042.80557,4042.65211,4042.76857
2026-08-01 16:50:00+00:00,4042.68264,4042.86033,4042.62098,4042.77501
2026-08-01 16:55:00+00:00,4042.67951,4042.83084,4042.65848,4042.65848
2026-08-01 17:00:00+00:00,4042.68264,4042.86333,4042.62365,4042.73924
2026-08-01 17:05:00+00:00,4042.68101,4042.79747,4042.65953,4042.76622
2026-08-01 17:10:00+00:00,4042.68264,4042.86529,4042.62572,4042.68269
2026-08-01 17:15:00+00:00,4042.68264,4042.82502,4042.66426,4042.66426
2026-08-01 17:20:00+00:00,4042.68563,4042.86133,4042.62236,4042.7438
2026-08-01 17:25:00+00:00,4042.68083,4042.80822,4042.66612,4042.76176
2026-08-01 17:30:00+00:00,4042.68101,4042.8645,4042.62664,4042.67826
2026-08-01 17:35:00+00:00,4042.68264,4042.81292,4042.66244,4042.66244
2026-08-01 17:40:00+00:00,4042.68101,4042.85765,4042.62038,4042.74819
2026-08-01 17:45:00+00:00,4042.68081,4042.81701,4042.67479,4042.75859
2026-08-01 17:50:00+00:00,4042.68101,4042.86436,4042.62425,4042.67237
2026-08-01 17:55:00+00:00,4042.68122,4042.80414,4042.66374,4042.66743
2026-08-01 18:00:00+00:00,4042.6824,4042.85873,4042.61936,4042.75081
2026-08-01 18:05:00+00:00,4042.67937,4042.82225,4042.67926,4042.75669
2026-08-01 18:10:00+00:00,4042.68288,4042.86164,4042.62199,4042.66835
2026-08-01 18:15:00+00:00,4042.68101,4042.79743,4042.6557,4042.66951
2026-08-01 18:20:00+00:00,4042.68101,4042.86207,4042.62256,4042.75615
2026-08-01 18:25:00+00:00,4042.68101,4042.8313,4042.68101,4042.75117
2026-08-01 18:30:00+00:00,4042.68101,4042.85961,4042.62071,4042.66474
2026-08-01 18:35:00+00:00,4042.68101,4042.80672,4042.64848,4042.67674
2026-08-01 18:40:00+00:00,4042.68407,4042.86124,4042.62341,4042.75801
2026-08-01 18:45:00+00:00,4042.67937,4042.83664,4042.67033,4042.74526
2026-08-01 18:50:00+00:00,4042.67937,4042.85927,4042.62038,4042.66156
2026-08-01 18:55:00+00:00,4042.68128,4042.81698,4042.64374,4042.67943
2026-08-01 19:00:00+00:00,4042.68264,4042.86438,4042.6259,4042.76422
2026-08-01 19:05:00+00:00,4042.68264,4042.84416,4042.66199,4042.74079
2026-08-01 19:10:00+00:00,4042.67937,4042.85872,4042.61938,4042.65696
2026-08-01 19:15:00+00:00,4042.67937,4042.82222,4042.63455,4042.73379
2026-08-01 19:20:00+00:00,4042.67937,4042.86165,4042.62363,4042.76524
2026-08-01 19:25:00+00:00,4042.68072,4042.84948,4042.65736,4042.73943
2026-08-01 19:30:00+00:00,4042.68279,4042.86045,4042.62095,4042.65452
2026-08-01 19:35:00+00:00,4042.67937,4042.82977,4042.62967,4042.72789
2026-08-01 19:40:00+00:00,4042.67787,4042.85794,4042.61907,4042.76592
2026-08-01 19:45:00+00:00,4042.67937,4042.85248,4042.64511,4042.7359
2026-08-01 19:50:00+00:00,4042.68264,4042.86613,4042.62656,4042.65589
2026-08-01 19:55:00+00:00,4042.68295,4042.84128,4042.62913,4042.72754
2026-08-01 20:00:00+00:00,4042.68417,4042.85844,4042.62365,4042.77089
2026-08-01 20:05:00+00:00,4042.68233,4042.85914,4042.6454,4042.74152
2026-08-01 20:10:00+00:00,4042.68437,4042.86109,4042.62687,4042.65096
2026-08-01 20:15:00+00:00,4042.67937,4042.84271,4042.62254,4042.71823
2026-08-01 20:20:00+00:00,4042.67937,4042.85284,4042.62099,4042.77065
2026-08-01 20:25:00+00:00,4042.68101,4042.8603,4042.63793,4042.74312
2026-08-01 20:30:00+00:00,4042.67937,4042.85999,4042.63117,4042.64986
2026-08-01 20:35:00+00:00,4042.67937,4042.84801,4042.62034,4042.71316
2026-08-01 20:40:00+00:00,4042.67937,4042.8464,4042.62094,4042.76991
2026-08-01 20:45:00+00:00,4042.67937,4042.86045,4042.62969,4042.74814
2026-08-01 20:50:00+00:00,4042.67937,4042.85959,4042.63631,4042.64923
2026-08-01 20:55:00+00:00,4042.6797,4042.85402,4042.62072,4042.70995
2026-08-01 21:00:00+00:00,4042.68101,4042.84618,4042.62655,4042.7752
2026-08-01 21:05:00+00:00,4042.6846,4042.8645,4042.62908,4042.75699
2026-08-01 21:10:00+00:00,4042.68592,4042.86172,4042.6467,4042.65396
2026-08-01 21:15:00+00:00,4042.6846,4042.85913,4042.62364,4042.71189
2026-08-01 21:20:00+00:00,4042.67937,4042.83638,4042.62678,4042.77187
2026-08-01 21:25:00+00:00,4042.68134,4042.86109,4042.62255,4042.75767
2026-08-01 21:30:00+00:00,4042.67937,4042.85114,4042.64899,4042.64937
2026-08-01 21:35:00+00:00,4042.67937,4042.8587,4042.61937,4042.71723
2026-08-01 21:40:00+00:00,4042.67937,4042.82741,4042.63115,4042.76968
2026-08-01 21:45:00+00:00,4042.67937,4042.86,4042.62034,4042.76213
2026-08-01 21:50:00+00:00,4042.67937,4042.84642,4042.65016,4042.65016
2026-08-01 21:55:00+00:00,4042.67937,4042.86044,4042.62094,4042.72251
2026-08-01 22:00:00+00:00,4042.67937,4042.81965,4042.63629,4042.76867
2026-08-01 22:05:00+00:00,4042.67937,4042.85796,4042.61907,4042.76634
2026-08-01 22:10:00+00:00,4042.67937,4042.84086,4042.6514,4042.6514
2026-08-01 22:15:00+00:00,4042.67937,4042.86124,4042.62343,4042.72769
2026-08-01 22:20:00+00:00,4042.67937,4042.81126,4042.64224,4042.76719
2026-08-01 22:25:00+00:00,4042.67937,4042.85602,4042.61875,4042.77025
2026-08-01 22:30:00+00:00,4042.67937,4042.83452,4042.65311,4042.65311
2026-08-01 22:35:00+00:00,4042.67937,4042.86109,4042.62256,4042.73273
2026-08-01 22:40:00+00:00,4042.67937,4042.80232,4042.64896,4042.76527
2026-08-01 22:45:00+00:00,4042.67937,4042.85869,4042.61937,4042.77385
2026-08-01 22:50:00+00:00,4042.67937,4042.82744,4042.65525,4042.65525
2026-08-01 22:55:00+00:00,4042.67937,4042.86,4042.62035,4042.73759
2026-08-01 23:00:00+00:00,4042.67937,4042.79582,4042.65639,4042.76291
2026-08-01 23:05:00+00:00,4042.67937,4042.86044,4042.62093,4042.7771
2026-08-01 23:10:00+00:00,4042.67937,4042.81968,4042.65782,4042.65782
2026-08-01 23:15:00+00:00,4042.67937,4042.85797,4042.61908,4042.74224
2026-08-01 23:20:00+00:00,4042.67937,4042.8051,4042.66447,4042.76013
2026-08-01 23:25:00+00:00,4042.67937,4042.86124,4042.62342,4042.67492
2026-08-01 23:30:00+00:00,4042.67937,4042.8113,4042.6608,4042.6608
2026-08-01 23:35:00+00:00,4042.67937,4042.85601,4042.61875,4042.74663
2026-08-01 23:40:00+00:00,4042.67937,4042.81388,4042.67314,4042.75696
2026-08-01 23:45:00+00:00,4042.67937,4042.8611,4042.62257,4042.67067
2026-08-01 23:50:00+00:00,4042.67937,4042.80236,4042.66197,4042.66415
2026-08-01 23:55:00+00:00,4042.67937,4042.85868,4042.61936,4042.75073
2026-08-02 00:00:00+00:00,4042.67937,4042.82209,4042.67937,4042.75342
2026-08-02 00:05:00+00:00,4042.67937,4042.86001,4042.62036,4042.66673
2026-08-02 00:10:00+00:00,4042.67937,4042.79578,4042.65408,4042.66786
2026-08-02 00:15:00+00:00,4042.67937,4042.86043,4042.62092,4042.75451
2026-08-02 00:20:00+00:00,4042.67937,4042.82965,4042.67937,4042.74954
2026-08-02 00:25:00+00:00,4042.67937,4042.85798,4042.61908,4042.66312
2026-08-02 00:30:00+00:00,4042.67937,4042.80507,4042.64686,4042.6719
2026-08-02 00:35:00+00:00,4042.67937,4042.86124,4042.62341,4042.75794
2026-08-02 00:40:00+00:00,4042.67937,4042.83651,4042.67051,4042.74535
2026-08-02 00:45:00+00:00,4042.67937,4042.85599,4042.61874,4042.65987
2026-08-02 00:50:00+00:00,4042.67937,4042.81385,4042.64037,4042.67624
2026-08-02 00:55:00+00:00,4042.67937,4042.8611,4042.62258,4042.761
2026-08-02 01:00:00+00:00,4042.67937,4042.84262,4042.662,4042.74088
2026-08-02 01:05:00+00:00,4042.67937,4042.85867,4042.61936,4042.65701
2026-08-02 01:10:00+00:00,4042.67937,4042.82205,4042.63465,4042.7339
2026-08-02 01:15:00+00:00,4042.67937,4042.86002,4042.62037,4042.76365
2026-08-02 01:20:00+00:00,4042.67937,4042.84793,4042.65411,4042.73617
2026-08-02 01:25:00+00:00,4042.67937,4042.86042,4042.62091,4042.65457
2026-08-02 01:30:00+00:00,4042.67937,4042.82962,4042.62976,4042.72869
2026-08-02 01:35:00+00:00,4042.67937,4042.85799,4042.61908,4042.76588
2026-08-02 01:40:00+00:00,4042.67937,4042.85239,4042.64689,4042.73271
2026-08-02 01:45:00+00:00,4042.67937,4042.86124,4042.6234,4042.65255
2026-08-02 01:50:00+00:00,4042.67937,4042.83649,4042.62573,4042.72349
2026-08-02 01:55:00+00:00,4042.67937,4042.85505,4042.61874,4042.76768
2026-08-02 02:00:00+00:00,4042.67937,4042.85598,4042.64039,4042.7379
2026-08-02 02:05:00+00:00,4042.67937,4042.8611,4042.62679,4042.65098
2026-08-02 02:10:00+00:00,4042.67937,4042.8426,4042.62259,4042.71834
2026-08-02 02:15:00+00:00,4042.67937,4042.85121,4042.61935,4042.76902
2026-08-02 02:20:00+00:00,4042.67937,4042.85866,4042.63468,4042.74302
2026-08-02 02:25:00+00:00,4042.67937,4042.86002,4042.63107,4042.64987
2026-08-02 02:30:00+00:00,4042.67937,4042.84791,4042.62037,4042.71326
2026-08-02 02:35:00+00:00,4042.67937,4042.8465,4042.6209,4042.7699
2026-08-02 02:40:00+00:00,4042.67937,4042.86042,4042.62978,4042.74803
2026-08-02 02:45:00+00:00,4042.67937,4042.858,4042.6362,4042.64923
2026-08-02 02:50:00+00:00,4042.67937,4042.85238,4042.61909,4042.70832
2026-08-02 02:55:00+00:00,4042.67937,4042.84096,4042.62338,4042.7703
2026-08-02 03:00:00+00:00,4042.67937,4042.86124,4042.62575,4042.7529
2026-08-02 03:05:00+00:00,4042.67937,4042.85507,4042.64214,4042.64906
2026-08-02 03:10:00+00:00,4042.67937,4042.85597,4042.61874,4042.71178
2026-08-02 03:15:00+00:00,4042.67937,4042.83463,4042.62677,4042.77024
2026-08-02 03:20:00+00:00,4042.67937,4042.8611,4042.62261,4042.75758
2026-08-02 03:25:00+00:00,4042.67937,4042.85123,4042.64884,4042.64936
2026-08-02 03:30:00+00:00,4042.67937,4042.85865,4042.61935,4042.71712
2026-08-02 03:35:00+00:00,4042.67937,4042.82757,4042.63105,4042.7697
2026-08-02 03:40:00+00:00,4042.67937,4042.86003,4042.62038,4042.76205
2026-08-02 03:45:00+00:00,4042.67937,4042.84652,4042.65013,4042.65013
2026-08-02 03:50:00+00:00,4042.67937,4042.86041,4042.62089,4042.7224
2026-08-02 03:55:00+00:00,4042.67937,4042.81981,4042.63618,4042.76869
2026-08-02 04:00:00+00:00,4042.67937,4042.85801,4042.61909,4042.76626
2026-08-02 04:05:00+00:00,4042.67937,4042.84099,4042.65137,4042.65137
2026-08-02 04:10:00+00:00,4042.67937,4042.86123,4042.62337,4042.72759
2026-08-02 04:15:00+00:00,4042.67937,4042.81144,4042.64211,4042.76723
2026-08-02 04:20:00+00:00,4042.67937,4042.85596,4042.61874,4042.77017
2026-08-02 04:25:00+00:00,4042.67937,4042.83466,4042.65307,4042.65307
2026-08-02 04:30:00+00:00,4042.67937,4042.86111,4042.62262,4042.73263
2026-08-02 04:35:00+00:00,4042.67937,4042.80251,4042.64881,4042.76531
2026-08-02 04:40:00+00:00,4042.67937,4042.85865,4042.61934,4042.77378
2026-08-02 04:45:00+00:00,4042.67937,4042.8276,4042.6552,4042.6552
2026-08-02 04:50:00+00:00,4042.67937,4042.86003,4042.62039,4042.7375
2026-08-02 04:55:00+00:00,4042.67937,4042.79562,4042.65623,4042.76296
2026-08-02 05:00:00+00:00,4042.67937,4042.86041,4042.62089,4042.77703
2026-08-02 05:05:00+00:00,4042.67937,4042.81985,4042.65776,4042.65776
2026-08-02 05:10:00+00:00,4042.67937,4042.85802,4042.61909,4042.74215
2026-08-02 05:15:00+00:00,4042.67937,4042.80492,4042.6643,4042.76019
2026-08-02 05:20:00+00:00,4042.67937,4042.86123,4042.62336,4042.67501
2026-08-02 05:25:00+00:00,4042.67937,4042.81148,4042.66073,4042.66073
2026-08-02 05:30:00+00:00,4042.67937,4042.85594,4042.61874,4042.74654
2026-08-02 05:35:00+00:00,4042.67937,4042.81371,4042.67295,4042.75703
2026-08-02 05:40:00+00:00,4042.67937,4042.86111,4042.62263,4042.67076
2026-08-02 05:45:00+00:00,4042.67937,4042.80255,4042.66214,4042.66408
2026-08-02 05:50:00+00:00,4042.67937,4042.85864,4042.61934,4042.75065
2026-08-02 05:55:00+00:00,4042.67937,4042.82193,4042.67937,4042.7535
2026-08-02 06:00:00+00:00,4042.67937,4042.86004,4042.62039,4042.6668
2026-08-02 06:05:00+00:00,4042.67937,4042.79558,4042.65423,4042.66779
2026-08-02 06:10:00+00:00,4042.67937,4042.8604,4042.62088,4042.75444
2026-08-02 06:15:00+00:00,4042.67937,4042.8295,4042.67937,4042.74963
2026-08-02 06:20:00+00:00,4042.67937,4042.85803,4042.6191,4042.66319
2026-08-02 06:25:00+00:00,4042.67937,4042.80488,4042.647,4042.67182
2026-08-02 06:30:00+00:00,4042.67937,4042.86123,4042.62335,4042.75788
2026-08-02 06:35:00+00:00,4042.67937,4042.83638,4042.67068,4042.74544
2026-08-02 06:40:00+00:00,4042.67937,4042.85593,4042.61874,4042.65993
2026-08-02 06:45:00+00:00,4042.67937,4042.81367,4042.64049,4042.67615
2026-08-02 06:50:00+00:00,4042.67937,4042.86111,4042.62264,4042.76094
2026-08-02 06:55:00+00:00,4042.67937,4042.8425,4042.66217,4042.74098
2026-08-02 07:00:00+00:00,4042.67937,4042.85863,4042.61933,4042.65707
2026-08-02 07:05:00+00:00,4042.67937,4042.82189,4042.63476,4042.73401
2026-08-02 07:10:00+00:00,4042.67937,4042.86005,4042.6204,4042.7636
2026-08-02 07:15:00+00:00,4042.67937,4042.84783,4042.65426,4042.73627
2026-08-02 07:20:00+00:00,4042.67937,4042.8604,4042.62087,4042.65461
2026-08-02 07:25:00+00:00,4042.67937,4042.82947,4042.62985,4042.7288
2026-08-02 07:30:00+00:00,4042.67937,4042.85804,4042.6191,4042.76584
2026-08-02 07:35:00+00:00,4042.67937,4042.85231,4042.64703,4042.73261
2026-08-02 07:40:00+00:00,4042.67937,4042.86123,4042.62334,4042.65259
2026-08-02 07:45:00+00:00,4042.67937,4042.83635,4042.62581,4042.7236
2026-08-02 07:50:00+00:00,4042.67937,4042.85512,4042.61874,4042.76765
2026-08-02 07:55:00+00:00,4042.67937,4042.85592,4042.64052,4042.73779
2026-08-02 08:00:00+00:00,4042.67937,4042.86111,4042.62671,4042.65101
2026-08-02 08:05:00+00:00,4042.67937,4042.84248,4042.62265,4042.71844
2026-08-02 08:10:00+00:00,4042.67937,4042.8513,4042.61933,4042.769
2026-08-02 08:15:00+00:00,4042.67937,4042.85862,4042.63478,4042.74292
2026-08-02 08:20:00+00:00,4042.67937,4042.86005,4042.63097,4042.64989
2026-08-02 08:25:00+00:00,4042.67937,4042.84781,4042.62041,4042.71337
2026-08-02 08:30:00+00:00,4042.67937,4042.84661,4042.62086,4042.76988
2026-08-02 08:35:00+00:00,4042.67937,4042.86039,4042.62987,4042.74793
2026-08-02 08:40:00+00:00,4042.67937,4042.85805,4042.63609,4042.64924
2026-08-02 08:45:00+00:00,4042.67937,4042.85229,4042.6191,4042.70842
2026-08-02 08:50:00+00:00,4042.67937,4042.84108,4042.62332,4042.7703
2026-08-02 08:55:00+00:00,4042.67937,4042.86123,4042.62582,4042.7528
2026-08-02 09:00:00+00:00,4042.67937,4042.85513,4042.64201,4042.64906
2026-08-02 09:05:00+00:00,4042.67937,4042.8559,4042.61874,4042.71167
2026-08-02 09:10:00+00:00,4042.67937,4042.83477,4042.6267,4042.77024
2026-08-02 09:15:00+00:00,4042.67937,4042.86112,4042.62266,4042.75749
2026-08-02 09:20:00+00:00,4042.67937,4042.85132,4042.6487,4042.64935
2026-08-02 09:25:00+00:00,4042.67937,4042.85861,4042.61933,4042.71701
2026-08-02 09:30:00+00:00,4042.67937,4042.82772,4042.63095,4042.76972
2026-08-02 09:35:00+00:00,4042.67937,4042.86006,4042.62042,4042.76195
2026-08-02 09:40:00+00:00,4042.67937,4042.84663,4042.65011,4042.65011
2026-08-02 09:45:00+00:00,4042.67937,4042.86039,4042.62085,4042.72229
2026-08-02 09:50:00+00:00,4042.67937,4042.81998,4042.63606,4042.76872
2026-08-02 09:55:00+00:00,4042.67937,4042.85806,4042.61911,4042.76617
2026-08-02 10:00:00+00:00,4042.67937,4042.84111,4042.65134,4042.65134
2026-08-02 10:05:00+00:00,4042.67937,4042.86123,4042.62331,4042.72748
2026-08-02 10:10:00+00:00,4042.67937,4042.81162,4042.64198,4042.76726
2026-08-02 10:15:00+00:00,4042.67937,4042.85589,4042.61874,4042.7701
2026-08-02 10:20:00+00:00,4042.67937,4042.8348,4042.65303,4042.65303
2026-08-02 10:25:00+00:00,4042.67937,4042.86112,4042.62267,4042.73253
2026-08-02 10:30:00+00:00,4042.67937,4042.8027,4042.64867,4042.76535
2026-08-02 10:35:00+00:00,4042.67937,4042.8586,4042.61932,4042.77371
2026-08-02 10:40:00+00:00,4042.67937,4042.82775,4042.65515,4042.65515
2026-08-02 10:45:00+00:00,4042.67937,4042.86007,4042.62042,4042.7374
2026-08-02 10:50:00+00:00,4042.67937,4042.79543,4042.65607,4042.76301
2026-08-02 10:55:00+00:00,4042.67937,4042.86038,4042.62085,4042.77697
2026-08-02 11:00:00+00:00,4042.67937,4042.82001,4042.65771,4042.65771
2026-08-02 11:05:00+00:00,4042.67937,4042.85807,4042.61911,4042.74205
2026-08-02 11:10:00+00:00,4042.67937,4042.80473,4042.66412,4042.76025
2026-08-02 11:15:00+00:00,4042.67937,4042.86123,4042.6233,4042.6751
2026-08-02 11:20:00+00:00,4042.67937,4042.81165,4042.66067,4042.66067
2026-08-02 11:25:00+00:00,4042.67937,4042.85588,4042.61874,4042.74645
2026-08-02 11:30:00+00:00,4042.67937,4042.81354,4042.67277,4042.7571
2026-08-02 11:35:00+00:00,4042.67937,4042.86112,4042.62268,4042.67084
2026-08-02 11:40:00+00:00,4042.67937,4042.80273,4042.66231,4042.66401
2026-08-02 11:45:00+00:00,4042.67937,4042.85859,4042.61932,4042.75057
2026-08-02 11:50:00+00:00,4042.67937,4042.82176,4042.67937,4042.75358
2026-08-02 11:55:00+00:00,4042.67937,4042.86007,4042.62043,4042.66688
2026-08-02 12:00:00+00:00,4042.67937,4042.79539,4042.65439,4042.66771
2026-08-02 12:05:00+00:00,4042.67937,4042.86038,4042.62084,4042.75436
2026-08-02 12:10:00+00:00,4042.67937,4042.82935,4042.67937,4042.74971
2026-08-02 12:15:00+00:00,4042.67937,4042.85808,4042.61911,4042.66326
2026-08-02 12:20:00+00:00,4042.67937,4042.8047,4042.64714,4042.67173
2026-08-02 12:25:00+00:00,4042.67937,4042.86122,4042.62329,4042.75781
2026-08-02 12:30:00+00:00,4042.67937,4042.83625,4042.67087,4042.74553
2026-08-02 12:35:00+00:00,4042.67937,4042.85587,4042.61874,4042.66
2026-08-02 12:40:00+00:00,4042.67937,4042.8135,4042.64062,4042.67606
2026-08-02 12:45:00+00:00,4042.67937,4042.86112,4042.62269,4042.76088
2026-08-02 12:50:00+00:00,4042.67937,4042.84239,4042.66234,4042.74107
2026-08-02 12:55:00+00:00,4042.67937,4042.85858,4042.61931,4042.65712
2026-08-02 13:00:00+00:00,4042.67937,4042.82173,4042.63487,4042.73412
2026-08-02 13:05:00+00:00,4042.67937,4042.86008,4042.62044,4042.76355
2026-08-02 13:10:00+00:00,4042.67937,4042.84773,4042.65442,4042.73637
2026-08-02 13:15:00+00:00,4042.67937,4042.86037,4042.62083,4042.65466
2026-08-02 13:20:00+00:00,4042.67937,4042.82932,4042.62995,4042.72891
2026-08-02 13:25:00+00:00,4042.67937,4042.85809,4042.61912,4042.7658
2026-08-02 13:30:00+00:00,4042.67937,4042.85223,4042.64717,4042.73251
2026-08-02 13:35:00+00:00,4042.67937,4042.86122,4042.62328,4042.65263
2026-08-02 13:40:00+00:00,4042.67937,4042.83622,4042.62588,4042.7237
2026-08-02 13:45:00+00:00,4042.67937,4042.85519,4042.61874,4042.76761
2026-08-02 13:50:00+00:00,4042.67937,4042.85585,4042.64064,4042.73769
2026-08-02 13:55:00+00:00,4042.67937,4042.86113,4042.62663,4042.65104
2026-08-02 14:00:00+00:00,4042.67937,4042.84236,4042.6227,4042.71855
2026-08-02 14:05:00+00:00,4042.67937,4042.85139,4042.61931,4042.76897
2026-08-02 14:10:00+00:00,4042.67937,4042.85857,4042.63489,4042.74281
2026-08-02 14:15:00+00:00,4042.67937,4042.86008,4042.63088,4042.64991
2026-08-02 14:20:00+00:00,4042.67937,4042.84771,4042.62045,4042.71347
2026-08-02 14:25:00+00:00,4042.67937,4042.84671,4042.62082,4042.76987
2026-08-02 14:30:00+00:00,4042.67937,4042.86037,4042.62996,4042.74783
2026-08-02 14:35:00+00:00,4042.67937,4042.8581,4042.63597,4042.64925
2026-08-02 14:40:00+00:00,4042.67937,4042.85221,4042.61912,4042.70852
2026-08-02 14:45:00+00:00,4042.67937,4042.8412,4042.62326,4042.7703
2026-08-02 14:50:00+00:00,4042.67937,4042.86122,4042.62589,4042.7527
2026-08-02 14:55:00+00:00,4042.67937,4042.8552,4042.64188,4042.64906
2026-08-02 15:00:00+00:00,4042.67937,4042.85584,4042.61874,4042.71156
2026-08-02 15:05:00+00:00,4042.67937,4042.83491,4042.62662,4042.77025
2026-08-02 15:10:00+00:00,4042.67937,4042.86113,4042.62272,4042.75739
2026-08-02 15:15:00+00:00,4042.67937,4042.8514,4042.64855,4042.64934
2026-08-02 15:20:00+00:00,4042.67937,4042.85856,4042.6193,4042.7169
2026-08-02 15:25:00+00:00,4042.67937,4042.82787,4042.63086,4042.76973
2026-08-02 15:30:00+00:00,4042.67937,4042.86009,4042.62045,4042.76187
2026-08-02 15:35:00+00:00,4042.67937,4042.84673,4042.65009,4042.65009
2026-08-02 15:40:00+00:00,4042.67937,4042.86036,4042.62081,4042.72219
2026-08-02 15:45:00+00:00,4042.67937,4042.82014,4042.63595,4042.76874
2026-08-02 15:50:00+00:00,4042.67937,4042.85811,4042.61912,4042.76608
2026-08-02 15:55:00+00:00,4042.67937,4042.84123,4042.65131,4042.65131
2026-08-02 16:00:00+00:00,4042.67937,4042.86122,4042.62325,4042.72738
2026-08-02 16:05:00+00:00,4042.67937,4042.81179,4042.64185,4042.7673
2026-08-02 16:10:00+00:00,4042.67937,4042.85583,4042.61874,4042.77002
2026-08-02 16:15:00+00:00,4042.67937,4042.83493,4042.65299,4042.65299
2026-08-02 16:20:00+00:00,4042.67937,4042.86113,4042.62273,4042.73243
2026-08-02 16:25:00+00:00,4042.67937,4042.80288,4042.64853,4042.7654
2026-08-02 16:30:00+00:00,4042.67937,4042.85855,4042.6193,4042.77363
2026-08-02 16:35:00+00:00,4042.67937,4042.8279,4042.65511,4042.65511
2026-08-02 16:40:00+00:00,4042.67937,4042.8601,4042.62046,4042.7373
2026-08-02 16:45:00+00:00,4042.67937,4042.79523,4042.65591,4042.76306
2026-08-02 16:50:00+00:00,4042.67937,4042.86036,4042.6208,4042.7769
2026-08-02 16:55:00+00:00,4042.67937,4042.82018,4042.65765,4042.65765
2026-08-02 17:00:00+00:00,4042.67937,4042.85812,4042.61913,4042.74196
2026-08-02 17:05:00+00:00,4042.67937,4042.80455,4042.66395,4042.76031
2026-08-02 17:10:00+00:00,4042.67937,4042.86122,4042.62324,4042.67519
2026-08-02 17:15:00+00:00,4042.67937,4042.81183,4042.6606,4042.6606
2026-08-02 17:20:00+00:00,4042.67937,4042.85581,4042.61874,4042.74637
2026-08-02 17:25:00+00:00,4042.67937,4042.81336,4042.67259,4042.75717
2026-08-02 17:30:00+00:00,4042.67937,4042.86113,4042.62274,4042.67092
2026-08-02 17:35:00+00:00,4042.67937,4042.80292,4042.66247,4042.66394
2026-08-02 17:40:00+00:00,4042.67937,4042.85854,4042.6193,4042.75049
2026-08-02 17:45:00+00:00,4042.67937,4042.8216,4042.67937,4042.75365
2026-08-02 17:50:00+00:00,4042.67937,4042.8601,4042.62047,4042.66696
2026-08-02 17:55:00+00:00,4042.67937,4042.79519,4042.65454,4042.66763
2026-08-02 18:00:00+00:00,4042.67937,4042.86035,4042.6208,4042.75429
2026-08-02 18:05:00+00:00,4042.67937,4042.8292,4042.67937,4042.74979
2026-08-02 18:10:00+00:00,4042.67937,4042.85813,4042.61913,4042.66333
2026-08-02 18:15:00+00:00,4042.67937,4042.80451,4042.64728,4042.67165
2026-08-02 18:20:00+00:00,4042.67937,4042.86122,4042.62323,4042.75774
2026-08-02 18:25:00+00:00,4042.67937,4042.83611,4042.67105,4042.74562
2026-08-02 18:30:00+00:00,4042.67937,4042.8558,4042.61874,4042.66006
2026-08-02 18:35:00+00:00,4042.67937,4042.81333,4042.64074,4042.67596
2026-08-02 18:40:00+00:00,4042.67937,4042.86114,4042.62275,4042.76082
2026-08-02 18:45:00+00:00,4042.67937,4042.84227,4042.66251,4042.74117
2026-08-02 18:50:00+00:00,4042.67937,4042.85854,4042.61929,4042.65718
2026-08-02 18:55:00+00:00,4042.67937,4042.82157,4042.63498,4042.73422
2026-08-02 19:00:00+00:00,4042.67937,4042.86011,4042.62048,4042.7635
2026-08-02 19:05:00+00:00,4042.67937,4042.84763,4042.65458,4042.73647
2026-08-02 19:10:00+00:00,4042.67937,4042.86034,4042.62079,4042.65471
2026-08-02 19:15:00+00:00,4042.67937,4042.82918,4042.63004,4042.72902
2026-08-02 19:20:00+00:00,4042.67937,4042.85814,4042.61913,4042.76576
2026-08-02 19:25:00+00:00,4042.67937,4042.85214,4042.64731,4042.7324
2026-08-02 19:30:00+00:00,4042.67937,4042.86121,4042.62322,4042.65266
2026-08-02 19:35:00+00:00,4042.67937,4042.83609,4042.62595,4042.72381
2026-08-02 19:40:00+00:00,4042.67937,4042.85526,4042.61874,4042.76758
2026-08-02 19:45:00+00:00,4042.67937,4042.85579,4042.64077,4042.73758
2026-08-02 19:50:00+00:00,4042.67937,4042.86114,4042.62656,4042.65107
2026-08-02 19:55:00+00:00,4042.67937,4042.84225,4042.62276,4042.71865
2026-08-02 20:00:00+00:00,4042.67937,4042.85147,4042.61929,4042.76895
2026-08-02 20:05:00+00:00,4042.67937,4042.85853,4042.635,4042.74271
2026-08-02 20:10:00+00:00,4042.67937,4042.86011,4042.63078,4042.64993
2026-08-02 20:15:00+00:00,4042.67937,4042.84761,4042.62048,4042.71357
2026-08-02 20:20:00+00:00,4042.67937,4042.84682,4042.62078,4042.76986
2026-08-02 20:25:00+00:00,4042.67937,4042.86034,4042.63006,4042.74773
2026-08-02 20:30:00+00:00,4042.67937,4042.85815,4042.63586,4042.64926
2026-08-02 20:35:00+00:00,4042.67937,4042.85213,4042.61914,4042.70862
2026-08-02 20:40:00+00:00,4042.67937,4042.84132,4042.6232,4042.77029
2026-08-02 20:45:00+00:00,4042.67937,4042.86121,4042.62597,4042.7526
2026-08-02 20:50:00+00:00,4042.67937,4042.85527,4042.64175,4042.64906
2026-08-02 20:55:00+00:00,4042.67937,4042.85577,4042.61874,4042.71145
2026-08-02 21:00:00+00:00,4042.67937,4042.83504,4042.62654,4042.77026
2026-08-02 21:05:00+00:00,4042.67937,4042.86114,4042.62277,4042.7573
2026-08-02 21:10:00+00:00,4042.67937,4042.85149,4042.64841,4042.64933
2026-08-02 21:15:00+00:00,4042.67937,4042.85852,4042.61928,4042.71679
2026-08-02 21:20:00+00:00,4042.67937,4042.82802,4042.63076,4042.76975
2026-08-02 21:25:00+00:00,4042.67937,4042.86012,4042.62049,4042.76177
2026-08-02 21:30:00+00:00,4042.67937,4042.84684,4042.65007,4042.65007
2026-08-02 21:35:00+00:00,4042.67937,4042.86033,4042.62077,4042.72208
2026-08-02 21:40:00+00:00,4042.67937,4042.82031,4042.63584,4042.76877
2026-08-02 21:45:00+00:00,4042.67937,4042.85816,4042.61914,4042.766
2026-08-02 21:50:00+00:00,4042.67937,4042.84135,4042.65128,4042.65128
2026-08-02 21:55:00+00:00,4042.67937,4042.86121,4042.62319,4042.72727
2026-08-02 22:00:00+00:00,4042.67937,4042.81197,4042.64173,4042.76733
2026-08-02 22:05:00+00:00,4042.67937,4042.85576,4042.61874,4042.76994
2026-08-02 22:10:00+00:00,4042.67937,4042.83507,4042.65295,4042.65295
2026-08-02 22:15:00+00:00,4042.67937,4042.86114,4042.62278,4042.73233
2026-08-02 22:20:00+00:00,4042.67937,4042.80307,4042.64838,4042.76544
2026-08-02 22:25:00+00:00,4042.67937,4042.85851,4042.61928,4042.77357
2026-08-02 22:30:00+00:00,4042.67937,4042.82805,4042.65506,4042.65506
2026-08-02 22:35:00+00:00,4042.67937,4042.86013,4042.6205,4042.7372
2026-08-02 22:40:00+00:00,4042.67937,4042.79503,4042.65575,4042.76311
2026-08-02 22:45:00+00:00,4042.67937,4042.86033,4042.62076,4042.77685
2026-08-02 22:50:00+00:00,4042.67937,4042.82034,4042.65759,4042.65759
2026-08-02 22:55:00+00:00,4042.67937,4042.85817,4042.61915,4042.74187
2026-08-02 23:00:00+00:00,4042.67937,4042.80436,4042.66378,4042.76037
2026-08-02 23:05:00+00:00,4042.67937,4042.86121,4042.62318,4042.67528
2026-08-02 23:10:00+00:00,4042.67937,4042.81201,4042.66054,4042.66054
2026-08-02 23:15:00+00:00,4042.67937,4042.85575,4042.61874,4042.74628
2026-08-02 23:20:00+00:00,4042.67937,4042.81319,4042.67241,4042.75724
2026-08-02 23:25:00+00:00,4042.67937,4042.86114,4042.62279,4042.67101
2026-08-02 23:30:00+00:00,4042.67937,4042.80311,4042.66264,4042.66386
2026-08-02 23:35:00+00:00,4042.67937,4042.8585,4042.61928,4042.75041
2026-08-02 23:40:00+00:00,4042.67937,4042.82144,4042.67937,4042.75373
2026-08-02 23:45:00+00:00,4042.67937,4042.86013,4042.62051,4042.66704
2026-08-02 23:50:00+00:00,4042.67937,4042.795,4042.6547,4042.66755
2026-08-02 23:55:00+00:00,4042.67937,4042.86032,4042.62076,4042.75421
2026-08-03 00:00:00+00:00,4042.67937,4042.82906,4042.67937,4042.74987
2026-08-03 00:05:00+00:00,4042.67937,4042.85818,4042.61915,4042.6634
2026-08-03 00:10:00+00:00,4042.67937,4042.80432,4042.64742,4042.67156
2026-08-03 00:15:00+00:00,4042.67937,4042.86121,4042.62317,4042.75768
2026-08-03 00:20:00+00:00,4042.67937,4042.83598,4042.67123,4042.74571
2026-08-03 00:25:00+00:00,4042.67937,4042.85573,4042.61874,4042.66012
2026-08-03 00:30:00+00:00,4042.67937,4042.81315,4042.64087,4042.67587
2026-08-03 00:35:00+00:00,4042.67937,4042.86115,4042.62281,4042.76076
2026-08-03 00:40:00+00:00,4042.67937,4042.84215,4042.66268,4042.74126
2026-08-03 00:45:00+00:00,4042.67937,4042.85849,4042.61927,4042.65723
2026-08-03 00:50:00+00:00,4042.67937,4042.82141,4042.63509,4042.73433
2026-08-03 00:55:00+00:00,4042.67937,4042.86014,4042.62051,4042.76345
2026-08-03 01:00:00+00:00,4042.67937,4042.84753,4042.65473,4042.73657
2026-08-03 01:05:00+00:00,4042.67937,4042.86032,4042.62075,4042.65475
2026-08-03 01:10:00+00:00,4042.67937,4042.82903,4042.63013,4042.72912
2026-08-03 01:15:00+00:00,4042.67937,4042.85819,4042.61915,4042.76572
2026-08-03 01:20:00+00:00,4042.67937,4042.85206,4042.64745,4042.73229
2026-08-03 01:25:00+00:00,4042.67937,4042.86121,4042.62316,4042.6527
2026-08-03 01:30:00+00:00,4042.67937,4042.83595,4042.62603,4042.72392
2026-08-03 01:35:00+00:00,4042.67937,4042.85533,4042.61874,4042.76755
2026-08-03 01:40:00+00:00,4042.67937,4042.85572,4042.6409,4042.73748
2026-08-03 01:45:00+00:00,4042.67937,4042.86115,4042.62648,4042.6511
2026-08-03 01:50:00+00:00,4042.67937,4042.84213,4042.62282,4042.71875
2026-08-03 01:55:00+00:00,4042.67937,4042.85156,4042.61927,4042.76893
2026-08-03 02:00:00+00:00,4042.67937,4042.85848,4042.63511,4042.7426
2026-08-03 02:05:00+00:00,4042.67937,4042.86015,4042.63069,4042.64995
2026-08-03 02:10:00+00:00,4042.67937,4042.84751,4042.62052,4042.71368
2026-08-03 02:15:00+00:00,4042.67937,4042.84692,4042.62074,4042.76984
2026-08-03 02:20:00+00:00,4042.67937,4042.86031,4042.63015,4042.74762
2026-08-03 02:25:00+00:00,4042.67937,4042.8582,4042.63575,4042.64927
2026-08-03 02:30:00+00:00,4042.67937,4042.85204,4042.61916,4042.70872
2026-08-03 02:35:00+00:00,4042.67937,4042.84145,4042.62315,4042.77029
2026-08-03 02:40:00+00:00,4042.67937,4042.8612,4042.62604,4042.75251
2026-08-03 02:45:00+00:00,4042.67937,4042.85534,4042.64162,4042.64906
2026-08-03 02:50:00+00:00,4042.67937,4042.85571,4042.61874,4042.71134
2026-08-03 02:55:00+00:00,4042.67937,4042.83518,4042.62646,4042.77026
2026-08-03 03:00:00+00:00,4042.67937,4042.86115,4042.62283,4042.75721
2026-08-03 03:05:00+00:00,4042.67937,4042.85158,4042.64827,4042.64932
2026-08-03 03:10:00+00:00,4042.67937,4042.85847,4042.61926,4042.71668
2026-08-03 03:15:00+00:00,4042.67937,4042.82817,4042.63067,4042.76976
2026-08-03 03:20:00+00:00,4042.67937,4042.86015,4042.62053,4042.76169
2026-08-03 03:25:00+00:00,4042.67937,4042.84694,4042.65005,4042.65005
2026-08-03 03:30:00+00:00,4042.67937,4042.86031,4042.62073,4042.72197
2026-08-03 03:35:00+00:00,4042.67937,4042.82047,4042.63573,4042.76879
2026-08-03 03:40:00+00:00,4042.67937,4042.85821,4042.61916,4042.76592
2026-08-03 03:45:00+00:00,4042.67937,4042.84147,4042.65125,4042.65125
2026-08-03 03:50:00+00:00,4042.67937,4042.8612,4042.62313,4042.72717
2026-08-03 03:55:00+00:00,4042.67937,4042.81215,4042.6416,4042.76736
2026-08-03 04:00:00+00:00,4042.67937,4042.86199,4042.62527,4042.77925
2026-08-03 04:05:00+00:00,4042.68918,4042.84562,4042.66088,4042.66088
2026-08-03 04:10:00+00:00,4042.68785,4042.87265,4042.63465,4042.74302
2026-08-03 04:15:00+00:00,4042.69082,4042.80884,4042.64948,4042.77042
2026-08-03 04:20:00+00:00,4042.68488,4042.86005,4042.62088,4042.77192
2026-08-03 04:25:00+00:00,4042.67774,4042.82643,4042.65342,4042.65342
2026-08-03 04:30:00+00:00,4042.67774,4042.8585,4042.61887,4042.73556
2026-08-03 04:35:00+00:00,4042.67774,4042.79338,4042.6541,4042.76149
2026-08-03 04:40:00+00:00,4042.67774,4042.85869,4042.61913,4042.77521
2026-08-03 04:45:00+00:00,4042.67774,4042.81872,4042.65595,4042.65595
2026-08-03 04:50:00+00:00,4042.67774,4042.85654,4042.61751,4042.74022
2026-08-03 04:55:00+00:00,4042.67774,4042.80271,4042.6605,4042.75869
2026-08-03 05:00:00+00:00,4042.67801,4042.85958,4042.61991,4042.79269
2026-08-03 05:05:00+00:00,4042.68426,4043.50815,4042.67411,4042.90853
2026-08-03 05:10:00+00:00,4042.99326,4042.99326,4042.64003,4042.75887
2026-08-03 05:15:00+00:00,4042.69303,4042.82039,4042.66788,4042.75258
2026-08-03 05:20:00+00:00,4042.67293,4042.84648,4042.60769,4042.65593
2026-08-03 05:25:00+00:00,4042.6653,4042.78491,4042.64483,4042.64483
2026-08-03 05:30:00+00:00,4042.66025,4042.84559,4042.61124,4042.73762
2026-08-03 05:35:00+00:00,4042.66564,4042.80893,4042.66532,4042.74508
2026-08-03 05:40:00+00:00,4042.67191,4042.85176,4042.6073,4042.65369
2026-08-03 05:45:00+00:00,4042.66699,4042.79701,4042.65415,4042.66569
2026-08-03 05:50:00+00:00,4042.67843,4042.86351,4042.62388,4042.75734
2026-08-03 05:55:00+00:00,4042.68288,4042.83368,4042.67838,4042.75359
2026-08-03 06:00:00+00:00,4042.68199,4042.86163,4042.49336,4042.52091
2026-08-03 06:05:00+00:00,4042.55967,4042.78263,4042.5119,4042.73915
2026-08-03 06:10:00+00:00,4042.66795,4042.77908,4042.36397,4042.55934
2026-08-03 06:15:00+00:00,4042.46404,4042.758,4042.46404,4042.73085
2026-08-03 06:20:00+00:00,4042.66351,4042.80847,4042.20057,4042.71217
2026-08-03 06:25:00+00:00,4042.58581,4042.80459,4042.52739,4042.69282
2026-08-03 06:30:00+00:00,4042.69932,4042.88569,4042.62948,4042.78473
2026-08-03 06:35:00+00:00,4042.70552,4042.84596,4042.66657,4042.74135
2026-08-03 06:40:00+00:00,4042.67937,4042.85999,4042.6225,4042.66061
2026-08-03 06:45:00+00:00,4042.68236,4042.82422,4042.63857,4042.68266
2026-08-03 06:50:00+00:00,4042.6828,4043.18117,4042.35989,4043.13852
2026-08-03 06:55:00+00:00,4042.99856,4042.99856,4042.68698,4042.7451
2026-08-03 07:00:00+00:00,4042.68784,4042.8634,4042.63038,4042.66469
2026-08-03 07:05:00+00:00,4042.688,4042.83038,4042.63203,4042.73096
2026-08-03 07:10:00+00:00,4042.68101,4042.82289,4042.52739,4042.73347
2026-08-03 07:15:00+00:00,4042.64456,4042.8415,4042.36397,4042.71631
2026-08-03 07:20:00+00:00,4042.64331,4043.99871,4041.38377,4043.78701
2026-08-03 07:25:00+00:00,4043.36925,4043.37799,4042.69082,4042.69722
2026-08-03 07:30:00+00:00,4042.69844,4042.86211,4042.62364,4042.77396
2026-08-03 07:35:00+00:00,4042.68622,4042.86692,4042.65,4042.73518
2026-08-03 07:40:00+00:00,4042.67956,4042.8562,4042.51669,4042.64288
2026-08-03 07:45:00+00:00,4042.67184,4042.84201,4042.62272,4042.71853
2026-08-03 07:50:00+00:00,4042.68085,4043.45984,4042.52739,4042.56217
2026-08-03 07:55:00+00:00,4042.47299,4043.99871,4042.47299,4043.20594
2026-08-03 08:00:00+00:00,4043.13867,4088.47459,4022.31329,4077.28765
2026-08-03 08:05:00+00:00,4076.30761,4077.91367,4072.26549,4073.84794
2026-08-03 08:10:00+00:00,4074.19012,4077.13948,4073.45125,4077.015
2026-08-03 08:15:00+00:00,4076.81523,4079.16155,4068.60275,4069.09926
2026-08-03 08:20:00+00:00,4070.15037,4070.15037,4065.52335,4066.05785
2026-08-03 08:25:00+00:00,4067.19387,4067.19387,4064.04942,4065.62329
2026-08-03 08:30:00+00:00,4065.15396,4066.36304,4065.15396,4066.36155
2026-08-03 08:35:00+00:00,4066.32578,4066.38409,4064.04942,4065.45245
2026-08-03 08:40:00+00:00,4064.82355,4067.18998,4064.6064,4067.13553
2026-08-03 08:45:00+00:00,4067.01789,4067.01789,4064.37978,4064.52907
2026-08-03 08:50:00+00:00,4064.73975,4065.2059,4063.55398,4064.32065
2026-08-03 08:55:00+00:00,4064.21083,4064.71019,4063.88426,4063.98869
2026-08-03 09:00:00+00:00,4064.12722,4064.7064,4063.05867,4064.54717
2026-08-03 09:05:00+00:00,4064.04818,4065.04065,4063.50864,4063.87357
2026-08-03 09:10:00+00:00,4064.14596,4065.74575,4062.39844,4065.404
2026-08-03 09:15:00+00:00,4064.89657,4070.00699,4064.89657,4069.68082
2026-08-03 09:20:00+00:00,4068.80739,4070.92734,4068.18274,4070.26099
2026-08-03 09:25:00+00:00,4069.20341,4071.21146,4069.20341,4071.13746
2026-08-03 09:30:00+00:00,4070.97485,4071.16395,4068.75488,4068.98633
2026-08-03 09:35:00+00:00,4069.42674,4069.83843,4068.51377,4068.78939
2026-08-03 09:40:00+00:00,4068.91169,4069.01042,4067.35541,4068.20364
2026-08-03 09:45:00+00:00,4067.93591,4073.17694,4066.85916,4067.26543
2026-08-03 09:50:00+00:00,4068.01136,4071.99283,4068.01136,4071.36928
2026-08-03 09:55:00+00:00,4071.13442,4073.32628,4071.13442,4072.0959
2026-08-03 10:00:00+00:00,4072.61578,4077.9708,4072.61578,4077.18122
2026-08-03 10:05:00+00:00,4077.11051,4078.71416,4073.46585,4075.09744
2026-08-03 10:10:00+00:00,4075.19491,4075.19491,4070.16973,4070.29229
2026-08-03 10:15:00+00:00,4070.64179,4072.12088,4069.17599,4069.87676
2026-08-03 10:20:00+00:00,4069.67504,4070.00407,4066.69378,4067.63306
2026-08-03 10:25:00+00:00,4067.50854,4067.50854,4061.98463,4065.3291
2026-08-03 10:30:00+00:00,4064.60968,4069.85967,4063.90541,4064.38049
2026-08-03 10:35:00+00:00,4065.19933,4065.19933,4060.24274,4061.5193
2026-08-03 10:40:00+00:00,4061.19278,4061.35183,4057.28892,4057.47163
2026-08-03 10:45:00+00:00,4057.78087,4059.26527,4056.13694,4059.01378
2026-08-03 10:50:00+00:00,4058.53565,4059.61805,4057.45354,4059.39343
2026-08-03 10:55:00+00:00,4059.07825,4060.27646,4056.13694,4056.35969
2026-08-03 11:00:00+00:00,4056.75851,4060.41904,4052.52634,4056.35571
2026-08-03 11:05:00+00:00,4056.9684,4061.4782,4056.95971,4059.66491
2026-08-03 11:10:00+00:00,4058.83874,4060.41904,4053.01685,4053.40545
2026-08-03 11:15:00+00:00,4053.90739,4053.90739,4048.41909,4048.76807
2026-08-03 11:20:00+00:00,4049.04327,4052.6781,4047.93559,4051.86854
2026-08-03 11:25:00+00:00,4049.85377,4054.9856,4049.85377,4053.42424
2026-08-03 11:30:00+00:00,4053.53163,4054.01099,4050.05141,4052.0565
2026-08-03 11:35:00+00:00,4051.65526,4056.9536,4051.65526,4052.79932
2026-08-03 11:40:00+00:00,4053.29058,4053.29058,4047.92746,4048.20798
2026-08-03 11:45:00+00:00,4048.60051,4055.47895,4048.60051,4055.07269
2026-08-03 11:50:00+00:00,4054.26395,4055.13265,4051.40456,4052.14538
2026-08-03 11:55:00+00:00,4053.5495,4056.46601,4050.22276,4055.72557
2026-08-03 12:00:00+00:00,4054.72257,4060.41904,4054.72257,4060.3002
2026-08-03 12:05:00+00:00,4060.03575,4060.03575,4056.64282,4057.09446
2026-08-03 12:10:00+00:00,4057.83314,4057.83314,4053.6706,4054.94761
2026-08-03 12:15:00+00:00,4054.76295,4057.95008,4052.52067,4057.14935
2026-08-03 12:20:00+00:00,4055.12716,4060.25417,4055.12716,4055.7155
2026-08-03 12:25:00+00:00,4056.33004,4058.93575,4053.50284,4058.57403
2026-08-03 12:30:00+00:00,4057.91555,4058.60627,4053.6706,4055.05934
2026-08-03 12:35:00+00:00,4054.86105,4058.42533,4051.557,4056.32357
2026-08-03 12:40:00+00:00,4054.80893,4059.75966,4054.80893,4059.58168
2026-08-03 12:45:00+00:00,4059.10215,4064.22466,4058.05866,4063.20766
2026-08-03 12:50:00+00:00,4061.93349,4065.70174,4061.93349,4064.02745
2026-08-03 12:55:00+00:00,4063.66853,4063.66853,4060.26407,4062.88456
2026-08-03 13:00:00+00:00,4062.83258,4062.96007,4061.07862,4062.74547
2026-08-03 13:05:00+00:00,4062.4609,4064.37978,4062.23342,4062.37369
2026-08-03 13:10:00+00:00,4062.69473,4063.94719,4062.69473,4063.86627
2026-08-03 13:15:00+00:00,4063.7718,4066.55884,4062.60049,4066.2761
2026-08-03 13:20:00+00:00,4065.85515,4066.85916,4061.57345,4061.88861
2026-08-03 13:25:00+00:00,4062.57761,4064.46577,4062.57761,4063.03983
2026-08-03 13:30:00+00:00,4063.32692,4064.21459,4062.88971,4064.13331
2026-08-03 13:35:00+00:00,4063.95175,4063.95175,4061.23274,4062.24325
2026-08-03 13:40:00+00:00,4061.84179,4063.22376,4060.85553,4061.74881
2026-08-03 13:45:00+00:00,4061.77636,4061.77636,4059.43006,4060.76022
2026-08-03 13:50:00+00:00,4060.56266,4064.87541,4059.90745,4064.76948
2026-08-03 13:55:00+00:00,4064.55686,4066.36304,4064.04942,4064.47766
2026-08-03 14:00:00+00:00,4064.37979,4065.79296,4063.63652,4065.74481
2026-08-03 14:05:00+00:00,4065.51846,4067.85177,4065.28999,4066.4491
2026-08-03 14:10:00+00:00,4067.07253,4067.07253,4064.87541,4065.92178
2026-08-03 14:15:00+00:00,4065.73479,4069.50718,4065.61538,4067.39738
2026-08-03 14:20:00+00:00,4067.88809,4070.52811,4067.88809,4068.6288
2026-08-03 14:25:00+00:00,4068.81392,4069.17599,4067.52085,4067.61301
2026-08-03 14:30:00+00:00,4067.65898,4070.28952,4066.75221,4070.18206
2026-08-03 14:35:00+00:00,4070.10629,4070.53612,4068.37601,4069.34912
2026-08-03 14:40:00+00:00,4068.8494,4069.6728,4068.84485,4068.85723
2026-08-03 14:45:00+00:00,4068.89054,4070.92835,4068.63356,4070.36991
2026-08-03 14:50:00+00:00,4069.67171,4071.66124,4067.02456,4067.46581
2026-08-03 14:55:00+00:00,4067.70183,4067.70183,4064.88641,4065.18093
2026-08-03 15:00:00+00:00,4065.77708,4065.77708,4062.86932,4063.15951
2026-08-03 15:05:00+00:00,4063.54195,4063.54195,4060.7488,4060.87912
2026-08-03 15:10:00+00:00,4060.98783,4061.4085,4056.30146,4057.14753
2026-08-03 15:15:00+00:00,4057.04606,4057.66005,4054.49238,4057.0726
2026-08-03 15:20:00+00:00,4056.65998,4058.46197,4056.04386,4056.45676
2026-08-03 15:25:00+00:00,4057.27623,4060.91371,4057.27623,4059.71897
2026-08-03 15:30:00+00:00,4059.9056,4060.41904,4057.74335,4058.26278
2026-08-03 15:35:00+00:00,4059.39297,4059.39297,4054.78221,4058.47606
2026-08-03 15:40:00+00:00,4058.11834,4063.63322,4056.95971,4063.25295
2026-08-03 15:45:00+00:00,4062.76359,4064.90369,4059.43006,4059.77572
2026-08-03 15:50:00+00:00,4060.33373,4063.86455,4059.26527,4063.43242
2026-08-03 15:55:00+00:00,4062.305,4069.23493,4062.305,4068.71028
2026-08-03 16:00:00+00:00,4067.90581,4069.6728,4067.90581,4069.33188
2026-08-03 16:05:00+00:00,4069.27854,4069.27854,4067.35541,4067.4913
2026-08-03 16:10:00+00:00,4067.67318,4068.23367,4066.17404,4066.22806
2026-08-03 16:15:00+00:00,4066.29353,4068.95658,4064.61922,4068.70977
2026-08-03 16:20:00+00:00,4068.36124,4070.70747,4066.61989,4070.35574
2026-08-03 16:25:00+00:00,4069.84541,4070.99821,4066.1977,4068.25776
2026-08-03 16:30:00+00:00,4067.41161,4069.01042,4063.27283,4064.1352
2026-08-03 16:35:00+00:00,4066.1,4066.48257,4062.06841,4066.33506
2026-08-03 16:40:00+00:00,4065.991,4066.69378,4064.79782,4064.93885
2026-08-03 16:45:00+00:00,4065.15022,4066.69238,4063.48065,4064.00482
2026-08-03 16:50:00+00:00,4065.03809,4065.03809,4062.56348,4063.5095
2026-08-03 16:55:00+00:00,4063.71802,4066.04556,4062.95047,4065.8129
2026-08-03 17:00:00+00:00,4065.41199,4065.41199,4060.34882,4060.71086
2026-08-03 17:05:00+00:00,4061.46792,4062.83727,4059.66841,4062.3046
2026-08-03 17:10:00+00:00,4060.97844,4063.88426,4060.97844,4063.23824
2026-08-03 17:15:00+00:00,4063.00891,4063.24761,4053.6706,4054.11217
2026-08-03 17:20:00+00:00,4054.94186,4055.97242,4052.84915,4055.80407
2026-08-03 17:25:00+00:00,4055.49182,4058.93575,4053.69448,4058.27154
2026-08-03 17:30:00+00:00,4058.31162,4059.28141,4057.84336,4059.23117
2026-08-03 17:35:00+00:00,4059.13672,4060.91371,4055.51044,4056.10667
2026-08-03 17:40:00+00:00,4056.71432,4060.08932,4056.71432,4058.82887
2026-08-03 17:45:00+00:00,4058.58391,4060.52701,4057.68618,4059.98613
2026-08-03 17:50:00+00:00,4059.09407,4062.49606,4059.09407,4062.21772
2026-08-03 17:55:00+00:00,4061.68214,4063.28275,4060.91371,4061.51378
2026-08-03 18:00:00+00:00,4061.51322,4061.85544,4059.43006,4059.48167
2026-08-03 18:05:00+00:00,4059.47591,4061.64815,4059.22471,4059.70866
2026-08-03 18:10:00+00:00,4060.11609,4061.83188,4059.84797,4060.15721
2026-08-03 18:15:00+00:00,4060.87935,4062.06841,4057.61702,4058.03864
2026-08-03 18:20:00+00:00,4058.76452,4059.1005,4057.12431,4059.07039
2026-08-03 18:25:00+00:00,4058.98458,4060.00323,4055.61632,4056.01559
2026-08-03 18:30:00+00:00,4056.83933,4058.27686,4055.31449,4056.58963
2026-08-03 18:35:00+00:00,4057.08587,4059.75966,4055.80792,4058.04281
2026-08-03 18:40:00+00:00,4057.8767,4060.15426,4057.8767,4059.86716
2026-08-03 18:45:00+00:00,4059.60153,4059.60153,4058.11217,4058.26793
2026-08-03 18:50:00+00:00,4058.60141,4059.92449,4058.11217,4058.26112
2026-08-03 18:55:00+00:00,4058.4329,4060.6627,4058.4329,4058.77361
2026-08-03 19:00:00+00:00,4058.93993,4060.76381,4057.78283,4058.6972
2026-08-03 19:05:00+00:00,4058.50264,4059.1005,4057.2295,4058.70724
2026-08-03 19:10:00+00:00,4058.77337,4061.90341,4058.72961,4061.68891
2026-08-03 19:15:00+00:00,4061.35276,4062.21195,4058.60627,4058.79639
2026-08-03 19:20:00+00:00,4059.10208,4060.75689,4054.328,4054.84638
2026-08-03 19:25:00+00:00,4054.87935,4056.36668,4052.52067,4052.59515
2026-08-03 19:30:00+00:00,4052.79889,4054.04921,4047.59977,4048.07108
2026-08-03 19:35:00+00:00,4048.141,4052.19224,4045.56467,4051.97877
2026-08-03 19:40:00+00:00,4051.5627,4054.10486,4050.60541,4051.23108
2026-08-03 19:45:00+00:00,4052.19117,4056.18075,4052.19117,4056.02932
2026-08-03 19:50:00+00:00,4055.57475,4057.94749,4055.22426,4056.22199
2026-08-03 19:55:00+00:00,4056.37604,4057.99494,4055.27783,4055.85168
2026-08-03 20:00:00+00:00,4056.88545,4056.88545,4054.328,4055.78746
2026-08-03 20:05:00+00:00,4055.67948,4055.67948,4054.16363,4054.35203
2026-08-03 20:10:00+00:00,4054.38077,4056.95971,4053.64019,4056.85553
2026-08-03 20:15:00+00:00,4056.62063,4056.62063,4054.16363,4054.36118
2026-08-03 20:20:00+00:00,4054.72891,4055.64343,4053.01342,4054.39121
2026-08-03 20:25:00+00:00,4054.17237,4054.328,4052.6849,4054.22359
2026-08-03 20:30:00+00:00,4054.02519,4054.27424,4050.22276,4050.4675
2026-08-03 20:35:00+00:00,4050.60677,4052.52067,4050.60677,4051.79337
2026-08-03 20:40:00+00:00,4051.94815,4052.03434,4049.17855,4049.32449
2026-08-03 20:45:00+00:00,4049.55838,4050.22276,4048.81352,4049.03783
2026-08-03 20:50:00+00:00,4049.24196,4049.24196,4046.04716,4047.95262
2026-08-03 20:55:00+00:00,4047.38202,4049.25526,4046.94456,4047.9521
2026-08-03 21:00:00+00:00,4047.45628,4051.1367,4047.22776,4050.68427
2026-08-03 21:05:00+00:00,4049.97732,4052.84915,4049.8947,4050.00586
2026-08-03 21:10:00+00:00,4050.11061,4051.17218,4048.18309,4048.38955
2026-08-03 21:15:00+00:00,4048.93083,4050.03854,4046.78564,4048.93709
2026-08-03 21:20:00+00:00,4048.6034,4048.6034,4045.78323,4046.04081
2026-08-03 21:25:00+00:00,4046.56942,4049.8947,4046.56942,4049.55522
2026-08-03 21:30:00+00:00,4049.46568,4051.04314,4048.2552,4050.85445
2026-08-03 21:35:00+00:00,4050.47711,4052.19224,4050.10519,4051.12703
2026-08-03 21:40:00+00:00,4051.38647,4055.15004,4051.38647,4054.95867
2026-08-03 21:45:00+00:00,4054.5753,4057.32622,4053.01342,4056.6615
2026-08-03 21:50:00+00:00,4054.96325,4062.72853,4054.37571,4061.34341
2026-08-03 21:55:00+00:00,4061.51479,4062.55023,4060.7488,4062.36448
2026-08-03 22:00:00+00:00,4062.07967,4064.21459,4060.41904,4060.62434
2026-08-03 22:05:00+00:00,4060.96705,4061.83238,4058.771,4058.93659
2026-08-03 22:10:00+00:00,4059.03035,4059.75966,4055.31449,4055.64429
2026-08-03 22:15:00+00:00,4056.10485,4056.26019,4053.82048,4056.11115
2026-08-03 22:20:00+00:00,4056.29729,4056.29729,4047.57433,4052.00719
2026-08-03 22:25:00+00:00,4052.29076,4053.01342,4050.02043,4052.62903
2026-08-03 22:30:00+00:00,4052.22406,4053.18934,4048.2552,4050.91375
2026-08-03 22:35:00+00:00,4050.24194,4051.75114,4046.12583,4046.29873
2026-08-03 22:40:00+00:00,4046.58482,4046.61286,4043.01771,4043.2903
2026-08-03 22:45:00+00:00,4043.33232,4046.61703,4042.80435,4044.85261
2026-08-03 22:50:00+00:00,4045.28745,4045.9169,4043.83517,4045.56939
2026-08-03 22:55:00+00:00,4044.68647,4048.65813,4044.68647,4048.52703
2026-08-03 23:00:00+00:00,4048.27683,4051.53553,4042.03719,4042.26097
2026-08-03 23:05:00+00:00,4042.65734,4044.98018,4041.63617,4044.76675
2026-08-03 23:10:00+00:00,4044.20857,4045.62736,4040.09758,4040.75361
2026-08-03 23:15:00+00:00,4042.23939,4042.23939,4037.0887,4037.38635
2026-08-03 23:20:00+00:00,4037.92761,4037.92761,4033.39652,4033.57583
2026-08-03 23:25:00+00:00,4033.89575,4034.69841,4032.25806,4033.15221
2026-08-03 23:30:00+00:00,4033.48476,4034.8612,4030.30792,4030.52309
2026-08-03 23:35:00+00:00,4030.95223,4031.68883,4022.04078,4022.51764
2026-08-03 23:40:00+00:00,4023.64009,4034.8612,4023.64009,4032.76416
2026-08-03 23:45:00+00:00,4032.81145,4034.36439,4028.19738,4030.96167
2026-08-03 23:50:00+00:00,4030.65555,4033.4434,4029.98307,4030.20438
2026-08-03 23:55:00+00:00,4030.60077,4032.44496,4029.65059,4032.21434
2026-08-04 00:00:00+00:00,4031.9135,4035.51251,4028.37932,4030.83951
2026-08-04 00:05:00+00:00,4033.05195,4033.05195,4028.19738,4029.74287
2026-08-04 00:10:00+00:00,4030.60196,4032.68517,4027.38623,4031.75685
2026-08-04 00:15:00+00:00,4030.03328,4034.2101,4030.03328,4033.10209
2026-08-04 00:20:00+00:00,4032.82715,4035.28014,4030.10091,4034.86565
2026-08-04 00:25:00+00:00,4034.24005,4035.67537,4033.81561,4034.75404
2026-08-04 00:30:00+00:00,4034.88245,4036.27706,4032.25806,4034.99481
2026-08-04 00:35:00+00:00,4034.83682,4036.97873,4033.39652,4033.70579
2026-08-04 00:40:00+00:00,4034.25679,4037.95679,4033.29153,4036.87763
2026-08-04 00:45:00+00:00,4036.80698,4037.63072,4034.8612,4034.962
2026-08-04 00:50:00+00:00,4035.1325,4036.97873,4034.69841,4035.03781
2026-08-04 00:55:00+00:00,4035.04259,4038.77221,4035.04259,4037.0648
2026-08-04 01:00:00+00:00,4037.94783,4037.94783,4032.42066,4032.75857
2026-08-04 01:05:00+00:00,4033.37556,4035.34555,4030.46641,4034.95555
2026-08-04 01:10:00+00:00,4034.41648,4035.83824,4032.7459,4032.93454
2026-08-04 01:15:00+00:00,4033.19497,4037.19796,4033.19497,4037.04602
2026-08-04 01:20:00+00:00,4036.66729,4037.85369,4036.65281,4036.78067
2026-08-04 01:25:00+00:00,4036.74618,4039.74759,4031.44527,4031.87993
2026-08-04 01:30:00+00:00,4032.69059,4033.99482,4030.6256,4031.06068
2026-08-04 01:35:00+00:00,4031.85449,4036.569,4031.85449,4036.38746
2026-08-04 01:40:00+00:00,4035.84801,4038.07245,4035.84801,4037.95003
2026-08-04 01:45:00+00:00,4037.54451,4039.75115,4036.81576,4038.36825
2026-08-04 01:50:00+00:00,4038.4227,4039.75115,4037.95679,4039.70159
2026-08-04 01:55:00+00:00,4039.51698,4039.6818,4035.83824,4037.22433
2026-08-04 02:00:00+00:00,4036.96789,4037.63072,4035.83824,4037.48658
2026-08-04 02:05:00+00:00,4037.20351,4037.20351,4035.02401,4035.1475
2026-08-04 02:10:00+00:00,4035.38567,4036.48987,4035.24842,4036.33901
2026-08-04 02:15:00+00:00,4036.2551,4037.1417,4035.48592,4036.24827
2026-08-04 02:20:00+00:00,4036.40047,4037.07867,4035.10828,4036.6892
2026-08-04 02:25:00+00:00,4035.79379,4038.6091,4035.79379,4037.49738
2026-08-04 02:30:00+00:00,4037.54139,4037.74884,4036.65281,4037.44149
2026-08-04 02:35:00+00:00,4037.29713,4038.29898,4036.76622,4037.0887
2026-08-04 02:40:00+00:00,4037.27181,4038.93534,4036.22436,4038.47448
2026-08-04 02:45:00+00:00,4038.40168,4039.26162,4037.4677,4037.91561
2026-08-04 02:50:00+00:00,4037.77734,4037.98917,4036.00113,4036.1446
2026-08-04 02:55:00+00:00,4036.37373,4037.36019,4035.95216,4037.17526
2026-08-04 03:00:00+00:00,4036.68133,4037.79375,4034.26565,4034.53118
2026-08-04 03:05:00+00:00,4034.91327,4034.91327,4033.55921,4034.77085
2026-08-04 03:10:00+00:00,4034.5738,4035.02401,4034.29874,4034.60331
2026-08-04 03:15:00+00:00,4034.51988,4037.4677,4033.86558,4037.2357
2026-08-04 03:20:00+00:00,4036.68221,4036.97873,4034.2101,4035.32795
2026-08-04 03:25:00+00:00,4035.21296,4036.14567,4034.53562,4034.72074
2026-08-04 03:30:00+00:00,4035.03567,4035.18683,4034.35353,4034.85477
2026-08-04 03:35:00+00:00,4034.73066,4036.48987,4034.70203,4035.92148
2026-08-04 03:40:00+00:00,4035.9701,4036.67407,4035.51251,4035.59886
2026-08-04 03:45:00+00:00,4035.79281,4036.32694,4034.88182,4035.02763
2026-08-04 03:50:00+00:00,4035.27432,4035.27432,4030.95776,4031.11038
2026-08-04 03:55:00+00:00,4031.3479,4031.3479,4030.61437,4031.21233
2026-08-04 04:00:00+00:00,4031.02941,4031.93291,4029.79402,4031.89414
2026-08-04 04:05:00+00:00,4031.75586,4034.62177,4030.68245,4034.21726
2026-08-04 04:10:00+00:00,4033.2583,4038.77221,4032.90713,4036.84424
2026-08-04 04:15:00+00:00,4036.61042,4038.77221,4035.34966,4038.6684
2026-08-04 04:20:00+00:00,4038.45014,4038.6091,4036.94462,4038.28392
2026-08-04 04:25:00+00:00,4038.15615,4038.15615,4036.48987,4036.9547
2026-08-04 04:30:00+00:00,4037.23265,4038.11985,4037.01144,4037.16436
2026-08-04 04:35:00+00:00,4037.41862,4038.28292,4036.65281,4037.67232
2026-08-04 04:40:00+00:00,4037.66349,4039.79322,4037.66349,4039.56655
2026-08-04 04:45:00+00:00,4039.05668,4042.3677,4039.05668,4040.68743
2026-08-04 04:50:00+00:00,4040.88874,4043.99871,4040.88874,4043.87026
2026-08-04 04:55:00+00:00,4043.65516,4044.65297,4043.23837,4043.431
2026-08-04 05:00:00+00:00,4043.77754,4048.74691,4041.96527,4047.65646
2026-08-04 05:05:00+00:00,4047.45397,4048.583,4046.45328,4046.66735
2026-08-04 05:10:00+00:00,4047.04783,4048.583,4045.79844,4046.84902
2026-08-04 05:15:00+00:00,4047.17975,4049.5667,4046.44807,4048.98969
2026-08-04 05:20:00+00:00,4048.80323,4052.93088,4048.2345,4052.5743
2026-08-04 05:25:00+00:00,4051.913,4054.61557,4051.913,4053.16243
2026-08-04 05:30:00+00:00,4053.93743,4055.80792,4050.70481,4052.80876
2026-08-04 05:35:00+00:00,4052.86455,4054.82118,4052.52067,4054.17649
2026-08-04 05:40:00+00:00,4054.04953,4054.328,4053.17769,4053.22384
2026-08-04 05:45:00+00:00,4053.33757,4055.15004,4052.6849,4054.65315
2026-08-04 05:50:00+00:00,4054.61715,4055.73811,4054.41076,4055.53935
2026-08-04 05:55:00+00:00,4055.2006,4055.2006,4052.02804,4052.25382
2026-08-04 06:00:00+00:00,4052.35143,4053.0401,4050.38681,4050.93964
2026-08-04 06:05:00+00:00,4050.84796,4052.13031,4050.84796,4051.97306
2026-08-04 06:10:00+00:00,4051.57516,4052.90792,4051.55611,4052.77239
2026-08-04 06:15:00+00:00,4052.5271,4052.84915,4052.14624,4052.18132
2026-08-04 06:20:00+00:00,4052.22539,4052.30394,4051.69969,4052.16912
2026-08-04 06:25:00+00:00,4051.77312,4055.97242,4050.55327,4054.34773
2026-08-04 06:30:00+00:00,4054.52789,4057.94749,4053.91924,4057.77363
2026-08-04 06:35:00+00:00,4057.46874,4057.78283,4057.02624,4057.4909
2026-08-04 06:40:00+00:00,4057.5049,4057.61818,4056.63056,4056.7003
2026-08-04 06:45:00+00:00,4056.78282,4056.95971,4056.28137,4056.8899
2026-08-04 06:50:00+00:00,4056.76346,4057.01359,4054.65677,4054.77613
2026-08-04 06:55:00+00:00,4054.93195,4055.47895,4054.37214,4055.3131
2026-08-04 07:00:00+00:00,4055.25693,4055.27787,4053.50628,4053.51693
2026-08-04 07:05:00+00:00,4053.51497,4053.53753,4053.34198,4053.38299
2026-08-04 07:10:00+00:00,4053.35356,4053.63054,4053.34198,4053.52444
2026-08-04 07:15:00+00:00,4053.45535,4053.65531,4053.43066,4053.59202
2026-08-04 07:20:00+00:00,4053.49875,4053.63043,4053.39998,4053.49412
2026-08-04 07:25:00+00:00,4053.44391,4053.57872,4053.17769,4053.50082
2026-08-04 07:30:00+00:00,4053.39226,4053.54455,4053.17769,4053.50828
2026-08-04 07:35:00+00:00,4053.41103,4053.635,4053.41103,4053.43481
2026-08-04 07:40:00+00:00,4053.46389,4053.65266,4053.39949,4053.55094
2026-08-04 07:45:00+00:00,4053.51841,4053.51841,4053.27571,4053.44109
2026-08-04 07:50:00+00:00,4053.33712,4053.7875,4053.10741,4053.34345
2026-08-04 07:55:00+00:00,4053.32873,4053.45713,4053.26607,4053.26607
2026-08-04 08:00:00+00:00,4053.29434,4054.49238,4051.67596,4051.94525
2026-08-04 08:05:00+00:00,4052.47562,4053.53904,4049.40271,4051.18458
2026-08-04 08:10:00+00:00,4050.83931,4051.86386,4050.10905,4051.10165
2026-08-04 08:15:00+00:00,4051.20807,4052.02804,4050.48056,4051.95385
2026-08-04 08:20:00+00:00,4051.78764,4052.52067,4051.20726,4052.48356
2026-08-04 08:25:00+00:00,4052.30612,4053.01366,4050.87904,4052.13717
2026-08-04 08:30:00+00:00,4051.88639,4053.25468,4051.63591,4051.89691
2026-08-04 08:35:00+00:00,4052.46973,4053.50628,4052.46973,4053.4297
2026-08-04 08:40:00+00:00,4053.31181,4053.48355,4052.86786,4053.41765
2026-08-04 08:45:00+00:00,4053.26735,4053.34198,4052.61122,4053.11882
2026-08-04 08:50:00+00:00,4053.00943,4053.00943,4051.69969,4052.45396
2026-08-04 08:55:00+00:00,4052.30392,4053.50628,4050.65192,4053.4173
2026-08-04 09:00:00+00:00,4053.22317,4053.82851,4051.53553,4051.68982
2026-08-04 09:05:00+00:00,4051.80902,4055.00573,4051.80902,4054.09616
2026-08-04 09:10:00+00:00,4053.53444,4053.53444,4050.71495,4051.56459
2026-08-04 09:15:00+00:00,4051.66635,4052.35319,4051.04314,4051.0764
2026-08-04 09:20:00+00:00,4051.13048,4054.05471,4051.13048,4052.3802
2026-08-04 09:25:00+00:00,4053.2179,4053.2179,4051.37139,4052.28706
2026-08-04 09:30:00+00:00,4052.08989,4052.08989,4051.20726,4051.65303
2026-08-04 09:35:00+00:00,4051.44397,4052.27979,4051.04317,4052.19069
2026-08-04 09:40:00+00:00,4051.97886,4052.52067,4051.69969,4052.2515
2026-08-04 09:45:00+00:00,4051.96565,4054.40637,4051.67614,4054.13929
2026-08-04 09:50:00+00:00,4053.63111,4053.63111,4051.86386,4052.91022
2026-08-04 09:55:00+00:00,4052.69903,4053.45299,4052.139,4053.32326
2026-08-04 10:00:00+00:00,4053.13634,4063.47801,4053.13634,4058.53379
2026-08-04 10:05:00+00:00,4059.19192,4065.99246,4058.84885,4064.77759
2026-08-04 10:10:00+00:00,4061.95914,4069.34158,4061.95914,4064.5172
2026-08-04 10:15:00+00:00,4065.34368,4065.34368,4062.39844,4062.57562
2026-08-04 10:20:00+00:00,4062.78545,4063.22376,4058.83519,4059.20456
2026-08-04 10:25:00+00:00,4059.98365,4061.21726,4058.44156,4060.9819
2026-08-04 10:30:00+00:00,4060.57497,4060.7488,4058.93575,4060.64062
2026-08-04 10:35:00+00:00,4060.37986,4060.37986,4057.78283,4057.94741
2026-08-04 10:40:00+00:00,4058.16951,4058.82198,4056.13694,4056.23935
2026-08-04 10:45:00+00:00,4056.29436,4057.27884,4055.47895,4057.11141
2026-08-04 10:50:00+00:00,4056.8886,4058.39936,4054.9856,4055.1888
2026-08-04 10:55:00+00:00,4055.52735,4055.52735,4049.84213,4050.49752
2026-08-04 11:00:00+00:00,4051.77759,4051.77759,4046.78079,4046.9771
2026-08-04 11:05:00+00:00,4047.32726,4048.17226,4043.67165,4044.03334
2026-08-04 11:10:00+00:00,4044.40064,4048.583,4042.61423,4048.47695
2026-08-04 11:15:00+00:00,4048.13817,4050.22276,4046.78079,4050.10005
2026-08-04 11:20:00+00:00,4049.81676,4050.55516,4048.54394,4048.64233
2026-08-04 11:25:00+00:00,4049.014,4050.38681,4048.91084,4049.76234
2026-08-04 11:30:00+00:00,4049.63023,4051.20726,4048.60083,4049.48261
2026-08-04 11:35:00+00:00,4050.18216,4054.9856,4048.11187,4054.76831
2026-08-04 11:40:00+00:00,4054.55959,4059.46291,4051.8196,4058.60894
2026-08-04 11:45:00+00:00,4056.45928,4060.41904,4056.45928,4058.42781
2026-08-04 11:50:00+00:00,4058.61052,4061.57345,4056.69133,4061.37976
2026-08-04 11:55:00+00:00,4060.89218,4060.89218,4059.1005,4059.91879
2026-08-04 12:00:00+00:00,4059.90327,4059.90327,4056.95971,4057.26534
2026-08-04 12:05:00+00:00,4057.76783,4057.76783,4056.07309,4057.22223
2026-08-04 12:10:00+00:00,4057.05365,4058.60627,4056.91752,4058.48151
2026-08-04 12:15:00+00:00,4058.25715,4059.00797,4058.07445,4058.35089
2026-08-04 12:20:00+00:00,4058.39267,4059.43006,4057.38375,4057.59282
2026-08-04 12:25:00+00:00,4057.90929,4057.90929,4056.30146,4056.41507
2026-08-04 12:30:00+00:00,4056.79225,4059.59485,4055.97242,4058.00699
2026-08-04 12:35:00+00:00,4058.1153,4064.10976,4057.74929,4063.21698
2026-08-04 12:40:00+00:00,4061.01825,4065.04065,4060.7488,4061.24451
2026-08-04 12:45:00+00:00,4061.57183,4063.9954,4061.07862,4062.50573
2026-08-04 12:50:00+00:00,4062.14949,4062.14949,4060.7488,4061.37996
2026-08-04 12:55:00+00:00,4061.28692,4061.28692,4058.81644,4059.06043
2026-08-04 13:00:00+00:00,4059.5292,4060.08932,4058.21681,4058.78671
2026-08-04 13:05:00+00:00,4059.27798,4059.27798,4056.79513,4058.14989
2026-08-04 13:10:00+00:00,4057.64907,4060.58391,4057.64907,4058.26952
2026-08-04 13:15:00+00:00,4058.53154,4060.7488,4057.5541,4060.38763
2026-08-04 13:20:00+00:00,4060.44657,4061.90653,4059.4598,4059.68403
2026-08-04 13:25:00+00:00,4060.10637,4060.26938,4058.11217,4058.73937
2026-08-04 13:30:00+00:00,4058.67553,4059.89208,4056.46601,4057.98155
2026-08-04 13:35:00+00:00,4057.20988,4059.1005,4056.46601,4056.81896
2026-08-04 13:40:00+00:00,4056.78928,4056.78928,4053.05696,4053.28473
2026-08-04 13:45:00+00:00,4053.71456,4054.38985,4052.84915,4054.20811
2026-08-04 13:50:00+00:00,4053.72267,4055.31449,4053.72267,4055.2841
2026-08-04 13:55:00+00:00,4055.19265,4055.21794,4052.97061,4053.24424
2026-08-04 14:00:00+00:00,4053.7758,4053.7758,4051.53553,4053.18695
2026-08-04 14:05:00+00:00,4052.78452,4054.49238,4052.02804,4054.36342
2026-08-04 14:10:00+00:00,4054.06054,4055.45424,4053.77735,4055.13552
2026-08-04 14:15:00+00:00,4054.49757,4059.71186,4054.49757,4059.50043
2026-08-04 14:20:00+00:00,4059.14984,4059.14984,4055.80792,4057.57378
2026-08-04 14:25:00+00:00,4057.47101,4061.12897,4057.12431,4061.00901
2026-08-04 14:30:00+00:00,4060.62652,4064.57501,4060.54209,4064.25943
2026-08-04 14:35:00+00:00,4063.74931,4063.74931,4062.23342,4063.03258
2026-08-04 14:40:00+00:00,4062.77946,4063.71912,4062.72853,4062.97392
2026-08-04 14:45:00+00:00,4062.97506,4065.54571,4061.90688,4065.36796
2026-08-04 14:50:00+00:00,4065.11017,4065.53645,4064.04942,4064.14031
2026-08-04 14:55:00+00:00,4064.27095,4066.28922,4063.44838,4065.8081
2026-08-04 15:00:00+00:00,4064.93627,4064.93627,4062.58875,4063.87329
2026-08-04 15:05:00+00:00,4063.67684,4063.67684,4060.7488,4060.96273
2026-08-04 15:10:00+00:00,4061.3502,4061.3502,4057.61818,4057.75029
2026-08-04 15:15:00+00:00,4057.92011,4061.31683,4057.61171,4060.85118
2026-08-04 15:20:00+00:00,4060.24281,4062.44507,4060.24281,4061.62789
2026-08-04 15:25:00+00:00,4061.72628,4064.37978,4061.72628,4063.13696
2026-08-04 15:30:00+00:00,4062.96218,4067.02456,4062.75515,4063.41842
2026-08-04 15:35:00+00:00,4064.25186,4064.25186,4059.92449,4060.06233
2026-08-04 15:40:00+00:00,4060.44335,4062.57081,4059.70781,4062.29785
2026-08-04 15:45:00+00:00,4061.89107,4063.97811,4061.13277,4061.51553
2026-08-04 15:50:00+00:00,4062.29124,4062.29124,4059.65393,4061.38585
2026-08-04 15:55:00+00:00,4061.11449,4062.11461,4058.60627,4061.60119
2026-08-04 16:00:00+00:00,4060.95253,4065.22284,4060.95253,4064.8928
2026-08-04 16:05:00+00:00,4064.26691,4066.58882,4063.84485,4064.08152
2026-08-04 16:10:00+00:00,4064.47773,4064.47773,4063.22376,4064.17224
2026-08-04 16:15:00+00:00,4063.9659,4064.37978,4062.21337,4063.03876
2026-08-04 16:20:00+00:00,4062.83718,4065.04065,4061.57345,4064.89674
2026-08-04 16:25:00+00:00,4064.42432,4064.42432,4060.49885,4060.9812
2026-08-04 16:30:00+00:00,4061.84937,4061.84937,4057.12431,4057.37328
2026-08-04 16:35:00+00:00,4057.45418,4057.45418,4056.63056,4056.81146
2026-08-04 16:40:00+00:00,4056.78654,4059.1005,4056.63056,4059.04648
2026-08-04 16:45:00+00:00,4058.9235,4062.72853,4058.771,4061.62444
2026-08-04 16:50:00+00:00,4061.55519,4062.72853,4060.88069,4061.38102
2026-08-04 16:55:00+00:00,4061.69305,4062.50579,4059.38467,4062.00585
2026-08-04 17:00:00+00:00,4061.3658,4064.93867,4061.3658,4063.82536
2026-08-04 17:05:00+00:00,4064.2019,4065.48303,4064.2019,4064.40895
2026-08-04 17:10:00+00:00,4064.67437,4065.8301,4061.41427,4061.75994
2026-08-04 17:15:00+00:00,4062.24218,4064.56113,4060.7488,4063.96123
2026-08-04 17:20:00+00:00,4062.63801,4065.12181,4062.63801,4064.6694
2026-08-04 17:25:00+00:00,4063.94364,4065.53645,4063.38887,4063.45351
2026-08-04 17:30:00+00:00,4063.52274,4066.1977,4063.16283,4066.01456
2026-08-04 17:35:00+00:00,4065.70254,4066.50667,4062.72233,4063.22533
2026-08-04 17:40:00+00:00,4063.88938,4065.04065,4061.90341,4062.56057
2026-08-04 17:45:00+00:00,4062.84752,4064.48345,4062.72853,4064.33032
2026-08-04 17:50:00+00:00,4064.07628,4065.53645,4063.66812,4064.81031
2026-08-04 17:55:00+00:00,4064.91978,4065.53645,4064.07041,4065.50262
2026-08-04 18:00:00+00:00,4065.35699,4071.48036,4064.22702,4070.63224
2026-08-04 18:05:00+00:00,4069.29074,4072.65619,4068.84485,4070.03069
2026-08-04 18:10:00+00:00,4070.21133,4070.66678,4068.84485,4069.38871
2026-08-04 18:15:00+00:00,4069.72164,4069.72164,4067.35541,4067.42247
2026-08-04 18:20:00+00:00,4067.52809,4067.88873,4061.24355,4061.71984
2026-08-04 18:25:00+00:00,4062.57174,4062.90965,4060.7488,4062.41627
2026-08-04 18:30:00+00:00,4061.12872,4064.37978,4061.12872,4061.49383
2026-08-04 18:35:00+00:00,4061.96105,4064.00689,4059.53119,4059.89294
2026-08-04 18:40:00+00:00,4060.6543,4060.6543,4058.771,4058.968
2026-08-04 18:45:00+00:00,4059.09334,4059.48256,4056.46337,4056.55778
2026-08-04 18:50:00+00:00,4056.66568,4057.36405,4055.97242,4056.87698
2026-08-04 18:55:00+00:00,4056.67734,4056.72368,4054.9856,4055.44756
2026-08-04 19:00:00+00:00,4055.36481,4055.36481,4053.01342,4053.23589
2026-08-04 19:05:00+00:00,4053.61464,4053.61464,4050.87904,4050.97759
2026-08-04 19:10:00+00:00,4051.08333,4051.93816,4048.2552,4050.29204
2026-08-04 19:15:00+00:00,4049.80731,4051.69969,4049.80731,4051.64249
2026-08-04 19:20:00+00:00,4051.51401,4051.51401,4049.33271,4050.50859
2026-08-04 19:25:00+00:00,4050.218,4051.22982,4050.218,4051.18008
2026-08-04 19:30:00+00:00,4051.07348,4051.20726,4049.40271,4051.08913
2026-08-04 19:35:00+00:00,4050.79861,4050.79861,4047.10834,4047.47534
2026-08-04 19:40:00+00:00,4047.38194,4049.9326,4046.48706,4049.82654
2026-08-04 19:45:00+00:00,4049.54236,4050.71495,4048.74691,4050.57111
2026-08-04 19:50:00+00:00,4050.1631,4051.18498,4048.2552,4048.41326
2026-08-04 19:55:00+00:00,4048.43039,4049.66359,4047.65,4049.54053
2026-08-04 20:00:00+00:00,4049.35514,4049.73666,4048.583,4049.42735
2026-08-04 20:05:00+00:00,4049.26213,4050.2152,4047.87343,4047.91101
2026-08-04 20:10:00+00:00,4047.94928,4049.11981,4046.91725,4048.88516
2026-08-04 20:15:00+00:00,4048.5784,4049.23874,4046.28955,4047.84895
2026-08-04 20:20:00+00:00,4046.91469,4049.07479,4046.91469,4048.07259
2026-08-04 20:25:00+00:00,4048.2932,4049.73069,4047.93398,4049.59681
2026-08-04 20:30:00+00:00,4049.51876,4051.53553,4048.74691,4051.46185
2026-08-04 20:35:00+00:00,4051.30103,4051.30103,4049.23874,4049.36524
2026-08-04 20:40:00+00:00,4049.56906,4049.88898,4047.76361,4047.99149
2026-08-04 20:45:00+00:00,4048.12678,4060.41904,4045.56485,4060.21394
2026-08-04 20:50:00+00:00,4059.78013,4059.78013,4054.16363,4054.84166
2026-08-04 20:55:00+00:00,4055.38421,4056.31884,4053.6706,4053.93407
2026-08-04 21:00:00+00:00,4053.96032,4055.30179,4053.00953,4054.955
2026-08-04 21:05:00+00:00,4054.02135,4055.64343,4052.89129,4053.10124
2026-08-04 21:10:00+00:00,4053.65778,4058.20612,4053.65778,4057.85593
2026-08-04 21:15:00+00:00,4056.95173,4058.60627,4056.6121,4056.69808
2026-08-04 21:20:00+00:00,4056.80738,4058.95611,4055.17473,4058.78104
2026-08-04 21:25:00+00:00,4058.54635,4060.91371,4058.54635,4060.69303
2026-08-04 21:30:00+00:00,4060.36843,4064.87541,4060.04899,4064.40121
2026-08-04 21:35:00+00:00,4064.05812,4064.05812,4062.06841,4062.3035
2026-08-04 21:40:00+00:00,4062.28292,4065.77012,4060.7488,4064.46119
2026-08-04 21:45:00+00:00,4062.58801,4080.30031,4062.58801,4079.32111
2026-08-04 21:50:00+00:00,4077.71323,4084.01032,4075.14569,4076.39378
2026-08-04 21:55:00+00:00,4077.49513,4077.49513,4070.24683,4072.76497
2026-08-04 22:00:00+00:00,4070.88083,4077.33294,4066.36304,4069.17016
2026-08-04 22:05:00+00:00,4068.83899,4069.43852,4062.72853,4063.0625
2026-08-04 22:10:00+00:00,4063.51775,4064.21459,4061.90341,4062.01981
2026-08-04 22:15:00+00:00,4062.2176,4065.37117,4061.90341,4065.15602
2026-08-04 22:20:00+00:00,4064.73896,4068.20211,4064.73896,4067.97618
2026-08-04 22:25:00+00:00,4067.3257,4069.01042,4067.3257,4067.59207
2026-08-04 22:30:00+00:00,4067.72661,4075.31176,4067.64586,4074.29147
2026-08-04 22:35:00+00:00,4074.08551,4082.96587,4074.08551,4081.65176
2026-08-04 22:40:00+00:00,4081.38319,4084.01137,4079.02737,4083.1447
2026-08-04 22:45:00+00:00,4081.40795,4081.40795,4077.13948,4078.42251
2026-08-04 22:50:00+00:00,4078.33601,4078.33601,4074.38576,4074.60922
2026-08-04 22:55:00+00:00,4074.9047,4076.40922,4070.60897,4070.9014
2026-08-04 23:00:00+00:00,4071.28831,4071.53287,4065.00829,4065.70188
2026-08-04 23:05:00+00:00,4066.64463,4066.64463,4062.50782,4065.212
2026-08-04 23:10:00+00:00,4064.89832,4067.25107,4063.38887,4063.62545
2026-08-04 23:15:00+00:00,4063.75206,4065.37117,4063.22376,4063.25825
2026-08-04 23:20:00+00:00,4063.37448,4085.91609,4063.37448,4084.81954
2026-08-04 23:25:00+00:00,4082.77151,4087.30483,4077.47197,4078.68524
2026-08-04 23:30:00+00:00,4079.04613,4082.67588,4076.14234,4081.34739
2026-08-04 23:35:00+00:00,4078.93276,4089.24944,4078.93276,4085.93185
2026-08-04 23:40:00+00:00,4084.51319,4089.85805,4084.51319,4086.61149
2026-08-04 23:45:00+00:00,4087.91021,4092.13736,4079.86994,4091.11808
2026-08-04 23:50:00+00:00,4089.83909,4093.66301,4087.80607,4088.0632
2026-08-04 23:55:00+00:00,4088.51701,4089.4142,4084.63361,4084.75837
2026-08-05 00:00:00+00:00,4084.95314,4089.09885,4083.72213,4088.7033
2026-08-05 00:05:00+00:00,4087.91315,4089.84349,4086.97074,4089.16642
2026-08-05 00:10:00+00:00,4087.48411,4090.75003,4087.48411,4090.66913
2026-08-05 00:15:00+00:00,4090.49714,4091.14949,4083.29931,4083.6308
2026-08-05 00:20:00+00:00,4084.224,4084.66043,4081.95142,4082.18076
2026-08-05 00:25:00+00:00,4082.61727,4085.96878,4081.63265,4085.79592
2026-08-05 00:30:00+00:00,4085.43461,4088.45903,4080.04417,4087.31831
2026-08-05 00:35:00+00:00,4084.73728,4085.31918,4076.3085,4078.03724
2026-08-05 00:40:00+00:00,4077.43839,4080.13383,4076.93299,4077.21506
2026-08-05 00:45:00+00:00,4077.96577,4080.93989,4077.96577,4078.65004
2026-08-05 00:50:00+00:00,4079.13887,4083.6328,4079.13887,4082.27164
2026-08-05 00:55:00+00:00,4082.53887,4084.36627,4082.53887,4084.18787
2026-08-05 01:00:00+00:00,4083.89592,4084.76276,4081.79926,4081.97888
2026-08-05 01:05:00+00:00,4082.26749,4082.46581,4080.79984,4080.95277
2026-08-05 01:10:00+00:00,4081.22979,4085.96878,4081.22979,4084.97697
2026-08-05 01:15:00+00:00,4084.86846,4086.69636,4077.13948,4077.39073
2026-08-05 01:20:00+00:00,4077.78384,4077.78384,4076.31906,4077.12885
2026-08-05 01:25:00+00:00,4077.00862,4077.47262,4075.9762,4077.43863
2026-08-05 01:30:00+00:00,4077.24776,4079.4384,4076.6586,4079.26609
2026-08-05 01:35:00+00:00,4078.95821,4084.74422,4077.22805,4083.29032
2026-08-05 01:40:00+00:00,4080.68943,4086.6367,4080.68943,4084.36297
2026-08-05 01:45:00+00:00,4084.45751,4084.45751,4083.10464,4083.72927
2026-08-05 01:50:00+00:00,4083.5346,4088.47459,4082.7483,4088.13629
2026-08-05 01:55:00+00:00,4087.47884,4088.44551,4087.13778,4087.8135
2026-08-05 02:00:00+00:00,4087.75988,4087.75988,4086.37552,4087.09229
2026-08-05 02:05:00+00:00,4086.95475,4086.95475,4084.80046,4086.65446
2026-08-05 02:10:00+00:00,4086.45299,4086.96909,4085.2435,4086.73463
2026-08-05 02:15:00+00:00,4086.42134,4086.42134,4084.32622,4084.61178
2026-08-05 02:20:00+00:00,4085.01459,4087.38617,4083.40065,4084.79942
2026-08-05 02:25:00+00:00,4085.62762,4089.64502,4085.54449,4089.55533
2026-08-05 02:30:00+00:00,4089.35908,4089.35908,4087.13778,4087.29324
2026-08-05 02:35:00+00:00,4087.52712,4088.33623,4085.30109,4085.44914
2026-08-05 02:40:00+00:00,4085.63912,4089.00166,4084.93151,4088.73478
2026-08-05 02:45:00+00:00,4088.02132,4091.74903,4088.02132,4091.24306
2026-08-05 02:50:00+00:00,4090.36992,4093.32788,4090.36992,4091.18557
2026-08-05 02:55:00+00:00,4091.44211,4093.74217,4090.81612,4093.62954
2026-08-05 03:00:00+00:00,4093.40369,4100.57549,4091.72927,4099.91308
2026-08-05 03:05:00+00:00,4098.31229,4105.94294,4097.62092,4100.76625
2026-08-05 03:10:00+00:00,4101.09649,4101.20639,4098.86461,4099.94056
2026-08-05 03:15:00+00:00,4100.1045,4101.92794,4097.68676,4098.43804
2026-08-05 03:20:00+00:00,4099.7771,4100.33053,4097.35311,4098.54176
2026-08-05 03:25:00+00:00,4098.94562,4100.71352,4095.49519,4096.14447
2026-08-05 03:30:00+00:00,4097.4998,4097.4998,4092.3228,4094.11575
2026-08-05 03:35:00+00:00,4093.98471,4095.84272,4093.32788,4095.2311
2026-08-05 03:40:00+00:00,4095.31571,4095.50723,4093.8306,4095.16639
2026-08-05 03:45:00+00:00,4094.52506,4096.35931,4093.9982,4094.1809
2026-08-05 03:50:00+00:00,4094.49995,4094.83176,4090.35186,4090.48277
2026-08-05 03:55:00+00:00,4090.69599,4090.69599,4087.09702,4087.40955
2026-08-05 04:00:00+00:00,4088.04835,4088.04835,4085.37829,4087.25788
2026-08-05 04:05:00+00:00,4087.07561,4088.79349,4087.07561,4088.09534
2026-08-05 04:10:00+00:00,4088.35794,4088.35794,4086.4697,4088.1716
2026-08-05 04:15:00+00:00,4087.97095,4088.30744,4087.18672,4087.34211
2026-08-05 04:20:00+00:00,4087.59686,4088.30744,4086.56583,4088.20988
2026-08-05 04:25:00+00:00,4087.98039,4087.98039,4084.63361,4084.80463
2026-08-05 04:30:00+00:00,4085.05042,4085.46799,4083.79957,4083.91593
2026-08-05 04:35:00+00:00,4084.10596,4084.14024,4079.3859,4079.7262
2026-08-05 04:40:00+00:00,4080.31851,4080.31851,4076.97326,4077.10973
2026-08-05 04:45:00+00:00,4077.29257,4079.7415,4075.86501,4079.20593
2026-08-05 04:50:00+00:00,4078.29259,4081.14033,4078.29259,4079.68719
2026-08-05 04:55:00+00:00,4079.64957,4080.96637,4079.41784,4080.08181
2026-08-05 05:00:00+00:00,4080.31708,4082.13251,4079.30117,4081.13711
2026-08-05 05:05:00+00:00,4081.28249,4083.32927,4080.30031,4083.0914
2026-08-05 05:10:00+00:00,4082.53335,4084.46677,4082.53335,4083.4477
2026-08-05 05:15:00+00:00,4083.68198,4084.43405,4081.46606,4084.18144
2026-08-05 05:20:00+00:00,4083.8538,4084.63361,4081.94335,4082.19073
2026-08-05 05:25:00+00:00,4082.65848,4082.65848,4079.46804,4080.41497
2026-08-05 05:30:00+00:00,4080.28511,4081.05584,4079.13522,4079.79757
2026-08-05 05:35:00+00:00,4079.23625,4080.87781,4079.23625,4080.83777
2026-08-05 05:40:00+00:00,4080.63747,4082.46581,4080.61054,4082.03062
2026-08-05 05:45:00+00:00,4081.96844,4082.13251,4079.96736,4080.11254
2026-08-05 05:50:00+00:00,4080.35256,4080.35256,4077.9071,4077.99655
2026-08-05 05:55:00+00:00,4078.128,4079.30162,4076.47466,4079.08716
2026-08-05 06:00:00+00:00,4078.7486,4079.14928,4078.72293,4079.01201
2026-08-05 06:05:00+00:00,4078.97566,4079.96736,4078.46976,4079.72266
2026-08-05 06:10:00+00:00,4079.68034,4080.30031,4078.96884,4079.19006
2026-08-05 06:15:00+00:00,4079.39483,4079.39483,4075.60153,4076.05344
2026-08-05 06:20:00+00:00,4077.0342,4077.0342,4074.97963,4075.19474
2026-08-05 06:25:00+00:00,4075.14793,4076.2063,4075.10527,4075.74456
2026-08-05 06:30:00+00:00,4075.85999,4077.04435,4075.31176,4076.89536
2026-08-05 06:35:00+00:00,4076.69431,4077.63823,4076.69431,4077.2074
2026-08-05 06:40:00+00:00,4077.31554,4078.6361,4076.90792,4078.00057
2026-08-05 06:45:00+00:00,4077.9394,4077.9708,4076.3085,4076.41727
2026-08-05 06:50:00+00:00,4076.59814,4078.13711,4076.59814,4076.85695
2026-08-05 06:55:00+00:00,4077.03245,4078.01811,4076.70557,4077.39577
2026-08-05 07:00:00+00:00,4077.53527,4077.92031,4077.13948,4077.75367
2026-08-05 07:05:00+00:00,4077.66304,4077.85202,4077.63823,4077.75267
2026-08-05 07:10:00+00:00,4077.6844,4077.90224,4077.60992,4077.65022
2026-08-05 07:15:00+00:00,4077.65701,4077.7744,4077.30572,4077.68867
2026-08-05 07:20:00+00:00,4077.61067,4077.89482,4077.55082,4077.80373
2026-08-05 07:25:00+00:00,4077.72737,4077.80419,4077.59503,4077.73273
2026-08-05 07:30:00+00:00,4077.6634,4077.82917,4077.60224,4077.63936
2026-08-05 07:35:00+00:00,4077.65891,4077.79372,4077.60478,4077.65322
2026-08-05 07:40:00+00:00,4077.67792,4078.03744,4077.46756,4077.96696
2026-08-05 07:45:00+00:00,4077.87569,4077.87569,4077.63823,4077.76111
2026-08-05 07:50:00+00:00,4077.70109,4077.83528,4077.5837,4077.61932
2026-08-05 07:55:00+00:00,4077.645,4077.8012,4077.6054,4077.70545
2026-08-05 08:00:00+00:00,4077.6532,4079.23281,4077.13948,4077.21803
2026-08-05 08:05:00+00:00,4077.18803,4078.6361,4076.97326,4077.58333
2026-08-05 08:10:00+00:00,4077.4507,4077.4965,4076.64085,4076.71293
2026-08-05 08:15:00+00:00,4076.881,4077.92862,4076.14234,4076.35248
2026-08-05 08:20:00+00:00,4076.33798,4077.63823,4076.14234,4076.73483
2026-08-05 08:25:00+00:00,4076.83938,4079.80091,4075.76546,4079.64916
2026-08-05 08:30:00+00:00,4079.25374,4080.78215,4079.239,4080.6672
2026-08-05 08:35:00+00:00,4080.27708,4084.18702,4080.27708,4083.95761
2026-08-05 08:40:00+00:00,4083.59479,4086.05472,4083.37188,4083.59216
2026-08-05 08:45:00+00:00,4084.00399,4085.57053,4081.29949,4082.85326
2026-08-05 08:50:00+00:00,4082.65067,4083.79957,4080.79984,4081.05886
2026-08-05 08:55:00+00:00,4081.47519,4081.47519,4076.3085,4076.59445
2026-08-05 09:00:00+00:00,4077.15309,4077.15309,4069.34158,4069.48259
2026-08-05 09:05:00+00:00,4069.70916,4071.65702,4069.16569,4069.91661
2026-08-05 09:10:00+00:00,4070.40088,4073.1061,4070.40088,4072.78945
2026-08-05 09:15:00+00:00,4072.4035,4074.64754,4072.15865,4074.23394
2026-08-05 09:20:00+00:00,4073.85979,4073.93784,4069.17599,4069.35917
2026-08-05 09:25:00+00:00,4069.67062,4069.92922,4065.90565,4067.90599
2026-08-05 09:30:00+00:00,4067.68677,4069.83843,4067.02456,4068.72343
2026-08-05 09:35:00+00:00,4069.23558,4069.50718,4068.0834,4069.4652
2026-08-05 09:40:00+00:00,4069.29529,4069.79348,4068.40966,4069.06377
2026-08-05 09:45:00+00:00,4069.17562,4071.53876,4068.6012,4071.02398
2026-08-05 09:50:00+00:00,4070.05373,4072.13493,4070.05373,4071.83443
2026-08-05 09:55:00+00:00,4071.85608,4073.07926,4071.66124,4072.94209
2026-08-05 10:00:00+00:00,4072.75749,4074.48152,4070.99821,4073.21469
2026-08-05 10:05:00+00:00,4073.31602,4074.0453,4073.02225,4073.25734
2026-08-05 10:10:00+00:00,4073.64722,4073.64722,4071.66124,4073.04793
2026-08-05 10:15:00+00:00,4072.75249,4075.22442,4071.07629,4074.89625
2026-08-05 10:20:00+00:00,4074.16679,4077.63823,4074.16679,4077.42121
2026-08-05 10:25:00+00:00,4076.89473,4078.80246,4076.64085,4078.71547
2026-08-05 10:30:00+00:00,4078.47654,4080.79984,4078.2042,4079.0609
2026-08-05 10:35:00+00:00,4079.19359,4082.15064,4079.19359,4081.13607
2026-08-05 10:40:00+00:00,4081.69791,4081.85004,4079.14704,4080.3968
2026-08-05 10:45:00+00:00,4080.31364,4080.31364,4078.13711,4079.02387
2026-08-05 10:50:00+00:00,4078.74231,4083.29931,4078.60506,4082.71478
2026-08-05 10:55:00+00:00,4082.42207,4083.13258,4081.96587,4082.03607
2026-08-05 11:00:00+00:00,4082.04942,4084.80234,4078.12536,4080.16205
2026-08-05 11:05:00+00:00,4079.85525,4082.79917,4079.85525,4082.41362
2026-08-05 11:10:00+00:00,4082.25427,4086.13574,4080.57537,4086.02981
2026-08-05 11:15:00+00:00,4085.61499,4088.1403,4083.96635,4086.85357
2026-08-05 11:20:00+00:00,4086.95258,4087.63898,4086.89905,4087.46784
2026-08-05 11:25:00+00:00,4087.36878,4088.03297,4082.58054,4082.82176
2026-08-05 11:30:00+00:00,4083.33141,4085.9952,4082.29915,4082.47312
2026-08-05 11:35:00+00:00,4082.75702,4089.81228,4081.98209,4088.22267
2026-08-05 11:40:00+00:00,4088.05096,4092.81984,4088.05096,4092.6435
2026-08-05 11:45:00+00:00,4092.35617,4094.66874,4092.35617,4093.71629
2026-08-05 11:50:00+00:00,4093.77385,4094.83641,4093.38328,4094.73665
2026-08-05 11:55:00+00:00,4094.4374,4102.05923,4092.90541,4101.8736
2026-08-05 12:00:00+00:00,4101.34543,4102.05923,4098.1927,4098.61116
2026-08-05 12:05:00+00:00,4098.75473,4099.20775,4097.01737,4098.40552
2026-08-05 12:10:00+00:00,4098.13479,4100.88169,4097.4288,4099.56544
2026-08-05 12:15:00+00:00,4099.46312,4100.73685,4096.68169,4096.84461
2026-08-05 12:20:00+00:00,4097.10921,4103.25784,4096.41207,4100.87587
2026-08-05 12:25:00+00:00,4101.26722,4107.61963,4101.26722,4102.90961
2026-08-05 12:30:00+00:00,4103.52484,4108.96988,4103.40583,4108.01027
2026-08-05 12:35:00+00:00,4107.63647,4121.16217,4104.56266,4120.39698
2026-08-05 12:40:00+00:00,4118.90103,4128.81916,4118.10732,4126.20648
2026-08-05 12:45:00+00:00,4126.49523,4130.86583,4126.49523,4130.63479
2026-08-05 12:50:00+00:00,4130.02226,4130.89641,4126.09341,4126.20539
2026-08-05 12:55:00+00:00,4126.70236,4135.36861,4126.70236,4130.94473
2026-08-05 13:00:00+00:00,4131.61954,4131.61954,4127.45584,4128.35369
2026-08-05 13:05:00+00:00,4128.18236,4135.30725,4127.9529,4134.82495
2026-08-05 13:10:00+00:00,4133.88917,4135.6493,4131.65059,4134.76152
2026-08-05 13:15:00+00:00,4135.02161,4135.82034,4131.35967,4131.45561
2026-08-05 13:20:00+00:00,4131.5857,4132.40217,4130.5915,4132.21156
2026-08-05 13:25:00+00:00,4131.94085,4132.98197,4130.56766,4132.34316
2026-08-05 13:30:00+00:00,4132.24112,4132.24112,4128.65281,4128.96697
2026-08-05 13:35:00+00:00,4129.37875,4129.37875,4127.91181,4128.15041
2026-08-05 13:40:00+00:00,4128.38997,4128.81916,4127.79658,4128.28157
2026-08-05 13:45:00+00:00,4128.04883,4130.18338,4127.45251,4128.51103
2026-08-05 13:50:00+00:00,4128.74621,4128.74621,4127.79658,4127.82271
2026-08-05 13:55:00+00:00,4127.9423,4129.33064,4127.9423,4128.86085
2026-08-05 14:00:00+00:00,4128.90558,4135.37399,4128.90558,4135.00201
2026-08-05 14:05:00+00:00,4133.99682,4140.10102,4133.99682,4139.90867
2026-08-05 14:10:00+00:00,4139.55877,4141.3012,4138.99083,4139.53047
2026-08-05 14:15:00+00:00,4140.72598,4140.72598,4138.21643,4140.31077
2026-08-05 14:20:00+00:00,4139.87685,4140.81991,4139.55317,4140.068
2026-08-05 14:25:00+00:00,4139.93954,4139.93954,4138.38768,4138.51372
2026-08-05 14:30:00+00:00,4138.71491,4138.71491,4137.36036,4138.03349
2026-08-05 14:35:00+00:00,4137.95048,4137.95048,4134.22542,4134.63101
2026-08-05 14:40:00+00:00,4135.49877,4136.16247,4133.19225,4135.94584
2026-08-05 14:45:00+00:00,4135.75523,4135.75523,4133.83471,4134.05447
2026-08-05 14:50:00+00:00,4134.33192,4134.5646,4132.98936,4133.15341
2026-08-05 14:55:00+00:00,4133.43198,4135.6493,4133.43198,4134.85877
2026-08-05 15:00:00+00:00,4134.91838,4136.07422,4134.91838,4136.00924
2026-08-05 15:05:00+00:00,4135.74513,4138.21984,4135.74513,4137.91183
2026-08-05 15:10:00+00:00,4137.38599,4137.87396,4135.9914,4137.78219
2026-08-05 15:15:00+00:00,4137.57853,4137.57853,4136.33355,4136.78507
2026-08-05 15:20:00+00:00,4136.69088,4140.90526,4136.55368,4140.57188
2026-08-05 15:25:00+00:00,4139.84891,4142.80516,4138.38768,4138.47327
2026-08-05 15:30:00+00:00,4138.67083,4144.18598,4138.67083,4140.45679
2026-08-05 15:35:00+00:00,4140.83517,4153.11548,4140.83517,4152.48371
2026-08-05 15:40:00+00:00,4150.86492,4156.38695,4150.37572,4151.21286
2026-08-05 15:45:00+00:00,4152.7522,4171.35945,4152.7522,4162.11479
2026-08-05 15:50:00+00:00,4163.80997,4172.22964,4163.80997,4166.86573
2026-08-05 15:55:00+00:00,4167.90906,4169.96789,4162.62161,4163.61832
2026-08-05 16:00:00+00:00,4164.93596,4164.93596,4160.59913,4160.91886
2026-08-05 16:05:00+00:00,4161.39121,4167.19018,4161.39121,4166.20005
2026-08-05 16:10:00+00:00,4164.44542,4173.9139,4164.44542,4173.68778
2026-08-05 16:15:00+00:00,4173.38874,4174.48647,4167.70859,4167.92223
2026-08-05 16:20:00+00:00,4168.26999,4168.26999,4163.89074,4166.15191
2026-08-05 16:25:00+00:00,4165.81379,4167.5853,4164.23753,4167.15452
2026-08-05 16:30:00+00:00,4166.32956,4171.62836,4166.32956,4171.32125
2026-08-05 16:35:00+00:00,4170.60139,4178.02668,4169.8835,4174.58369
2026-08-05 16:40:00+00:00,4175.01628,4176.41163,4173.6227,4173.86524
2026-08-05 16:45:00+00:00,4174.29349,4176.58606,4171.75918,4172.31434
2026-08-05 16:50:00+00:00,4172.92415,4176.30348,4172.92415,4173.51721
2026-08-05 16:55:00+00:00,4174.02941,4177.98203,4174.02941,4177.67399
2026-08-05 17:00:00+00:00,4176.90168,4179.30077,4173.1028,4173.78102
2026-08-05 17:05:00+00:00,4175.23561,4175.23561,4169.27246,4169.84008
2026-08-05 17:10:00+00:00,4170.18915,4171.70748,4166.49306,4166.78632
2026-08-05 17:15:00+00:00,4167.2817,4168.4035,4166.16448,4166.48539
2026-08-05 17:20:00+00:00,4166.95552,4168.75104,4166.95552,4167.65095
2026-08-05 17:25:00+00:00,4167.74766,4169.39297,4164.35881,4165.41576
2026-08-05 17:30:00+00:00,4165.3621,4165.3621,4163.63562,4163.83556
2026-08-05 17:35:00+00:00,4164.1954,4165.76417,4162.57354,4165.37773
2026-08-05 17:40:00+00:00,4164.38295,4166.40142,4164.38295,4166.24466
2026-08-05 17:45:00+00:00,4165.91057,4169.36944,4164.06413,4164.47944
2026-08-05 17:50:00+00:00,4165.33995,4168.05602,4165.33995,4166.01324
2026-08-05 17:55:00+00:00,4166.78973,4171.51989,4164.86874,4171.25667
2026-08-05 18:00:00+00:00,4170.65389,4172.01389,4169.62015,4169.66453
2026-08-05 18:05:00+00:00,4169.84906,4170.48962,4168.57726,4168.62646
2026-08-05 18:10:00+00:00,4168.41115,4170.31569,4168.22975,4168.86011
2026-08-05 18:15:00+00:00,4168.6317,4170.31762,4164.93128,4166.3759
2026-08-05 18:20:00+00:00,4166.72914,4166.72914,4162.91707,4163.19985
2026-08-05 18:25:00+00:00,4163.73258,4164.63004,4162.50416,4163.74003
2026-08-05 18:30:00+00:00,4163.72057,4165.79879,4163.71737,4165.67095
2026-08-05 18:35:00+00:00,4165.32388,4165.62526,4164.06729,4164.52333
2026-08-05 18:40:00+00:00,4164.71022,4166.1459,4162.33091,4165.90498
2026-08-05 18:45:00+00:00,4165.48432,4166.92531,4160.07987,4162.99197
2026-08-05 18:50:00+00:00,4162.55997,4162.55997,4160.59913,4161.07498
2026-08-05 18:55:00+00:00,4161.20698,4161.47778,4160.07987,4160.16279
2026-08-05 19:00:00+00:00,4160.20114,4164.58437,4159.17125,4164.12597
2026-08-05 19:05:00+00:00,4163.68512,4166.84029,4163.68512,4166.65096
2026-08-05 19:10:00+00:00,4166.23569,4166.23569,4163.02402,4163.14306
2026-08-05 19:15:00+00:00,4163.33862,4163.33862,4160.88266,4162.69727
2026-08-05 19:20:00+00:00,4162.94094,4162.94094,4155.58511,4157.99367
2026-08-05 19:25:00+00:00,4157.69176,4158.00416,4156.79428,4157.47771
2026-08-05 19:30:00+00:00,4157.01479,4158.00416,4154.91009,4157.31186
2026-08-05 19:35:00+00:00,4157.28188,4159.04176,4155.23976,4158.79482
2026-08-05 19:40:00+00:00,4158.28263,4158.86327,4155.93051,4157.28799
2026-08-05 19:45:00+00:00,4156.87786,4158.17706,4156.87786,4157.576
2026-08-05 19:50:00+00:00,4157.79134,4157.79134,4156.6215,4157.57882
2026-08-05 19:55:00+00:00,4157.39563,4159.04176,4152.38315,4158.57495
2026-08-05 20:00:00+00:00,4157.77575,4158.96979,4152.65147,4152.86573
2026-08-05 20:05:00+00:00,4153.1727,4154.03149,4152.30661,4152.89552
2026-08-05 20:10:00+00:00,4153.02833,4153.3279,4151.27236,4151.40366
2026-08-05 20:15:00+00:00,4151.61717,4155.19868,4150.27668,4154.61738
2026-08-05 20:20:00+00:00,4153.24975,4158.17706,4153.24975,4156.41127
2026-08-05 20:25:00+00:00,4156.30658,4157.48555,4155.9902,4156.43671
2026-08-05 20:30:00+00:00,4156.60195,4158.00416,4155.28791,4157.48131
2026-08-05 20:35:00+00:00,4157.39712,4158.24219,4153.4626,4156.07312
2026-08-05 20:40:00+00:00,4155.65547,4156.6215,4154.7317,4155.06036
2026-08-05 20:45:00+00:00,4155.67705,4156.79428,4154.25277,4154.67428
2026-08-05 20:50:00+00:00,4154.9573,4156.09682,4154.33649,4155.73459
2026-08-05 20:55:00+00:00,4155.27319,4161.81122,4155.27319,4161.57112
2026-08-05 21:00:00+00:00,4161.06535,4162.75988,4159.96208,4162.68264
2026-08-05 21:05:00+00:00,4162.38652,4165.15123,4161.98286,4164.98445
2026-08-05 21:10:00+00:00,4164.58851,4170.06348,4164.46473,4168.09253
2026-08-05 21:15:00+00:00,4168.90605,4171.86577,4168.90605,4171.75115
2026-08-05 21:20:00+00:00,4171.51931,4173.1002,4169.79401,4169.97723
2026-08-05 21:25:00+00:00,4170.36009,4180.07775,4169.79401,4179.41077
2026-08-05 21:30:00+00:00,4178.43019,4180.95158,4175.19101,4180.74784
2026-08-05 21:35:00+00:00,4180.44021,4187.254,4178.31715,4186.34336
2026-08-05 21:40:00+00:00,4186.20549,4187.78006,4182.70035,4187.60378
2026-08-05 21:45:00+00:00,4187.27687,4187.27687,4183.22527,4186.45626
2026-08-05 21:50:00+00:00,4186.0936,4189.18353,4185.50828,4189.01925
2026-08-05 21:55:00+00:00,4188.72041,4192.51393,4188.6125,4192.23189
2026-08-05 22:00:00+00:00,4191.54952,4194.20884,4189.53454,4193.51191
2026-08-05 22:05:00+00:00,4191.7343,4197.99156,4191.7343,4197.29057
2026-08-05 22:10:00+00:00,4197.42064,4199.38689,4197.42064,4199.30796
2026-08-05 22:15:00+00:00,4199.13308,4207.69166,4198.50533,4207.4326
2026-08-05 22:20:00+00:00,4207.1674,4212.47736,4203.25996,4212.27084
2026-08-05 22:25:00+00:00,4211.80908,4211.97767,4205.68308,4206.77944
2026-08-05 22:30:00+00:00,4208.39759,4211.96182,4198.15281,4199.12093
2026-08-05 22:35:00+00:00,4199.29699,4202.21036,4198.03416,4201.49831
2026-08-05 22:40:00+00:00,4201.54125,4203.28873,4194.0338,4194.328
2026-08-05 22:45:00+00:00,4194.91703,4195.85062,4191.99329,4195.43156
2026-08-05 22:50:00+00:00,4194.92922,4194.92922,4187.95544,4188.33629
2026-08-05 22:55:00+00:00,4188.83682,4189.92607,4183.83989,4184.10763
2026-08-05 23:00:00+00:00,4184.38768,4194.25506,4183.16763,4193.78539
2026-08-05 23:05:00+00:00,4192.55281,4196.21501,4192.55281,4195.0517
2026-08-05 23:10:00+00:00,4194.80132,4194.80683,4186.20228,4188.29635
2026-08-05 23:15:00+00:00,4188.53265,4189.00804,4186.90337,4187.04344
2026-08-05 23:20:00+00:00,4187.482,4197.80035,4187.482,4197.48434
2026-08-05 23:25:00+00:00,4196.91168,4196.91168,4194.279,4196.4612
2026-08-05 23:30:00+00:00,4195.83594,4201.77189,4195.83594,4201.46922
2026-08-05 23:35:00+00:00,4201.00272,4202.05658,4193.92719,4194.17679
2026-08-05 23:40:00+00:00,4194.61829,4201.50414,4194.58162,4199.22103
2026-08-05 23:45:00+00:00,4199.53345,4199.7701,4193.13336,4193.42546
2026-08-05 23:50:00+00:00,4193.79558,4202.56356,4186.18319,4201.4725
2026-08-05 23:55:00+00:00,4199.51865,4204.37258,4199.51865,4203.94021
2026-08-06 00:00:00+00:00,4203.04279,4208.89736,4203.04279,4208.46411
2026-08-06 00:05:00+00:00,4207.71013,4227.07867,4207.71013,4226.16971
2026-08-06 00:10:00+00:00,4224.51602,4234.05877,4224.51602,4226.00567
2026-08-06 00:15:00+00:00,4226.95357,4235.89892,4226.95357,4234.07998
2026-08-06 00:20:00+00:00,4230.15239,4238.54533,4230.15239,4231.91671
2026-08-06 00:25:00+00:00,4232.57593,4238.00644,4230.33522,4237.52109
2026-08-06 00:30:00+00:00,4236.89174,4239.80327,4233.45601,4233.97057
2026-08-06 00:35:00+00:00,4234.78543,4234.78543,4230.65533,4230.89127
2026-08-06 00:40:00+00:00,4230.84427,4241.33868,4230.84427,4240.36431
2026-08-06 00:45:00+00:00,4239.07867,4244.30659,4239.07867,4243.90985
2026-08-06 00:50:00+00:00,4243.33825,4248.05408,4236.36866,4236.99136
2026-08-06 00:55:00+00:00,4238.36312,4246.2845,4235.49343,4243.81868
2026-08-06 01:00:00+00:00,4243.79968,4258.7624,4243.50256,4258.12722
2026-08-06 01:05:00+00:00,4256.86609,4257.64081,4253.32823,4253.56025
2026-08-06 01:10:00+00:00,4253.58619,4260.03238,4252.44836,4258.62078
2026-08-06 01:15:00+00:00,4258.67684,4259.53469,4250.87872,4251.51722
2026-08-06 01:20:00+00:00,4252.60753,4260.57688,4252.60753,4260.45107
2026-08-06 01:25:00+00:00,4260.27814,4267.13964,4257.67446,4258.32511
2026-08-06 01:30:00+00:00,4259.54584,4259.54584,4255.31915,4258.15301
2026-08-06 01:35:00+00:00,4257.98689,4258.01431,4254.95702,4257.69562
2026-08-06 01:40:00+00:00,4257.13405,4258.58104,4254.77599,4254.90616
2026-08-06 01:45:00+00:00,4255.09366,4255.80263,4251.15844,4251.24778
2026-08-06 01:50:00+00:00,4251.38298,4251.87503,4242.61992,4243.07696
2026-08-06 01:55:00+00:00,4244.06521,4244.62658,4234.23805,4234.42576
2026-08-06 02:00:00+00:00,4234.83156,4237.2187,4227.11571,4227.86213
2026-08-06 02:05:00+00:00,4229.55447,4234.95532,4225.7867,4234.77018
2026-08-06 02:10:00+00:00,4234.33557,4236.21113,4232.62507,4233.71501
2026-08-06 02:15:00+00:00,4233.55534,4236.21113,4233.52102,4236.18821
2026-08-06 02:20:00+00:00,4236.11456,4239.98304,4235.67284,4239.64585
2026-08-06 02:25:00+00:00,4238.8047,4241.67062,4238.8047,4241.24128
2026-08-06 02:30:00+00:00,4241.01108,4242.50138,4239.56089,4239.79075
2026-08-06 02:35:00+00:00,4240.16377,4245.92391,4240.16377,4245.68026
2026-08-06 02:40:00+00:00,4245.20535,4247.00586,4244.48217,4244.6684
2026-08-06 02:45:00+00:00,4244.93373,4247.07774,4241.06196,4242.64996
2026-08-06 02:50:00+00:00,4242.57425,4247.00586,4241.66898,4246.60137
2026-08-06 02:55:00+00:00,4245.71309,4246.13312,4237.82684,4240.74209
2026-08-06 03:00:00+00:00,4240.0459,4242.00999,4239.44378,4241.24455
2026-08-06 03:05:00+00:00,4240.71005,4243.40151,4240.71005,4242.51321
2026-08-06 03:10:00+00:00,4242.88119,4243.40151,4241.7482,4242.04215
2026-08-06 03:15:00+00:00,4242.61396,4242.61396,4238.79682,4239.1528
2026-08-06 03:20:00+00:00,4239.86933,4239.86933,4237.64726,4239.03444
2026-08-06 03:25:00+00:00,4238.11459,4244.80185,4235.79107,4244.19546
2026-08-06 03:30:00+00:00,4243.36884,4246.29365,4241.51355,4245.25823
2026-08-06 03:35:00+00:00,4243.85449,4249.96612,4243.85449,4249.40223
2026-08-06 03:40:00+00:00,4248.04035,4250.7564,4248.04035,4249.97166
2026-08-06 03:45:00+00:00,4249.62086,4250.25502,4247.32139,4250.05428
2026-08-06 03:50:00+00:00,4249.73107,4250.53108,4248.81033,4249.11782
2026-08-06 03:55:00+00:00,4249.24843,4252.42388,4248.83256,4251.05209
2026-08-06 04:00:00+00:00,4251.78143,4254.23296,4249.31528,4251.89887
2026-08-06 04:05:00+00:00,4252.21117,4256.58707,4250.63404,4256.40809
2026-08-06 04:10:00+00:00,4256.13542,4257.23769,4253.97793,4255.41678
2026-08-06 04:15:00+00:00,4256.35425,4256.78614,4252.60472,4256.48317
2026-08-06 04:20:00+00:00,4255.64781,4265.11985,4255.64454,4264.80165
2026-08-06 04:25:00+00:00,4264.09069,4264.47524,4262.66466,4262.71659
2026-08-06 04:30:00+00:00,4262.88683,4263.16114,4256.58707,4257.00994
2026-08-06 04:35:00+00:00,4257.82769,4257.91651,4255.50023,4257.57795
2026-08-06 04:40:00+00:00,4256.74773,4260.08746,4256.74773,4259.99662
2026-08-06 04:45:00+00:00,4259.81595,4261.35618,4258.53837,4260.89351
2026-08-06 04:50:00+00:00,4259.98633,4262.39291,4257.85574,4262.32122
2026-08-06 04:55:00+00:00,4262.05386,4263.11975,4261.46355,4261.60403
2026-08-06 05:00:00+00:00,4261.81634,4261.81634,4259.66945,4259.83614
2026-08-06 05:05:00+00:00,4260.33387,4261.66631,4258.52094,4260.85588
2026-08-06 05:10:00+00:00,4259.95389,4259.95389,4256.58707,4258.49363
2026-08-06 05:15:00+00:00,4258.32523,4259.12339,4253.14661,4253.95849
2026-08-06 05:20:00+00:00,4255.2248,4255.68133,4250.62121,4255.33366
2026-08-06 05:25:00+00:00,4254.72975,4256.31411,4252.96644,4253.21418
2026-08-06 05:30:00+00:00,4253.53664,4255.6951,4250.56412,4250.65801
2026-08-06 05:35:00+00:00,4250.7911,4250.7911,4249.17141,4250.29409
2026-08-06 05:40:00+00:00,4250.22134,4253.88302,4249.28488,4253.59247
2026-08-06 05:45:00+00:00,4253.11222,4253.90822,4248.98003,4249.28654
2026-08-06 05:50:00+00:00,4249.88425,4249.88425,4247.54704,4248.23682
2026-08-06 05:55:00+00:00,4248.46178,4249.94826,4246.8255,4247.01607
2026-08-06 06:00:00+00:00,4247.35423,4249.89375,4245.8228,4248.25218
2026-08-06 06:05:00+00:00,4248.2017,4248.76378,4247.18624,4247.32028
2026-08-06 06:10:00+00:00,4247.50121,4249.19547,4246.87351,4249.01994
2026-08-06 06:15:00+00:00,4248.50347,4250.49177,4246.1042,4246.25645
2026-08-06 06:20:00+00:00,4246.50641,4246.81942,4245.74364,4246.70711
2026-08-06 06:25:00+00:00,4246.32008,4247.25905,4245.79844,4245.8802
2026-08-06 06:30:00+00:00,4246.02907,4249.07942,4246.02907,4248.67219
2026-08-06 06:35:00+00:00,4247.67603,4250.14427,4247.00586,4247.07067
2026-08-06 06:40:00+00:00,4247.17529,4247.3596,4245.56491,4245.82485
2026-08-06 06:45:00+00:00,4246.31061,4246.31061,4243.76167,4243.91502
2026-08-06 06:50:00+00:00,4244.23171,4245.02271,4244.12189,4244.62724
2026-08-06 06:55:00+00:00,4244.53423,4247.25534,4243.58158,4246.99711
2026-08-06 07:00:00+00:00,4246.60064,4247.54704,4246.60064,4247.11369
2026-08-06 07:05:00+00:00,4247.01837,4247.20156,4246.55902,4247.20156
2026-08-06 07:10:00+00:00,4247.15127,4247.35906,4246.76712,4246.83152
2026-08-06 07:15:00+00:00,4247.01166,4247.36992,4246.8255,4246.86182
2026-08-06 07:20:00+00:00,4246.91216,4247.26089,4246.91216,4247.17992
2026-08-06 07:25:00+00:00,4247.08633,4247.16399,4246.64515,4247.10315
2026-08-06 07:30:00+00:00,4247.03824,4247.5071,4246.69869,4246.78088
2026-08-06 07:35:00+00:00,4247.00562,4247.36663,4247.00562,4247.08253
2026-08-06 07:40:00+00:00,4247.0454,4247.22301,4246.98653,4247.13821
2026-08-06 07:45:00+00:00,4247.04268,4247.23269,4247.00038,4247.11381
2026-08-06 07:50:00+00:00,4247.04932,4247.23477,4246.99617,4247.00881
2026-08-06 07:55:00+00:00,4247.04554,4247.22416,4246.98303,4247.07951
2026-08-06 08:00:00+00:00,4247.04554,4254.05198,4245.95111,4249.86806
2026-08-06 08:05:00+00:00,4250.75136,4250.75136,4246.26113,4248.52836
2026-08-06 08:10:00+00:00,4248.21062,4248.26883,4246.85181,4246.98186
2026-08-06 08:15:00+00:00,4247.30276,4247.99935,4247.30276,4247.58605
2026-08-06 08:20:00+00:00,4247.67517,4248.53348,4247.48608,4248.28776
2026-08-06 08:25:00+00:00,4247.79355,4248.99086,4247.54704,4248.05512
2026-08-06 08:30:00+00:00,4247.83622,4249.71314,4247.37185,4249.65511
2026-08-06 08:35:00+00:00,4249.44232,4250.25502,4249.21854,4249.41376
2026-08-06 08:40:00+00:00,4249.52617,4249.71314,4248.3869,4248.55458
2026-08-06 08:45:00+00:00,4248.84414,4248.99086,4248.04344,4248.92443
2026-08-06 08:50:00+00:00,4248.68727,4249.18502,4248.44932,4249.13143
2026-08-06 08:55:00+00:00,4249.02535,4249.74069,4248.2788,4249.45655
2026-08-06 09:00:00+00:00,4249.0283,4252.52055,4249.0283,4252.20631
2026-08-06 09:05:00+00:00,4251.49303,4254.77599,4251.49303,4252.29827
2026-08-06 09:10:00+00:00,4252.43665,4256.76826,4251.70068,4254.7335
2026-08-06 09:15:00+00:00,4254.91439,4259.66945,4254.83402,4259.59076
2026-08-06 09:20:00+00:00,4259.41344,4263.48327,4257.50739,4263.00204
2026-08-06 09:25:00+00:00,4262.11815,4263.17803,4260.93996,4262.75985
2026-08-06 09:30:00+00:00,4262.01569,4263.84684,4261.66631,4261.8433
2026-08-06 09:35:00+00:00,4261.85326,4279.90584,4254.61382,4279.33525
2026-08-06 09:40:00+00:00,4278.25325,4282.28845,4276.68528,4281.9181
2026-08-06 09:45:00+00:00,4281.20922,4281.20922,4273.13905,4273.41246
2026-08-06 09:50:00+00:00,4273.81292,4277.34291,4273.28085,4276.85926
2026-08-06 09:55:00+00:00,4276.57714,4278.80373,4275.51413,4277.9627
2026-08-06 10:00:00+00:00,4276.31551,4279.90584,4265.84762,4267.20434
2026-08-06 10:05:00+00:00,4267.4211,4275.14856,4263.41684,4274.39432
2026-08-06 10:10:00+00:00,4272.6114,4275.08082,4264.49614,4264.88127
2026-08-06 10:15:00+00:00,4265.64492,4275.98108,4265.64492,4273.93637
2026-08-06 10:20:00+00:00,4274.26055,4283.42802,4273.13905,4282.79311
2026-08-06 10:25:00+00:00,4281.74516,4284.12304,4274.68465,4275.42902
2026-08-06 10:30:00+00:00,4277.13556,4285.93128,4272.86889,4284.16267
2026-08-06 10:35:00+00:00,4281.74688,4291.66693,4281.74688,4289.54179
2026-08-06 10:40:00+00:00,4288.6401,4288.6401,4285.04092,4285.26864
2026-08-06 10:45:00+00:00,4285.54847,4294.79471,4284.95589,4290.63945
2026-08-06 10:50:00+00:00,4291.04174,4295.69722,4286.23805,4294.95724
2026-08-06 10:55:00+00:00,4293.20955,4299.15389,4293.20955,4295.86705
2026-08-06 11:00:00+00:00,4295.38811,4302.01401,4292.39816,4293.28309
2026-08-06 11:05:00+00:00,4294.89562,4299.22614,4287.42926,4298.19823
2026-08-06 11:10:00+00:00,4296.38046,4296.82465,4280.82192,4281.48907
2026-08-06 11:15:00+00:00,4281.79912,4286.51035,4280.94981,4285.0507
2026-08-06 11:20:00+00:00,4285.2976,4286.55928,4273.86956,4277.17524
2026-08-06 11:25:00+00:00,4275.81517,4285.40819,4275.45487,4276.67449
2026-08-06 11:30:00+00:00,4279.38349,4285.77551,4271.80614,4283.29148
2026-08-06 11:35:00+00:00,4283.99004,4294.34695,4282.47184,4292.93661
2026-08-06 11:40:00+00:00,4290.79805,4296.55665,4288.71639,4288.87832
2026-08-06 11:45:00+00:00,4289.12035,4293.97513,4286.6941,4288.9895
2026-08-06 11:50:00+00:00,4288.17611,4296.92094,4288.17611,4290.25225
2026-08-06 11:55:00+00:00,4291.42896,4291.42896,4285.40819,4287.15635
2026-08-06 12:00:00+00:00,4286.71454,4294.28809,4284.67372,4293.324
2026-08-06 12:05:00+00:00,4291.92332,4304.07478,4291.92332,4300.94662
2026-08-06 12:10:00+00:00,4302.13481,4302.37061,4293.85148,4297.88775
2026-08-06 12:15:00+00:00,4297.6034,4300.33374,4294.65845,4295.66668
2026-08-06 12:20:00+00:00,4297.26938,4297.26938,4293.13528,4293.85492
2026-08-06 12:25:00+00:00,4293.89155,4294.85187,4292.10871,4294.50373
2026-08-06 12:30:00+00:00,4294.16043,4294.16043,4283.0221,4283.44356
2026-08-06 12:35:00+00:00,4283.58493,4287.42926,4281.08445,4286.37773
2026-08-06 12:40:00+00:00,4286.0705,4288.72689,4281.36752,4281.79865
2026-08-06 12:45:00+00:00,4282.71055,4285.86429,4276.78788,4278.31304
2026-08-06 12:50:00+00:00,4280.80088,4280.80088,4274.9658,4277.43948
2026-08-06 12:55:00+00:00,4277.91472,4279.66814,4277.23683,4278.89432
2026-08-06 13:00:00+00:00,4278.65596,4278.65596,4276.0626,4276.40465
2026-08-06 13:05:00+00:00,4276.32425,4280.82192,4275.87976,4278.57704
2026-08-06 13:10:00+00:00,4278.92353,4279.53952,4274.60032,4275.11081
2026-08-06 13:15:00+00:00,4276.03318,4276.10429,4264.75606,4265.08656
2026-08-06 13:20:00+00:00,4265.51576,4266.93975,4264.57418,4264.78511
2026-08-06 13:25:00+00:00,4265.16994,4266.01282,4261.4847,4263.77132
2026-08-06 13:30:00+00:00,4262.71811,4266.62191,4262.71811,4264.05044
2026-08-06 13:35:00+00:00,4264.27647,4267.01907,4264.06399,4266.59695
2026-08-06 13:40:00+00:00,4265.85242,4265.85242,4262.21124,4263.31037
2026-08-06 13:45:00+00:00,4263.04648,4264.43667,4260.78847,4261.57756
2026-08-06 13:50:00+00:00,4261.42794,4263.66505,4261.42794,4263.53399
2026-08-06 13:55:00+00:00,4263.18804,4265.61746,4262.9418,4265.30629
2026-08-06 14:00:00+00:00,4264.45304,4266.3881,4262.39291,4263.17668
2026-08-06 14:05:00+00:00,4263.53509,4266.75769,4263.53509,4266.4938
2026-08-06 14:10:00+00:00,4266.09482,4266.68349,4263.67801,4264.26795
2026-08-06 14:15:00+00:00,4265.53944,4265.53944,4262.7563,4263.23202
2026-08-06 14:20:00+00:00,4263.39415,4264.4239,4260.75841,4262.20116
2026-08-06 14:25:00+00:00,4262.70481,4262.95952,4254.8648,4256.05598
2026-08-06 14:30:00+00:00,4258.16306,4258.94378,4253.32823,4257.55494
2026-08-06 14:35:00+00:00,4257.87595,4260.93996,4256.79249,4259.89884
2026-08-06 14:40:00+00:00,4260.1776,4260.57688,4258.54579,4259.04726
2026-08-06 14:45:00+00:00,4259.71836,4260.47185,4257.67446,4260.38758
2026-08-06 14:50:00+00:00,4260.25876,4263.91599,4259.30658,4259.59101
2026-08-06 14:55:00+00:00,4260.22115,4262.57952,4260.22115,4262.56053
2026-08-06 15:00:00+00:00,4262.52598,4264.93795,4262.02958,4264.8021
2026-08-06 15:05:00+00:00,4264.49186,4264.49186,4258.7624,4260.3178
2026-08-06 15:10:00+00:00,4260.16401,4260.30277,4257.49319,4258.32877
2026-08-06 15:15:00+00:00,4257.92706,4259.28941,4256.9023,4257.28513
2026-08-06 15:20:00+00:00,4257.77623,4257.77623,4254.56449,4254.69056
2026-08-06 15:25:00+00:00,4254.87906,4255.21645,4253.88141,4254.79567
2026-08-06 15:30:00+00:00,4254.87885,4255.56314,4244.1349,4245.83318
2026-08-06 15:35:00+00:00,4248.83653,4262.21124,4248.83653,4261.23439
2026-08-06 15:40:00+00:00,4260.36742,4264.93795,4260.36742,4263.84239
2026-08-06 15:45:00+00:00,4264.0827,4266.75769,4262.32947,4264.98545
2026-08-06 15:50:00+00:00,4265.80173,4267.85028,4263.48327,4267.45197
2026-08-06 15:55:00+00:00,4267.34526,4267.87901,4265.11985,4266.82197
2026-08-06 16:00:00+00:00,4266.47414,4268.03244,4264.734,4268.00992
2026-08-06 16:05:00+00:00,4267.87178,4267.87178,4264.04268,4266.93351
2026-08-06 16:10:00+00:00,4267.32417,4267.32417,4257.31193,4257.61857
2026-08-06 16:15:00+00:00,4258.03971,4261.4847,4254.77599,4255.12747
2026-08-06 16:20:00+00:00,4256.03191,4258.94378,4255.32048,4258.00108
2026-08-06 16:25:00+00:00,4257.56397,4257.56397,4256.04358,4256.17506
2026-08-06 16:30:00+00:00,4256.15037,4258.88714,4254.59496,4255.33485
2026-08-06 16:35:00+00:00,4255.60141,4255.60141,4253.14733,4253.56147
2026-08-06 16:40:00+00:00,4253.35691,4255.76616,4250.43567,4255.21403
2026-08-06 16:45:00+00:00,4253.77977,4257.67446,4253.77977,4255.26547
2026-08-06 16:50:00+00:00,4255.82814,4255.82814,4252.68826,4253.59143
2026-08-06 16:55:00+00:00,4253.33782,4255.826,4252.24306,4255.19041
2026-08-06 17:00:00+00:00,4254.10084,4256.76826,4253.50915,4255.71276
2026-08-06 17:05:00+00:00,4254.74457,4259.53333,4254.74457,4259.23751
2026-08-06 17:10:00+00:00,4258.8086,4263.84684,4258.8086,4263.64985
2026-08-06 17:15:00+00:00,4263.22898,4263.29236,4261.66631,4262.96246
2026-08-06 17:20:00+00:00,4262.53705,4264.2393,4258.58104,4262.24213
2026-08-06 17:25:00+00:00,4260.65389,4263.84684,4260.65389,4261.8606
2026-08-06 17:30:00+00:00,4262.17513,4262.24045,4260.21386,4260.65655
2026-08-06 17:35:00+00:00,4260.78941,4261.07033,4257.85574,4257.99856
2026-08-06 17:40:00+00:00,4258.00168,4258.334,4255.63203,4256.03072
2026-08-06 17:45:00+00:00,4256.87432,4257.40062,4253.61924,4257.19554
2026-08-06 17:50:00+00:00,4256.78622,4258.2817,4252.38662,4257.41972
2026-08-06 17:55:00+00:00,4255.44826,4262.02958,4255.44826,4261.7703
2026-08-06 18:00:00+00:00,4261.22887,4264.75606,4261.22887,4261.90059
2026-08-06 18:05:00+00:00,4263.14088,4264.02865,4260.75841,4263.94657
2026-08-06 18:10:00+00:00,4263.62921,4268.94344,4262.62735,4268.74316
2026-08-06 18:15:00+00:00,4268.45538,4269.69651,4268.45538,4268.79684
2026-08-06 18:20:00+00:00,4269.00861,4270.47825,4264.93795,4265.24363
2026-08-06 18:25:00+00:00,4265.79285,4268.9394,4265.09275,4268.74123
2026-08-06 18:30:00+00:00,4268.30241,4273.86956,4268.30241,4272.78677
2026-08-06 18:35:00+00:00,4272.74392,4275.35005,4271.75334,4272.18973
2026-08-06 18:40:00+00:00,4272.97491,4272.97491,4270.42548,4272.46535
2026-08-06 18:45:00+00:00,4271.7044,4274.23491,4271.7044,4272.14924
2026-08-06 18:50:00+00:00,4272.48284,4276.0626,4272.48284,4275.82615
2026-08-06 18:55:00+00:00,4275.39336,4278.16156,4274.34223,4277.6147
2026-08-06 19:00:00+00:00,4276.61763,4284.71091,4276.61763,4280.28693
2026-08-06 19:05:00+00:00,4281.88826,4281.88826,4276.87816,4277.09955
2026-08-06 19:10:00+00:00,4277.51103,4278.25789,4276.35476,4277.26089
2026-08-06 19:15:00+00:00,4277.1819,4283.0221,4275.63083,4281.75531
2026-08-06 19:20:00+00:00,4281.85127,4284.05117,4281.55506,4283.84949
2026-08-06 19:25:00+00:00,4283.57502,4284.96,4279.55493,4281.74241
2026-08-06 19:30:00+00:00,4280.58157,4284.36576,4278.61712,4279.09889
2026-08-06 19:35:00+00:00,4280.15086,4280.15086,4276.30938,4276.50355
2026-08-06 19:40:00+00:00,4276.9638,4278.48928,4273.07325,4273.64062
2026-08-06 19:45:00+00:00,4274.53793,4275.7092,4272.40878,4274.66316
2026-08-06 19:50:00+00:00,4274.86297,4275.87976,4272.91013,4273.92706
2026-08-06 19:55:00+00:00,4273.9129,4273.9129,4272.04375,4272.74766
2026-08-06 20:00:00+00:00,4272.40442,4274.46938,4270.7666,4273.36112
2026-08-06 20:05:00+00:00,4272.87621,4272.87621,4269.85482,4269.94265
2026-08-06 20:10:00+00:00,4269.8542,4271.13337,4269.12568,4269.68199
2026-08-06 20:15:00+00:00,4269.60599,4270.06195,4268.03244,4268.50992
2026-08-06 20:20:00+00:00,4268.34141,4270.48352,4268.21461,4268.80431
2026-08-06 20:25:00+00:00,4268.80665,4271.31386,4267.85028,4269.92149
2026-08-06 20:30:00+00:00,4269.67632,4269.85482,4267.12183,4269.72527
2026-08-06 20:35:00+00:00,4269.38142,4269.4291,4267.81781,4268.73846
2026-08-06 20:40:00+00:00,4268.6435,4268.85351,4266.2116,4266.91743
2026-08-06 20:45:00+00:00,4266.79273,4269.66346,4264.85804,4269.19578
2026-08-06 20:50:00+00:00,4268.2064,4271.02577,4268.2064,4269.14105
2026-08-06 20:55:00+00:00,4269.80914,4271.31386,4269.80914,4270.35644
2026-08-06 21:00:00+00:00,4270.65555,4272.60865,4269.67252,4272.60865
2026-08-06 21:05:00+00:00,4273.09588,4273.09588,4267.66815,4270.1121
2026-08-06 21:10:00+00:00,4269.2962,4269.2962,4267.12183,4268.38197
2026-08-06 21:15:00+00:00,4268.21098,4271.29836,4264.80659,4265.93417
2026-08-06 21:20:00+00:00,4267.53402,4267.53402,4261.37339,4261.90217
2026-08-06 21:25:00+00:00,4262.83819,4264.39232,4260.75841,4264.1987
2026-08-06 21:30:00+00:00,4263.8128,4266.75769,4262.93802,4263.6457
2026-08-06 21:35:00+00:00,4264.25936,4266.93975,4262.59931,4262.96121
2026-08-06 21:40:00+00:00,4263.68378,4263.68378,4259.84483,4260.06702
2026-08-06 21:45:00+00:00,4260.53584,4261.47021,4256.04358,4256.41583
2026-08-06 21:50:00+00:00,4257.01957,4258.27041,4255.13808,4255.37774
2026-08-06 21:55:00+00:00,4255.80856,4262.7563,4252.16492,4262.25505
2026-08-06 22:00:00+00:00,4261.84719,4264.93795,4261.4847,4264.59064
2026-08-06 22:05:00+00:00,4263.94556,4265.48371,4258.64369,4259.69061
2026-08-06 22:10:00+00:00,4262.15223,4262.15223,4256.76826,4257.74234
2026-08-06 22:15:00+00:00,4257.55246,4258.72443,4254.05198,4255.77075
2026-08-06 22:20:00+00:00,4255.46312,4261.84794,4251.62617,4261.46318
2026-08-06 22:25:00+00:00,4261.06037,4261.68044,4257.49319,4260.54216
2026-08-06 22:30:00+00:00,4260.1316,4270.03715,4256.66368,4267.95575
2026-08-06 22:35:00+00:00,4268.20082,4270.35725,4268.18084,4269.97452
2026-08-06 22:40:00+00:00,4269.41657,4270.949,4267.13951,4267.36721
2026-08-06 22:45:00+00:00,4267.66919,4267.66919,4257.31827,4258.93926
2026-08-06 22:50:00+00:00,4261.90281,4261.90281,4252.24306,4252.34078
2026-08-06 22:55:00+00:00,4252.46741,4253.83108,4249.89375,4250.97314
2026-08-06 23:00:00+00:00,4250.88557,4255.68133,4249.13249,4251.67938
2026-08-06 23:05:00+00:00,4252.03083,4256.14913,4236.72909,4239.01003
2026-08-06 23:10:00+00:00,4241.97922,4241.97922,4231.37139,4239.11879
2026-08-06 23:15:00+00:00,4238.29819,4240.36995,4236.85805,4239.45235
2026-08-06 23:20:00+00:00,4238.25835,4248.08836,4238.25835,4247.02194
2026-08-06 23:25:00+00:00,4246.06037,4247.14278,4240.8821,4246.96371
2026-08-06 23:30:00+00:00,4246.47583,4250.79702,4246.47583,4249.97663
2026-08-06 23:35:00+00:00,4249.6315,4262.02958,4249.6315,4261.50021
2026-08-06 23:40:00+00:00,4260.48918,4272.7484,4260.21386,4272.01709
2026-08-06 23:45:00+00:00,4271.09227,4277.07167,4265.21717,4268.0597
2026-08-06 23:50:00+00:00,4268.53371,4268.53371,4263.21242,4264.51803
2026-08-06 23:55:00+00:00,4264.75552,4268.76121,4264.75552,4267.7922
2026-08-07 00:00:00+00:00,4267.73098,4268.76121,4267.0477,4268.3594
2026-08-07 00:05:00+00:00,4268.26556,4269.67252,4266.33693,4269.35307
2026-08-07 00:10:00+00:00,4268.82492,4276.91558,4264.93795,4271.15847
2026-08-07 00:15:00+00:00,4272.80423,4273.57545,4263.3015,4265.02688
2026-08-07 00:20:00+00:00,4264.69359,4266.02961,4262.7563,4263.6747
2026-08-07 00:25:00+00:00,4263.56338,4266.61026,4261.45915,4266.05079
2026-08-07 00:30:00+00:00,4264.83204,4269.85482,4264.83204,4268.24149
2026-08-07 00:35:00+00:00,4268.51124,4275.33134,4268.51124,4272.48147
2026-08-07 00:40:00+00:00,4272.6025,4274.23491,4270.91043,4274.09769
2026-08-07 00:45:00+00:00,4273.88483,4276.14572,4268.29226,4268.92385
2026-08-07 00:50:00+00:00,4269.77915,4271.48023,4263.11975,4267.93012
2026-08-07 00:55:00+00:00,4266.91603,4272.22626,4266.91603,4269.79144
2026-08-07 01:00:00+00:00,4269.2892,4274.41761,4268.57899,4270.82683
2026-08-07 01:05:00+00:00,4270.53055,4270.53055,4269.30703,4269.41252
2026-08-07 01:10:00+00:00,4269.5427,4270.53078,4263.3015,4263.72531
2026-08-07 01:15:00+00:00,4263.84214,4263.84214,4256.76826,4257.09368
2026-08-07 01:20:00+00:00,4257.65747,4258.74861,4250.97772,4251.57504
2026-08-07 01:25:00+00:00,4252.7699,4259.21593,4251.02479,4254.52531
2026-08-07 01:30:00+00:00,4255.4734,4256.8031,4251.7602,4252.27575
2026-08-07 01:35:00+00:00,4252.94685,4253.81812,4248.08836,4251.65715
2026-08-07 01:40:00+00:00,4250.88547,4252.63965,4249.19314,4249.44232
2026-08-07 01:45:00+00:00,4249.65965,4251.51992,4248.62982,4248.76753
2026-08-07 01:50:00+00:00,4249.11222,4250.02627,4239.30254,4240.88893
2026-08-07 01:55:00+00:00,4242.9589,4244.5832,4232.44593,4238.4254
2026-08-07 02:00:00+00:00,4236.78748,4237.64726,4233.8795,4237.33578
2026-08-07 02:05:00+00:00,4236.68479,4242.14143,4236.03169,4241.87712
2026-08-07 02:10:00+00:00,4241.27453,4242.17611,4232.06758,4233.28533
2026-08-07 02:15:00+00:00,4235.08978,4235.08978,4226.00685,4227.02259
2026-08-07 02:20:00+00:00,4227.31713,4229.81545,4224.912,4227.20086
2026-08-07 02:25:00+00:00,4226.32445,4229.29914,4224.22648,4227.70321
2026-08-07 02:30:00+00:00,4227.65316,4232.44593,4227.65316,4232.39031
2026-08-07 02:35:00+00:00,4232.2737,4235.85225,4231.48182,4235.52837
2026-08-07 02:40:00+00:00,4234.93087,4234.95532,4232.62507,4233.26149
2026-08-07 02:45:00+00:00,4234.07357,4235.21062,4231.82206,4234.73904
2026-08-07 02:50:00+00:00,4233.53542,4237.9643,4233.53542,4235.30386
2026-08-07 02:55:00+00:00,4235.32133,4242.48786,4234.63164,4240.99314
2026-08-07 03:00:00+00:00,4241.19154,4242.68137,4240.70226,4240.75258
2026-08-07 03:05:00+00:00,4240.87511,4243.02705,4240.87511,4241.16766
2026-08-07 03:10:00+00:00,4241.22537,4244.99521,4241.22537,4243.65692
2026-08-07 03:15:00+00:00,4243.21731,4243.21731,4239.08436,4240.85624
2026-08-07 03:20:00+00:00,4240.51526,4242.50709,4238.54533,4239.78945
2026-08-07 03:25:00+00:00,4239.65351,4242.68137,4237.8136,4240.46065
2026-08-07 03:30:00+00:00,4240.98759,4241.60163,4240.2646,4240.38722
2026-08-07 03:35:00+00:00,4240.45921,4243.40151,4239.98304,4243.0307
2026-08-07 03:40:00+00:00,4242.33251,4243.04141,4241.78155,4242.98165
2026-08-07 03:45:00+00:00,4242.80838,4243.11308,4240.8821,4241.93134
2026-08-07 03:50:00+00:00,4241.14641,4248.44932,4241.14641,4248.05443
2026-08-07 03:55:00+00:00,4247.2965,4247.54704,4246.1042,4247.11993
2026-08-07 04:00:00+00:00,4246.94938,4246.94938,4244.30202,4244.44194
2026-08-07 04:05:00+00:00,4244.62482,4248.51562,4243.9601,4248.3025
2026-08-07 04:10:00+00:00,4247.76302,4248.99086,4247.00586,4247.30184
2026-08-07 04:15:00+00:00,4247.35128,4248.81033,4247.00586,4248.44886
2026-08-07 04:20:00+00:00,4248.43196,4249.53255,4247.47322,4247.62356
2026-08-07 04:25:00+00:00,4247.73444,4248.44501,4246.8255,4246.92219
2026-08-07 04:30:00+00:00,4247.04999,4248.32313,4244.12189,4244.42539
2026-08-07 04:35:00+00:00,4244.97696,4244.97696,4243.20154,4243.53261
2026-08-07 04:40:00+00:00,4243.71482,4243.76578,4240.70226,4241.70706
2026-08-07 04:45:00+00:00,4241.49529,4244.7193,4240.94209,4244.27657
2026-08-07 04:50:00+00:00,4243.71619,4245.38315,4242.30161,4242.7664
2026-08-07 04:55:00+00:00,4243.72978,4243.72978,4241.06196,4242.88918
2026-08-07 05:00:00+00:00,4242.50511,4248.26883,4242.21072,4248.05236
2026-08-07 05:05:00+00:00,4247.69214,4248.61573,4247.69214,4247.97361
2026-08-07 05:10:00+00:00,4247.9346,4251.01246,4247.71075,4248.59768
2026-08-07 05:15:00+00:00,4249.62343,4249.62343,4246.29375,4246.48818
2026-08-07 05:20:00+00:00,4246.82311,4247.00586,4243.71943,4244.34028
2026-08-07 05:25:00+00:00,4245.20428,4247.16542,4237.09799,4238.0224
2026-08-07 05:30:00+00:00,4237.98728,4237.98728,4236.3906,4237.02055
2026-08-07 05:35:00+00:00,4237.03239,4239.26406,4236.3906,4238.904
2026-08-07 05:40:00+00:00,4238.49815,4238.49815,4234.05877,4234.14409
2026-08-07 05:45:00+00:00,4234.21318,4238.54533,4232.86878,4237.83704
2026-08-07 05:50:00+00:00,4237.86219,4249.11543,4237.66594,4247.08958
2026-08-07 05:55:00+00:00,4242.15994,4251.88146,4242.15994,4248.28142
2026-08-07 06:00:00+00:00,4247.72377,4249.35197,4246.64515,4246.74833
2026-08-07 06:05:00+00:00,4246.81293,4247.59819,4246.13517,4246.30184
2026-08-07 06:10:00+00:00,4246.55652,4246.55652,4243.5978,4244.07219
2026-08-07 06:15:00+00:00,4245.10894,4245.38315,4242.33565,4244.96118
2026-08-07 06:20:00+00:00,4244.76456,4244.76456,4243.22145,4243.55306
2026-08-07 06:25:00+00:00,4243.48455,4243.80008,4240.34262,4241.42164
2026-08-07 06:30:00+00:00,4240.84012,4241.96148,4240.84012,4241.51069
2026-08-07 06:35:00+00:00,4241.35772,4242.89574,4240.40089,4240.73657
2026-08-07 06:40:00+00:00,4241.34495,4241.34495,4235.67284,4235.82318
2026-08-07 06:45:00+00:00,4236.08014,4238.54533,4235.01312,4237.41656
2026-08-07 06:50:00+00:00,4237.71926,4240.40031,4236.81504,4240.18939
2026-08-07 06:55:00+00:00,4239.91332,4241.60163,4239.91332,4240.8196
2026-08-07 07:00:00+00:00,4240.67481,4240.70226,4240.16282,4240.53141
2026-08-07 07:05:00+00:00,4240.43863,4240.62332,4240.34262,4240.57221
2026-08-07 07:10:00+00:00,4240.44503,4240.61511,4240.34262,4240.4082
2026-08-07 07:15:00+00:00,4240.43864,4240.62053,4240.34262,4240.50537
2026-08-07 07:20:00+00:00,4240.43437,4240.8821,4240.34262,4240.52913
2026-08-07 07:25:00+00:00,4240.43397,4240.64192,4240.34262,4240.51374
2026-08-07 07:30:00+00:00,4240.43054,4240.67265,4240.34262,4240.35395
2026-08-07 07:35:00+00:00,4240.40837,4240.66436,4240.34262,4240.57277
2026-08-07 07:40:00+00:00,4240.5168,4240.55795,4240.3355,4240.50604
2026-08-07 07:45:00+00:00,4240.41448,4240.54273,4240.27172,4240.29372
2026-08-07 07:50:00+00:00,4240.32518,4240.64426,4239.98304,4240.02545
2026-08-07 07:55:00+00:00,4240.15868,4240.4751,4240.15868,4240.34418
2026-08-07 08:00:00+00:00,4240.28508,4240.34262,4236.57007,4236.88247
2026-08-07 08:05:00+00:00,4237.37288,4238.37437,4236.21113,4238.23418
2026-08-07 08:10:00+00:00,4238.02009,4238.79019,4236.70428,4238.63327
2026-08-07 08:15:00+00:00,4238.24538,4241.42172,4238.24538,4241.2865
2026-08-07 08:20:00+00:00,4241.04665,4241.89064,4239.80327,4241.49526
2026-08-07 08:25:00+00:00,4240.58843,4243.04141,4240.58843,4242.26796
2026-08-07 08:30:00+00:00,4242.53624,4243.22145,4241.52512,4242.39916
2026-08-07 08:35:00+00:00,4242.77524,4242.77524,4240.34262,4240.64635
2026-08-07 08:40:00+00:00,4240.72156,4240.8821,4239.85847,4240.0526
2026-08-07 08:45:00+00:00,4240.39685,4241.80795,4239.62218,4241.75266
2026-08-07 08:50:00+00:00,4241.5396,4242.86139,4241.33179,4242.81862
2026-08-07 08:55:00+00:00,4242.70778,4242.70778,4241.00764,4241.05535
2026-08-07 09:00:00+00:00,4241.11125,4242.86139,4240.78096,4241.11901
2026-08-07 09:05:00+00:00,4241.56179,4245.74364,4238.84193,4244.44143
2026-08-07 09:10:00+00:00,4244.34151,4244.77722,4243.76167,4244.73199
2026-08-07 09:15:00+00:00,4244.52079,4245.82797,4244.47476,4245.79413
2026-08-07 09:20:00+00:00,4245.64313,4246.15564,4245.64313,4246.02965
2026-08-07 09:25:00+00:00,4245.97494,4246.19546,4243.94177,4244.12593
2026-08-07 09:30:00+00:00,4244.44821,4248.08836,4244.22011,4247.9566
2026-08-07 09:35:00+00:00,4247.69035,4247.74747,4247.05916,4247.28282
2026-08-07 09:40:00+00:00,4247.69282,4247.69282,4245.92391,4246.26333
2026-08-07 09:45:00+00:00,4246.86226,4248.73958,4245.56339,4248.60196
2026-08-07 09:50:00+00:00,4248.16448,4252.24306,4248.16448,4251.70081
2026-08-07 09:55:00+00:00,4251.60725,4252.78557,4251.15844,4252.5991
2026-08-07 10:00:00+00:00,4252.50007,4252.50007,4247.36663,4249.62161
2026-08-07 10:05:00+00:00,4249.48388,4250.97772,4248.98922,4250.15857
2026-08-07 10:10:00+00:00,4250.09084,4250.93537,4244.21547,4244.4768
2026-08-07 10:15:00+00:00,4244.98349,4246.33478,4241.9349,4242.14264
2026-08-07 10:20:00+00:00,4242.46098,4244.84252,4241.08582,4241.83244
2026-08-07 10:25:00+00:00,4243.29808,4243.40151,4239.26406,4243.1213
2026-08-07 10:30:00+00:00,4242.37741,4243.40151,4241.42172,4241.46517
2026-08-07 10:35:00+00:00,4241.58315,4243.04141,4236.21113,4236.8193
2026-08-07 10:40:00+00:00,4237.69662,4238.02821,4231.37139,4231.98044
2026-08-07 10:45:00+00:00,4232.64295,4236.92907,4232.64295,4233.50225
2026-08-07 10:50:00+00:00,4233.98571,4234.59665,4231.52876,4234.40685
2026-08-07 10:55:00+00:00,4234.34776,4234.34776,4230.65533,4232.01982
2026-08-07 11:00:00+00:00,4231.79789,4241.60952,4230.24215,4236.17914
2026-08-07 11:05:00+00:00,4237.22675,4246.64515,4237.22675,4246.31558
2026-08-07 11:10:00+00:00,4246.13846,4246.13846,4241.42172,4243.76773
2026-08-07 11:15:00+00:00,4243.04798,4245.92391,4243.04798,4244.74796
2026-08-07 11:20:00+00:00,4244.87203,4248.62982,4242.3214,4242.85014
2026-08-07 11:25:00+00:00,4243.79944,4245.92391,4238.23588,4245.68067
2026-08-07 11:30:00+00:00,4245.30138,4245.624,4240.16282,4244.04215
2026-08-07 11:35:00+00:00,4243.78648,4243.78648,4242.50138,4243.45776
2026-08-07 11:40:00+00:00,4243.24061,4255.95099,4243.09004,4254.91086
2026-08-07 11:45:00+00:00,4252.95814,4260.16477,4252.78557,4253.76991
2026-08-07 11:50:00+00:00,4253.97456,4254.37044,4253.14733,4254.22393
2026-08-07 11:55:00+00:00,4254.02737,4258.94378,4254.02737,4258.66396
2026-08-07 12:00:00+00:00,4258.1045,4261.84794,4256.7334,4261.54434
2026-08-07 12:05:00+00:00,4260.89768,4261.30311,4258.82665,4259.31198
2026-08-07 12:10:00+00:00,4259.95588,4259.95588,4257.85574,4259.15544
2026-08-07 12:15:00+00:00,4259.11179,4261.30311,4258.66817,4260.91821
2026-08-07 12:20:00+00:00,4260.71389,4260.71389,4257.49319,4260.07314
2026-08-07 12:25:00+00:00,4258.45426,4261.30311,4258.45426,4259.87781
2026-08-07 12:30:00+00:00,4260.12462,4260.8054,4257.31193,4258.48641
2026-08-07 12:35:00+00:00,4258.18636,4258.18636,4252.78557,4252.88679
2026-08-07 12:40:00+00:00,4252.97766,4254.05198,4250.43567,4250.7279
2026-08-07 12:45:00+00:00,4251.2462,4253.25771,4246.0541,4251.23123
2026-08-07 12:50:00+00:00,4250.97126,4255.86245,4250.61006,4254.20829
2026-08-07 12:55:00+00:00,4254.27525,4255.70612,4250.25502,4250.60061
2026-08-07 13:00:00+00:00,4251.15804,4258.54624,4249.53289,4257.4531
2026-08-07 13:05:00+00:00,4255.87044,4260.03238,4255.87044,4258.58675
2026-08-07 13:10:00+00:00,4258.27609,4258.27609,4254.05198,4256.57728
2026-08-07 13:15:00+00:00,4256.19555,4256.24712,4253.20103,4254.53144
2026-08-07 13:20:00+00:00,4254.36182,4256.64427,4253.50915,4254.9397
2026-08-07 13:25:00+00:00,4254.77905,4257.49319,4254.77905,4257.06792
2026-08-07 13:30:00+00:00,4256.88562,4260.93996,4255.34827,4259.54954
2026-08-07 13:35:00+00:00,4259.63993,4260.57688,4257.85574,4259.76389
2026-08-07 13:40:00+00:00,4259.80005,4260.93996,4259.80005,4260.83362
2026-08-07 13:45:00+00:00,4260.72456,4261.08642,4259.85761,4260.84336
2026-08-07 13:50:00+00:00,4260.39642,4261.12153,4259.30658,4259.41402
2026-08-07 13:55:00+00:00,4259.69463,4265.05298,4259.51098,4264.59374
2026-08-07 14:00:00+00:00,4263.54255,4269.71926,4262.39291,4262.58163
2026-08-07 14:05:00+00:00,4263.01984,4267.66815,4263.01984,4266.28007
2026-08-07 14:10:00+00:00,4266.09337,4267.94298,4264.57418,4264.8781
2026-08-07 14:15:00+00:00,4265.46855,4266.93975,4262.7563,4262.95816
2026-08-07 14:20:00+00:00,4263.04981,4267.78154,4261.91461,4267.63664
2026-08-07 14:25:00+00:00,4267.3651,4267.3651,4264.72848,4266.54068
2026-08-07 14:30:00+00:00,4266.19786,4268.07388,4263.53352,4267.89478
2026-08-07 14:35:00+00:00,4267.64869,4268.1429,4264.68865,4264.96181
2026-08-07 14:40:00+00:00,4265.45413,4266.75769,4259.13877,4266.21975
2026-08-07 14:45:00+00:00,4265.09494,4265.15254,4262.3271,4264.099
2026-08-07 14:50:00+00:00,4263.69515,4266.39362,4263.69515,4265.69191
2026-08-07 14:55:00+00:00,4265.71021,4268.00597,4265.46572,4265.9398
2026-08-07 15:00:00+00:00,4266.93245,4266.93245,4263.84684,4265.8592
2026-08-07 15:05:00+00:00,4265.32664,4266.23652,4262.11014,4264.84252
2026-08-07 15:10:00+00:00,4264.12798,4271.31386,4264.12798,4268.62963
2026-08-07 15:15:00+00:00,4268.904,4270.40184,4268.39679,4268.50654
2026-08-07 15:20:00+00:00,4268.76801,4270.67834,4266.58835,4270.03429
2026-08-07 15:25:00+00:00,4268.93874,4268.93874,4265.41456,4265.49063
2026-08-07 15:30:00+00:00,4265.7348,4274.232,4265.7348,4273.47035
2026-08-07 15:35:00+00:00,4272.51974,4277.15997,4272.51974,4273.56502
2026-08-07 15:40:00+00:00,4274.0173,4274.73973,4271.13142,4271.74013
2026-08-07 15:45:00+00:00,4271.66382,4275.14994,4271.49631,4274.98856
2026-08-07 15:50:00+00:00,4274.53281,4279.70436,4272.97636,4274.62557
2026-08-07 15:55:00+00:00,4275.34795,4281.00518,4275.33134,4279.83373
2026-08-07 16:00:00+00:00,4279.60288,4281.02241,4278.50331,4278.72524
2026-08-07 16:05:00+00:00,4278.69241,4284.30658,4278.58361,4283.25164
2026-08-07 16:10:00+00:00,4282.93026,4290.00429,4281.45623,4287.17036
2026-08-07 16:15:00+00:00,4287.50345,4289.82026,4282.50983,4289.39065
2026-08-07 16:20:00+00:00,4288.70102,4290.3724,4287.74566,4290.13332
2026-08-07 16:25:00+00:00,4289.97013,4289.97013,4283.99544,4284.25156
2026-08-07 16:30:00+00:00,4284.69107,4287.06165,4281.18846,4286.65291
2026-08-07 16:35:00+00:00,4286.02391,4293.31959,4284.9546,4293.0785
2026-08-07 16:40:00+00:00,4292.55972,4295.09828,4292.14601,4294.74999
2026-08-07 16:45:00+00:00,4294.20988,4294.20988,4291.84999,4293.92961
2026-08-07 16:50:00+00:00,4293.33945,4294.97917,4289.08428,4294.78857
2026-08-07 16:55:00+00:00,4294.43419,4298.30217,4293.52898,4298.09852
2026-08-07 17:00:00+00:00,4297.60965,4297.74798,4293.50393,4293.92442
2026-08-07 17:05:00+00:00,4293.92586,4295.13337,4290.3724,4292.02256
2026-08-07 17:10:00+00:00,4292.17363,4292.92385,4290.55649,4291.18821
2026-08-07 17:15:00+00:00,4291.113,4292.39816,4289.70724,4292.25084
2026-08-07 17:20:00+00:00,4291.9441,4292.25414,4289.01877,4289.52975
2026-08-07 17:25:00+00:00,4290.4336,4290.4336,4285.22455,4285.49944
2026-08-07 17:30:00+00:00,4285.87194,4287.24544,4284.49015,4286.31107
2026-08-07 17:35:00+00:00,4286.45414,4288.53246,4286.45414,4287.16799
2026-08-07 17:40:00+00:00,4287.50233,4287.50233,4284.85731,4285.20737
2026-08-07 17:45:00+00:00,4285.48123,4286.51154,4283.5725,4283.80789
2026-08-07 17:50:00+00:00,4284.20866,4286.87787,4283.69632,4286.74358
2026-08-07 17:55:00+00:00,4286.49177,4290.75005,4286.25494,4290.41231
2026-08-07 18:00:00+00:00,4289.73716,4293.68828,4289.73716,4293.55884
2026-08-07 18:05:00+00:00,4293.23743,4295.71717,4293.02534,4295.54488
2026-08-07 18:10:00+00:00,4295.20094,4300.15051,4294.00764,4299.67801
2026-08-07 18:15:00+00:00,4299.04602,4301.26937,4297.3786,4297.59823
2026-08-07 18:20:00+00:00,4297.88755,4298.11742,4294.61026,4294.74647
2026-08-07 18:25:00+00:00,4294.94659,4296.49829,4294.15796,4296.11139
2026-08-07 18:30:00+00:00,4295.42801,4313.88064,4287.56698,4309.27003
2026-08-07 18:35:00+00:00,4302.62878,4319.28127,4300.52036,4305.19158
2026-08-07 18:40:00+00:00,4304.34455,4309.78753,4304.34455,4309.71499
2026-08-07 18:45:00+00:00,4309.51193,4310.75205,4307.00319,4307.42702
2026-08-07 18:50:00+00:00,4308.17812,4308.17812,4305.01733,4305.42788
2026-08-07 18:55:00+00:00,4306.16548,4308.02431,4303.66672,4303.81895
2026-08-07 19:00:00+00:00,4303.98955,4307.51794,4303.98955,4307.2226
2026-08-07 19:05:00+00:00,4306.71922,4306.71922,4304.96362,4305.72916
2026-08-07 19:10:00+00:00,4305.46039,4307.00319,4305.33431,4306.85008
2026-08-07 19:15:00+00:00,4306.51253,4307.37422,4305.46766,4307.30299
2026-08-07 19:20:00+00:00,4307.18884,4310.12378,4305.62717,4308.93291
2026-08-07 19:25:00+00:00,4309.42543,4310.34483,4306.37884,4306.77307
2026-08-07 19:30:00+00:00,4307.43786,4307.43786,4302.18292,4305.13118
2026-08-07 19:35:00+00:00,4304.79442,4308.17944,4303.66672,4307.58185
2026-08-07 19:40:00+00:00,4306.83736,4318.02005,4306.83736,4317.21135
2026-08-07 19:45:00+00:00,4315.58287,4320.22312,4315.58287,4316.57554
2026-08-07 19:50:00+00:00,4317.58795,4319.28127,4314.99461,4319.21482
2026-08-07 19:55:00+00:00,4319.05816,4320.22978,4314.4824,4314.75235
2026-08-07 20:00:00+00:00,4315.26494,4317.97573,4314.18301,4314.64171
2026-08-07 20:05:00+00:00,4315.46751,4318.90818,4312.76146,4313.01157
2026-08-07 20:10:00+00:00,4313.44216,4313.44216,4309.09672,4309.4144
2026-08-07 20:15:00+00:00,4310.0349,4311.1391,4308.48649,4310.61272
2026-08-07 20:20:00+00:00,4309.3033,4313.69166,4309.3033,4313.25821
2026-08-07 20:25:00+00:00,4313.05154,4313.91523,4311.86206,4313.7112
2026-08-07 20:30:00+00:00,4313.19039,4316.48465,4313.19039,4314.77811
2026-08-07 20:35:00+00:00,4314.90957,4317.97573,4314.90957,4317.77708
2026-08-07 20:40:00+00:00,4317.52276,4317.97573,4315.36702,4317.86424
2026-08-07 20:45:00+00:00,4317.64049,4319.42729,4316.79732,4319.23512
2026-08-07 20:50:00+00:00,4318.88468,4320.40093,4317.78929,4317.95003
2026-08-07 20:55:00+00:00,4318.41945,4320.74477,4316.67098,4317.06364
2026-08-07 21:00:00+00:00,4317.18739,4323.55677,4316.20924,4322.62653
2026-08-07 21:05:00+00:00,4321.27088,4325.82273,4321.25373,4325.41936
2026-08-07 21:10:00+00:00,4324.70789,4326.19511,4321.40664,4322.371
2026-08-07 21:15:00+00:00,4324.22319,4324.22319,4317.78929,4317.9867
2026-08-07 21:20:00+00:00,4318.19306,4324.96126,4316.93102,4324.12055
2026-08-07 21:25:00+00:00,4322.32572,4326.75666,4322.32572,4325.30882
2026-08-07 21:30:00+00:00,4325.52651,4327.69291,4324.69835,4326.50305
2026-08-07 21:35:00+00:00,4326.89457,4327.61786,4320.94414,4321.36561
2026-08-07 21:40:00+00:00,4322.00924,4324.85913,4322.00924,4323.43549
2026-08-07 21:45:00+00:00,4323.6159,4325.07244,4322.82886,4324.88593
2026-08-07 21:50:00+00:00,4324.4506,4325.82082,4321.33443,4324.37336
2026-08-07 21:55:00+00:00,4323.35102,4326.60151,4320.96098,4321.5482
2026-08-07 22:00:00+00:00,4322.61851,4325.63371,4320.28049,4325.26063
2026-08-07 22:05:00+00:00,4324.31894,4327.35651,4316.29834,4317.11322
2026-08-07 22:10:00+00:00,4316.98317,4322.73161,4316.74551,4317.67262
2026-08-07 22:15:00+00:00,4319.8302,4319.8302,4310.85926,4316.10465
2026-08-07 22:20:00+00:00,4315.35402,4315.92577,4312.49311,4312.68537
2026-08-07 22:25:00+00:00,4313.02278,4314.3181,4310.53063,4313.86482
2026-08-07 22:30:00+00:00,4312.85904,4361.47941,4303.7292,4352.27664
2026-08-07 22:35:00+00:00,4353.31169,4362.54581,4349.82253,4351.44078
2026-08-07 22:40:00+00:00,4352.73521,4369.06291,4352.73521,4368.38202
2026-08-07 22:45:00+00:00,4367.02388,4371.01145,4367.02388,4370.59683
2026-08-07 22:50:00+00:00,4370.16316,4370.16316,4365.28724,4365.5902
2026-08-07 22:55:00+00:00,4365.81299,4368.91083,4356.34938,4357.1706
2026-08-07 23:00:00+00:00,4357.766,4361.23785,4351.47001,4351.95569
2026-08-07 23:05:00+00:00,4353.01437,4353.01437,4348.39327,4349.45094
2026-08-07 23:10:00+00:00,4350.06139,4351.99407,4346.88111,4348.40432
2026-08-07 23:15:00+00:00,4348.16116,4352.35585,4338.65057,4339.44829
2026-08-07 23:20:00+00:00,4340.60294,4351.96691,4338.49994,4347.29462
2026-08-07 23:25:00+00:00,4348.5642,4357.48834,4347.684,4354.89803
2026-08-07 23:30:00+00:00,4355.36566,4357.48834,4352.24343,4353.13362
2026-08-07 23:35:00+00:00,4354.42202,4363.19211,4351.2314,4362.48001
2026-08-07 23:40:00+00:00,4360.69226,4367.35724,4360.69226,4363.37849
2026-08-07 23:45:00+00:00,4364.8896,4364.8896,4352.74658,4358.07896
2026-08-07 23:50:00+00:00,4357.47156,4357.47156,4353.69411,4355.74516
2026-08-07 23:55:00+00:00,4355.61482,4356.90906,4343.10532,4344.60952
2026-08-08 00:00:00+00:00,4345.06197,4351.76503,4337.26271,4338.61836
2026-08-08 00:05:00+00:00,4340.77348,4340.77348,4332.38021,4336.54306
2026-08-08 00:10:00+00:00,4335.85346,4340.62805,4328.62956,4331.75626
2026-08-08 00:15:00+00:00,4331.80665,4345.57035,4330.5079,4344.67279
2026-08-08 00:20:00+00:00,4342.93955,4349.97538,4342.93955,4349.57086
2026-08-08 00:25:00+00:00,4348.91996,4351.98886,4348.91996,4351.72655
2026-08-08 00:30:00+00:00,4351.01897,4352.0899,4345.18119,4347.49701
2026-08-08 00:35:00+00:00,4346.501,4349.37628,4344.80604,4345.32046
2026-08-08 00:40:00+00:00,4346.43202,4349.90648,4343.89233,4346.308
2026-08-08 00:45:00+00:00,4348.0305,4348.0305,4341.78534,4342.20857
2026-08-08 00:50:00+00:00,4343.09134,4346.50324,4339.75794,4345.1483
2026-08-08 00:55:00+00:00,4345.50867,4347.74896,4342.31421,4342.52471
2026-08-08 01:00:00+00:00,4342.85808,4347.63706,4341.97386,4345.45752
2026-08-08 01:05:00+00:00,4345.31062,4350.20168,4344.38373,4349.65574
2026-08-08 01:10:00+00:00,4348.96371,4352.44836,4348.96371,4351.7623
2026-08-08 01:15:00+00:00,4350.88136,4355.96986,4350.88136,4355.9101
2026-08-08 01:20:00+00:00,4355.76736,4357.21005,4354.68172,4356.9603
2026-08-08 01:25:00+00:00,4356.42975,4357.3118,4353.69732,4354.25339
2026-08-08 01:30:00+00:00,4355.48756,4355.48756,4348.01513,4349.39606
2026-08-08 01:35:00+00:00,4348.86526,4353.31505,4348.86526,4353.09422
2026-08-08 01:40:00+00:00,4352.7407,4353.35595,4350.15314,4350.29767
2026-08-08 01:45:00+00:00,4350.5081,4351.04207,4349.19903,4350.87341
2026-08-08 01:50:00+00:00,4350.47579,4350.47579,4340.46617,4340.83579
2026-08-08 01:55:00+00:00,4341.49048,4344.61485,4341.21295,4342.56365
2026-08-08 02:00:00+00:00,4343.37473,4343.52667,4339.33608,4339.85593
2026-08-08 02:05:00+00:00,4339.98504,4348.77354,4338.97677,4348.43276
2026-08-08 02:10:00+00:00,4347.66126,4349.3389,4344.9924,4346.94981
2026-08-08 02:15:00+00:00,4346.52602,4347.44805,4344.58107,4344.9687
2026-08-08 02:20:00+00:00,4345.78616,4345.78616,4339.21394,4340.2534
2026-08-08 02:25:00+00:00,4342.54005,4342.54005,4335.00954,4337.24267
2026-08-08 02:30:00+00:00,4336.89306,4339.33608,4332.71885,4338.92772
2026-08-08 02:35:00+00:00,4338.20607,4340.87801,4336.12233,4338.25335
2026-08-08 02:40:00+00:00,4338.79902,4342.1624,4338.01839,4338.1768
2026-08-08 02:45:00+00:00,4338.43947,4341.59684,4337.68627,4338.13119
2026-08-08 02:50:00+00:00,4338.78348,4339.1556,4333.88229,4334.0696
2026-08-08 02:55:00+00:00,4334.40082,4335.27463,4328.96671,4329.28519
2026-08-08 03:00:00+00:00,4329.80834,4334.25798,4326.71361,4334.17094
2026-08-08 03:05:00+00:00,4333.86065,4338.20659,4332.93678,4336.8024
2026-08-08 03:10:00+00:00,4336.95372,4337.66145,4335.19747,4336.10947
2026-08-08 03:15:00+00:00,4336.01133,4336.13737,4334.63372,4335.97485
2026-08-08 03:20:00+00:00,4335.66919,4338.99285,4335.19747,4338.51862
2026-08-08 03:25:00+00:00,4337.52962,4341.40835,4337.52962,4341.18955
2026-08-08 03:30:00+00:00,4340.74375,4340.74375,4335.57338,4337.293
2026-08-08 03:35:00+00:00,4336.42922,4338.20659,4329.94155,4334.55997
2026-08-08 03:40:00+00:00,4334.03991,4338.01839,4334.03991,4337.79399
2026-08-08 03:45:00+00:00,4337.59713,4337.59713,4335.94936,4336.02716
2026-08-08 03:50:00+00:00,4336.12537,4341.40835,4336.12537,4341.30812
2026-08-08 03:55:00+00:00,4341.12762,4343.1846,4340.69603,4341.08548
2026-08-08 04:00:00+00:00,4341.7327,4341.7327,4339.33608,4339.97531
2026-08-08 04:05:00+00:00,4339.86749,4343.10532,4338.94528,4341.32922
2026-08-08 04:10:00+00:00,4341.32978,4343.24855,4336.94478,4337.94066
2026-08-08 04:15:00+00:00,4340.23056,4340.23056,4335.57338,4337.57964
2026-08-08 04:20:00+00:00,4337.35285,4337.38466,4332.38021,4332.61805
2026-08-08 04:25:00+00:00,4333.02693,4334.82162,4332.42662,4333.74904
2026-08-08 04:30:00+00:00,4334.03454,4337.45391,4333.13112,4337.33858
2026-08-08 04:35:00+00:00,4336.96413,4338.95952,4336.96413,4337.60687
2026-08-08 04:40:00+00:00,4337.82066,4337.88883,4334.60326,4335.11699
2026-08-08 04:45:00+00:00,4336.24504,4338.01839,4334.07013,4336.42051
2026-08-08 04:50:00+00:00,4336.50145,4337.1434,4334.07013,4334.28868
2026-08-08 04:55:00+00:00,4334.71747,4335.38542,4333.9374,4334.19335
2026-08-08 05:00:00+00:00,4334.6684,4342.53952,4332.47805,4340.10563
2026-08-08 05:05:00+00:00,4341.07377,4343.16613,4338.77194,4342.82871
2026-08-08 05:10:00+00:00,4342.03243,4346.12543,4342.03243,4343.80346
2026-08-08 05:15:00+00:00,4343.93381,4349.14974,4343.29395,4346.79673
2026-08-08 05:20:00+00:00,4346.99659,4349.52808,4346.99659,4348.42455
2026-08-08 05:25:00+00:00,4348.59275,4349.74444,4347.63706,4348.05008
2026-08-08 05:30:00+00:00,4347.98329,4348.01513,4345.55884,4346.48436
2026-08-08 05:35:00+00:00,4346.3944,4346.3944,4344.64959,4346.03606
2026-08-08 05:40:00+00:00,4345.76444,4348.20419,4344.67857,4347.77883
2026-08-08 05:45:00+00:00,4347.37989,4348.8641,4347.37989,4347.9569
2026-08-08 05:50:00+00:00,4348.15454,4349.79584,4343.61199,4344.77181
2026-08-08 05:55:00+00:00,4347.43438,4347.43438,4338.70533,4344.0159
2026-08-08 06:00:00+00:00,4342.32336,4345.55884,4342.32336,4343.57503
2026-08-08 06:05:00+00:00,4343.79456,4344.60465,4342.7281,4342.87016
2026-08-08 06:10:00+00:00,4343.0175,4343.0175,4338.95952,4341.91455
2026-08-08 06:15:00+00:00,4341.49368,4341.97386,4340.20866,4340.53322
2026-08-08 06:20:00+00:00,4341.1801,4341.1801,4339.14779,4339.26772
2026-08-08 06:25:00+00:00,4339.33269,4339.52439,4337.07768,4338.65035
2026-08-08 06:30:00+00:00,4338.35526,4340.6723,4335.76136,4337.21021
2026-08-08 06:35:00+00:00,4336.89891,4340.99766,4335.8135,4340.6097
2026-08-08 06:40:00+00:00,4339.87934,4342.71399,4339.87934,4340.46677
2026-08-08 06:45:00+00:00,4340.64039,4341.77249,4339.33608,4339.5409
2026-08-08 06:50:00+00:00,4339.93611,4341.03143,4339.85064,4340.93829
2026-08-08 06:55:00+00:00,4340.77769,4342.7281,4340.29805,4342.63347
2026-08-08 07:00:00+00:00,4342.38579,4342.9167,4341.59684,4342.30622
2026-08-08 07:05:00+00:00,4342.24694,4342.53952,4342.1624,4342.36928
2026-08-08 07:10:00+00:00,4342.27982,4342.44611,4342.1624,4342.35543
2026-08-08 07:15:00+00:00,4342.2529,4342.41764,4342.1624,4342.23318
2026-08-08 07:20:00+00:00,4342.25889,4342.45409,4342.19668,4342.32403
2026-08-08 07:25:00+00:00,4342.26044,4342.38762,4342.23749,4342.34958
2026-08-08 07:30:00+00:00,4342.26044,4342.4265,4341.97386,4342.37871
2026-08-08 07:35:00+00:00,4342.28811,4342.57458,4342.1624,4342.31359
2026-08-08 07:40:00+00:00,4342.33282,4342.45801,4342.1624,4342.34253
2026-08-08 07:45:00+00:00,4342.25794,4342.39331,4342.1624,4342.34866
2026-08-08 07:50:00+00:00,4342.25917,4342.61884,4342.08169,4342.27017
2026-08-08 07:55:00+00:00,4342.27465,4342.40854,4342.24845,4342.24845
2026-08-08 08:00:00+00:00,4342.26798,4342.46356,4342.20854,4342.34614
2026-08-08 08:05:00+00:00,4342.27364,4342.41865,4342.25722,4342.34952
2026-08-08 08:10:00+00:00,4342.2645,4342.45547,4342.19886,4342.25019
2026-08-08 08:15:00+00:00,4342.26044,4342.39048,4342.23993,4342.24489
2026-08-08 08:20:00+00:00,4342.26044,4342.45351,4342.19625,4342.3376
2026-08-08 08:25:00+00:00,4342.25941,4342.41853,4342.25941,4342.34748
2026-08-08 08:30:00+00:00,4342.26259,4342.45602,4342.19861,4342.24799
2026-08-08 08:35:00+00:00,4342.26233,4342.38925,4342.23366,4342.25075
2026-08-08 08:40:00+00:00,4342.26233,4342.45704,4342.19996,4342.34375
2026-08-08 08:45:00+00:00,4342.26233,4342.42517,4342.26028,4342.34599
2026-08-08 08:50:00+00:00,4342.26257,4342.4536,4342.19553,4342.2423
2026-08-08 08:55:00+00:00,4342.26074,4342.39934,4342.22416,4342.25524
2026-08-08 09:00:00+00:00,4342.2621,4342.45959,4342.20847,4342.35028
2026-08-08 09:05:00+00:00,4342.26361,4342.43384,4342.25691,4342.34714
2026-08-08 09:10:00+00:00,4342.27031,4342.45817,4342.201,4342.24475
2026-08-08 09:15:00+00:00,4342.26641,4342.41373,4342.22341,4342.33106
2026-08-08 09:20:00+00:00,4342.26946,4342.46122,4342.20847,4342.35408
2026-08-08 09:25:00+00:00,4342.26546,4342.44206,4342.24995,4342.34545
2026-08-08 09:30:00+00:00,4342.27025,4342.46279,4342.20176,4342.2418
2026-08-08 09:35:00+00:00,4342.26676,4342.42433,4342.21749,4342.3255
2026-08-08 09:40:00+00:00,4342.26952,4342.45995,4342.20623,4342.35688
2026-08-08 09:45:00+00:00,4342.26542,4342.44767,4342.24157,4342.34366
2026-08-08 09:50:00+00:00,4342.27019,4342.46452,4342.20353,4342.23921
2026-08-08 09:55:00+00:00,4342.26679,4342.43235,4342.21233,4342.3252
2026-08-08 10:00:00+00:00,4342.26958,4342.46133,4342.20503,4342.363
2026-08-08 10:05:00+00:00,4342.26987,4342.45237,4342.23393,4342.3418
2026-08-08 10:10:00+00:00,4342.27013,4342.46525,4342.20629,4342.2371
2026-08-08 10:15:00+00:00,4342.26681,4342.43962,4342.2081,4342.32709
2026-08-08 10:20:00+00:00,4342.26964,4342.45442,4342.20478,4342.36111
2026-08-08 10:25:00+00:00,4342.26538,4342.45613,4342.22707,4342.33988
2026-08-08 10:30:00+00:00,4342.27007,4342.46496,4342.21004,4342.23546
2026-08-08 10:35:00+00:00,4342.26683,4342.44606,4342.20483,4342.32904
2026-08-08 10:40:00+00:00,4342.26971,4342.4502,4342.20558,4342.3625
2026-08-08 10:45:00+00:00,4342.26536,4342.45891,4342.22105,4342.33792
2026-08-08 10:50:00+00:00,4342.27,4342.45599,4342.20951,4342.22859
2026-08-08 10:55:00+00:00,4342.26081,4342.44442,4342.19673,4342.32847
2026-08-08 11:00:00+00:00,4342.26233,4342.44293,4342.23488,4342.35969
2026-08-08 11:05:00+00:00,4342.23398,4342.55321,4342.23398,4342.31776
2026-08-08 11:10:00+00:00,4342.30224,4342.45946,4342.22046,4342.23367
2026-08-08 11:15:00+00:00,4342.26647,4342.45442,4342.20124,4342.33241
2026-08-08 11:20:00+00:00,4342.26795,4342.43887,4342.21019,4342.36378
2026-08-08 11:25:00+00:00,4342.26534,4342.46147,4342.21172,4342.34682
2026-08-08 11:30:00+00:00,4342.26987,4342.45805,4342.22679,4342.23355
2026-08-08 11:35:00+00:00,4342.26685,4342.46002,4342.20099,4342.33504
2026-08-08 11:40:00+00:00,4342.2699,4342.42789,4342.20661,4342.35986
2026-08-08 11:45:00+00:00,4342.26233,4342.45739,4342.20083,4342.34724
2026-08-08 11:50:00+00:00,4342.26233,4342.44605,4342.23021,4342.23021
2026-08-08 11:55:00+00:00,4342.26233,4342.45532,4342.19809,4342.33453
2026-08-08 12:00:00+00:00,4342.26238,4342.41812,4342.21149,4342.3573
2026-08-08 12:05:00+00:00,4342.26007,4342.45416,4342.19859,4342.35072
2026-08-08 12:10:00+00:00,4342.26226,4342.44447,4342.2292,4342.2292
2026-08-08 12:15:00+00:00,4342.26155,4342.457,4342.20172,4342.33841
2026-08-08 12:20:00+00:00,4342.26815,4342.414,4342.22258,4342.35998
2026-08-08 12:25:00+00:00,4342.26348,4342.45576,4342.2031,4342.3593
2026-08-08 12:30:00+00:00,4342.26778,4342.43269,4342.2307,4342.2307
2026-08-08 12:35:00+00:00,4342.26044,4342.45583,4342.20096,4342.31336
2026-08-08 12:40:00+00:00,4342.26044,4342.40035,4342.22185,4342.35442
2026-08-08 12:45:00+00:00,4342.26044,4342.45072,4342.19725,4342.36061
2026-08-08 12:50:00+00:00,4342.26233,4342.42761,4342.23258,4342.23258
2026-08-08 12:55:00+00:00,4342.26079,4342.45739,4342.20084,4342.32052
2026-08-08 13:00:00+00:00,4342.26233,4342.39274,4342.23093,4342.3542
2026-08-08 13:05:00+00:00,4342.26233,4342.45531,4342.19808,4342.36314
2026-08-08 13:10:00+00:00,4342.26216,4342.41986,4342.23496,4342.23496
2026-08-08 13:15:00+00:00,4342.26078,4342.46167,4342.20063,4342.34212
2026-08-08 13:20:00+00:00,4342.26233,4342.39474,4342.24432,4342.35554
2026-08-08 13:25:00+00:00,4342.26577,4342.45883,4342.20553,4342.37075
2026-08-08 13:30:00+00:00,4342.2676,4342.41517,4342.23766,4342.23766
2026-08-08 13:35:00+00:00,4342.2614,4342.45942,4342.19936,4342.34641
2026-08-08 13:40:00+00:00,4342.27028,4342.40422,4342.25308,4342.35251
2026-08-08 13:45:00+00:00,4342.26579,4342.46147,4342.20828,4342.26262
2026-08-08 13:50:00+00:00,4342.26776,4342.40853,4342.24649,4342.24649
2026-08-08 13:55:00+00:00,4342.2664,4342.45811,4342.201,4342.34739
2026-08-08 14:00:00+00:00,4342.26822,4342.41358,4342.26247,4342.35029
2026-08-08 14:05:00+00:00,4342.26581,4342.46121,4342.20663,4342.258
2026-08-08 14:10:00+00:00,4342.26749,4342.40054,4342.24802,4342.24817
2026-08-08 14:15:00+00:00,4342.26506,4342.46275,4342.20173,4342.34958
2026-08-08 14:20:00+00:00,4342.27039,4342.42419,4342.26326,4342.34886
2026-08-08 14:25:00+00:00,4342.26663,4342.45417,4342.1986,4342.24799
2026-08-08 14:30:00+00:00,4342.26206,4342.39216,4342.23931,4342.25039
2026-08-08 14:35:00+00:00,4342.2631,4342.46262,4342.20354,4342.35032
2026-08-08 14:40:00+00:00,4342.26827,4342.43034,4342.26455,4342.34748
2026-08-08 14:45:00+00:00,4342.26585,4342.45767,4342.20312,4342.25007
2026-08-08 14:50:00+00:00,4342.26769,4342.40209,4342.23216,4342.25665
2026-08-08 14:55:00+00:00,4342.26468,4342.46337,4342.20442,4342.35287
2026-08-08 15:00:00+00:00,4342.26859,4342.43776,4342.25373,4342.34523
2026-08-08 15:05:00+00:00,4342.26377,4342.45426,4342.20289,4342.24657
2026-08-08 15:10:00+00:00,4342.26736,4342.40958,4342.22515,4342.26133
2026-08-08 15:15:00+00:00,4342.26462,4342.46307,4342.20293,4342.35609
2026-08-08 15:20:00+00:00,4342.26863,4342.4442,4342.24655,4342.34354
2026-08-08 15:25:00+00:00,4342.26383,4342.45341,4342.19804,4342.23778
2026-08-08 15:30:00+00:00,4342.262,4342.41527,4342.21136,4342.31596
2026-08-08 15:35:00+00:00,4342.25856,4342.45602,4342.19676,4342.35333
2026-08-08 15:40:00+00:00,4342.26267,4342.44434,4342.23197,4342.34032
2026-08-08 15:45:00+00:00,4342.26028,4342.45881,4342.20551,4342.241
2026-08-08 15:50:00+00:00,4342.26729,4342.42638,4342.21401,4342.32314
2026-08-08 15:55:00+00:00,4342.26451,4342.45944,4342.19937,4342.36121
2026-08-08 16:00:00+00:00,4342.26869,4342.45444,4342.22857,4342.3399
2026-08-08 16:05:00+00:00,4342.26395,4342.45958,4342.20832,4342.2389
2026-08-08 16:10:00+00:00,4342.26727,4342.43367,4342.20982,4342.32503
2026-08-08 16:15:00+00:00,4342.26444,4342.45614,4342.19911,4342.36307
2026-08-08 16:20:00+00:00,4342.26871,4342.45816,4342.22168,4342.33799
2026-08-08 16:25:00+00:00,4342.26401,4342.45934,4342.21211,4342.23729
2026-08-08 16:30:00+00:00,4342.26725,4342.44015,4342.20659,4342.3271
2026-08-08 16:35:00+00:00,4342.26413,4342.44622,4342.19618,4342.35883
2026-08-08 16:40:00+00:00,4342.2627,4342.45533,4342.2115,4342.33109
2026-08-08 16:45:00+00:00,4342.26038,4342.45419,4342.2114,4342.23047
2026-08-08 16:50:00+00:00,4342.26195,4342.44232,4342.19862,4342.32777
2026-08-08 16:55:00+00:00,4342.26049,4342.44669,4342.20163,4342.36531
2026-08-08 17:00:00+00:00,4342.26873,4342.46263,4342.21046,4342.34176
2026-08-08 17:05:00+00:00,4342.26606,4342.4558,4342.22248,4342.23555
2026-08-08 17:10:00+00:00,4342.26723,4342.45047,4342.20311,4342.33096
2026-08-08 17:15:00+00:00,4342.26425,4342.44062,4342.2044,4342.36567
2026-08-08 17:20:00+00:00,4342.26874,4342.46336,4342.1624,4342.33605
2026-08-08 17:25:00+00:00,4342.25855,4342.44444,4342.1624,4342.18335
2026-08-08 17:30:00+00:00,4342.25516,4342.44717,4342.1624,4342.33064
2026-08-08 17:35:00+00:00,4342.25669,4342.42364,4342.1624,4342.35607
2026-08-08 17:40:00+00:00,4342.25856,4342.45171,4342.1624,4342.34536
2026-08-08 17:45:00+00:00,4342.26044,4342.44426,4342.23021,4342.23021
2026-08-08 17:50:00+00:00,4342.26195,4342.45339,4342.19809,4342.33379
2026-08-08 17:55:00+00:00,4342.26039,4342.42,4342.20939,4342.35918
2026-08-08 18:00:00+00:00,4342.2627,4342.45604,4342.19678,4342.34757
2026-08-08 18:05:00+00:00,4342.2603,4342.43492,4342.1624,4342.22553
2026-08-08 18:10:00+00:00,4342.25667,4342.45144,4342.1624,4342.33462
2026-08-08 18:15:00+00:00,4342.25676,4342.40362,4342.1624,4342.3504
2026-08-08 18:20:00+00:00,4342.25442,4342.44603,4342.1624,4342.34972
2026-08-08 18:25:00+00:00,4342.25657,4342.4308,4342.1624,4342.22882
2026-08-08 18:30:00+00:00,4342.25856,4342.45583,4342.20097,4342.31325
2026-08-08 18:35:00+00:00,4342.26044,4342.40054,4342.2217,4342.35445
2026-08-08 18:40:00+00:00,4342.26044,4342.45072,4342.19536,4342.35872
2026-08-08 18:45:00+00:00,4342.26044,4342.42587,4342.23258,4342.23258
2026-08-08 18:50:00+00:00,4342.26044,4342.4555,4342.19895,4342.31864
2026-08-08 18:55:00+00:00,4342.26044,4342.39085,4342.22905,4342.35231
2026-08-08 19:00:00+00:00,4342.26044,4342.45531,4342.19617,4342.36379
2026-08-08 19:05:00+00:00,4342.2606,4342.4202,4342.23679,4342.23679
2026-08-08 19:10:00+00:00,4342.26233,4342.45224,4342.1624,4342.3186
2026-08-08 19:15:00+00:00,4342.25497,4342.38053,4342.1624,4342.34191
2026-08-08 19:20:00+00:00,4342.2529,4342.45335,4342.1624,4342.25728
2026-08-08 19:25:00+00:00,4342.25875,4342.40969,4342.1624,4342.23779
2026-08-08 19:30:00+00:00,4342.26044,4342.44981,4342.1624,4342.34198
2026-08-08 19:35:00+00:00,4342.25688,4342.39394,4342.1624,4342.34085
2026-08-08 19:40:00+00:00,4342.25448,4342.45018,4342.1624,4342.19334
2026-08-08 19:45:00+00:00,4342.25645,4342.39621,4342.1624,4342.188
2026-08-08 19:50:00+00:00,4342.25509,4342.44714,4342.1624,4342.3436
2026-08-08 19:55:00+00:00,4342.25691,4342.40324,4342.1624,4342.33736
2026-08-08 20:00:00+00:00,4342.2545,4342.45358,4342.1624,4342.25037
2026-08-08 20:05:00+00:00,4342.26044,4342.39089,4342.24029,4342.24473
2026-08-08 20:10:00+00:00,4342.26044,4342.45342,4342.19619,4342.33779
2026-08-08 20:15:00+00:00,4342.26044,4342.41513,4342.26009,4342.34753
2026-08-08 20:20:00+00:00,4342.2626,4342.45032,4342.1624,4342.24216
2026-08-08 20:25:00+00:00,4342.2564,4342.38383,4342.1624,4342.19071
2026-08-08 20:30:00+00:00,4342.25504,4342.45143,4342.1624,4342.34651
2026-08-08 20:35:00+00:00,4342.25695,4342.41985,4342.1624,4342.32924
2026-08-08 20:40:00+00:00,4342.25454,4342.44605,4342.1624,4342.18899
2026-08-08 20:45:00+00:00,4342.25638,4342.39181,4342.1624,4342.19226
2026-08-08 20:50:00+00:00,4342.25501,4342.45207,4342.1624,4342.34776
2026-08-08 20:55:00+00:00,4342.25698,4342.42704,4342.1624,4342.32467
2026-08-08 21:00:00+00:00,4342.25457,4342.45077,4342.1624,4342.23707
2026-08-08 21:05:00+00:00,4342.25887,4342.40639,4342.21746,4342.25788
2026-08-08 21:10:00+00:00,4342.26044,4342.45551,4342.19898,4342.34862
2026-08-08 21:15:00+00:00,4342.26044,4342.4368,4342.24032,4342.34277
2026-08-08 21:20:00+00:00,4342.26252,4342.4553,4342.19616,4342.23602
2026-08-08 21:25:00+00:00,4342.26077,4342.41698,4342.21159,4342.32078
2026-08-08 21:30:00+00:00,4342.26215,4342.4561,4342.19868,4342.35323
2026-08-08 21:35:00+00:00,4342.26233,4342.44413,4342.23402,4342.32258
2026-08-08 21:40:00+00:00,4342.26233,4342.45698,4342.19986,4342.23534
2026-08-08 21:45:00+00:00,4342.26233,4342.42482,4342.20835,4342.31449
2026-08-08 21:50:00+00:00,4342.26233,4342.45379,4342.19745,4342.35556
2026-08-08 21:55:00+00:00,4342.26233,4342.44879,4342.22637,4342.32044
2026-08-08 22:00:00+00:00,4342.26233,4342.45771,4342.20267,4342.23324
2026-08-08 22:05:00+00:00,4342.26233,4342.43209,4342.20416,4342.30891
2026-08-08 22:10:00+00:00,4342.26233,4342.45048,4342.19724,4342.35741
2026-08-08 22:15:00+00:00,4342.26233,4342.4525,4342.21951,4342.326
2026-08-08 22:20:00+00:00,4342.26233,4342.45742,4342.20645,4342.23163
2026-08-08 22:25:00+00:00,4342.26233,4342.43853,4342.20093,4342.30338
2026-08-08 22:30:00+00:00,4342.26233,4342.44622,4342.19804,4342.35878
2026-08-08 22:35:00+00:00,4342.26233,4342.45524,4342.2135,4342.33148
2026-08-08 22:40:00+00:00,4342.26233,4342.45611,4342.21119,4342.23051
2026-08-08 22:45:00+00:00,4342.26233,4342.4441,4342.19869,4342.29795
2026-08-08 22:50:00+00:00,4342.26233,4342.44103,4342.19985,4342.35965
2026-08-08 22:55:00+00:00,4342.26233,4342.45698,4342.20837,4342.33684
2026-08-08 23:00:00+00:00,4342.26233,4342.4538,4342.21682,4342.22989
2026-08-08 23:05:00+00:00,4342.26233,4342.44877,4342.19745,4342.29266
2026-08-08 23:10:00+00:00,4342.26233,4342.43495,4342.20266,4342.36002
2026-08-08 23:15:00+00:00,4342.26233,4342.45771,4342.20418,4342.34205
2026-08-08 23:20:00+00:00,4342.26233,4342.4505,4342.22333,4342.22978
2026-08-08 23:25:00+00:00,4342.26233,4342.45249,4342.19723,4342.29796
2026-08-08 23:30:00+00:00,4342.26233,4342.42804,4342.20644,4342.35987
2026-08-08 23:35:00+00:00,4342.26233,4342.45742,4342.20094,4342.34704
2026-08-08 23:40:00+00:00,4342.26233,4342.44624,4342.23018,4342.23018
2026-08-08 23:45:00+00:00,4342.26233,4342.45523,4342.19803,4342.3037
2026-08-08 23:50:00+00:00,4342.26233,4342.42034,4342.21116,4342.35922
2026-08-08 23:55:00+00:00,4342.26233,4342.45612,4342.1987,4342.3518
2026-08-09 00:00:00+00:00,4342.26233,4342.44105,4342.23108,4342.23108
2026-08-09 00:05:00+00:00,4342.26233,4342.45697,4342.19984,4342.30936
2026-08-09 00:10:00+00:00,4342.26233,4342.41191,4342.2168,4342.35807
2026-08-09 00:15:00+00:00,4342.26233,4342.45381,4342.19746,4342.35628
2026-08-09 00:20:00+00:00,4342.26233,4342.43498,4342.23248,4342.23248
2026-08-09 00:25:00+00:00,4342.26233,4342.45771,4342.20264,4342.31491
2026-08-09 00:30:00+00:00,4342.26233,4342.40282,4342.2233,4342.35642
2026-08-09 00:35:00+00:00,4342.26233,4342.45247,4342.19723,4342.36044
2026-08-09 00:40:00+00:00,4342.26233,4342.42807,4342.23437,4342.23437
2026-08-09 00:45:00+00:00,4342.26233,4342.45742,4342.20095,4342.3203
2026-08-09 00:50:00+00:00,4342.26233,4342.39315,4342.23061,4342.35429
2026-08-09 00:55:00+00:00,4342.26233,4342.45522,4342.19803,4342.36426
2026-08-09 01:00:00+00:00,4342.26233,4342.42037,4342.23674,4342.23674
2026-08-09 01:05:00+00:00,4342.26233,4342.45612,4342.1987,4342.3255
2026-08-09 01:10:00+00:00,4342.26233,4342.38867,4342.23868,4342.3517
2026-08-09 01:15:00+00:00,4342.26233,4342.45697,4342.19983,4342.26178
2026-08-09 01:20:00+00:00,4342.26233,4342.41194,4342.23955,4342.23955
2026-08-09 01:25:00+00:00,4342.26233,4342.45382,4342.19746,4342.33045
2026-08-09 01:30:00+00:00,4342.26233,4342.39858,4342.24744,4342.34867
2026-08-09 01:35:00+00:00,4342.26233,4342.45771,4342.20263,4342.25696
2026-08-09 01:40:00+00:00,4342.26233,4342.40286,4342.2428,4342.2428
2026-08-09 01:45:00+00:00,4342.26233,4342.45246,4342.19723,4342.33513
2026-08-09 01:50:00+00:00,4342.26233,4342.40794,4342.25683,4342.34521
2026-08-09 01:55:00+00:00,4342.26233,4342.45743,4342.20097,4342.25243
2026-08-09 02:00:00+00:00,4342.26233,4342.39319,4342.24254,4342.24645
2026-08-09 02:05:00+00:00,4342.26233,4342.45521,4342.19802,4342.3395
2026-08-09 02:10:00+00:00,4342.26233,4342.41667,4342.26233,4342.34136
2026-08-09 02:15:00+00:00,4342.26233,4342.45613,4342.19871,4342.24824
2026-08-09 02:20:00+00:00,4342.26233,4342.38863,4342.23415,4342.25049
2026-08-09 02:25:00+00:00,4342.26233,4342.45696,4342.19982,4342.34351
2026-08-09 02:30:00+00:00,4342.26233,4342.4247,4342.26128,4342.33715
2026-08-09 02:35:00+00:00,4342.26233,4342.45383,4342.19746,4342.24441
2026-08-09 02:40:00+00:00,4342.26233,4342.39854,4342.22649,4342.25487
2026-08-09 02:45:00+00:00,4342.26233,4342.4577,4342.20261,4342.34715
2026-08-09 02:50:00+00:00,4342.26233,4342.43197,4342.25163,4342.33261
2026-08-09 02:55:00+00:00,4342.26233,4342.45245,4342.19723,4342.24097
2026-08-09 03:00:00+00:00,4342.26233,4342.4079,4342.21962,4342.25956
2026-08-09 03:05:00+00:00,4342.26233,4342.45743,4342.20098,4342.35038
2026-08-09 03:10:00+00:00,4342.26233,4342.43843,4342.24257,4342.32778
2026-08-09 03:15:00+00:00,4342.26233,4342.4552,4342.19802,4342.23796
2026-08-09 03:20:00+00:00,4342.26233,4342.41663,4342.21359,4342.3202
2026-08-09 03:25:00+00:00,4342.26233,4342.45614,4342.19872,4342.35317
2026-08-09 03:30:00+00:00,4342.26233,4342.44402,4342.23418,4342.32269
2026-08-09 03:35:00+00:00,4342.26233,4342.45696,4342.19981,4342.23539
2026-08-09 03:40:00+00:00,4342.26233,4342.42467,4342.20845,4342.31461
2026-08-09 03:45:00+00:00,4342.26233,4342.45384,4342.19747,4342.35551
2026-08-09 03:50:00+00:00,4342.26233,4342.4487,4342.22652,4342.32032
2026-08-09 03:55:00+00:00,4342.26233,4342.4577,4342.2026,4342.23328
2026-08-09 04:00:00+00:00,4342.26233,4342.43194,4342.20424,4342.30902
2026-08-09 04:05:00+00:00,4342.26233,4342.45056,4342.19723,4342.35738
2026-08-09 04:10:00+00:00,4342.26233,4342.45243,4342.21964,4342.32588
2026-08-09 04:15:00+00:00,4342.26233,4342.45743,4342.20637,4342.23166
2026-08-09 04:20:00+00:00,4342.26233,4342.43841,4342.20099,4342.30349
2026-08-09 04:25:00+00:00,4342.26233,4342.44632,4342.19801,4342.35876
2026-08-09 04:30:00+00:00,4342.26233,4342.45519,4342.21361,4342.33137
2026-08-09 04:35:00+00:00,4342.26233,4342.45615,4342.21108,4342.23053
2026-08-09 04:40:00+00:00,4342.26233,4342.444,4342.19873,4342.29806
2026-08-09 04:45:00+00:00,4342.26233,4342.44115,4342.1998,4342.35964
2026-08-09 04:50:00+00:00,4342.26233,4342.45695,4342.20847,4342.33674
2026-08-09 04:55:00+00:00,4342.26233,4342.45385,4342.2167,4342.2299
2026-08-09 05:00:00+00:00,4342.26233,4342.44868,4342.19747,4342.29277
2026-08-09 05:05:00+00:00,4342.26233,4342.43509,4342.20259,4342.36001
2026-08-09 05:10:00+00:00,4342.26233,4342.4577,4342.20425,4342.34194
2026-08-09 05:15:00+00:00,4342.26233,4342.45058,4342.22319,4342.22978
2026-08-09 05:20:00+00:00,4342.26233,4342.45242,4342.19723,4342.29785
2026-08-09 05:25:00+00:00,4342.26233,4342.42819,4342.20635,4342.35988
2026-08-09 05:30:00+00:00,4342.26233,4342.45744,4342.201,4342.34694
2026-08-09 05:35:00+00:00,4342.26233,4342.44634,4342.23017,4342.23017
2026-08-09 05:40:00+00:00,4342.26233,4342.45518,4342.198,4342.30358
2026-08-09 05:45:00+00:00,4342.26233,4342.4205,4342.21106,4342.35924
2026-08-09 05:50:00+00:00,4342.26233,4342.45615,4342.19873,4342.3517
2026-08-09 05:55:00+00:00,4342.26233,4342.44117,4342.23106,4342.23106
2026-08-09 06:00:00+00:00,4342.26233,4342.45695,4342.19979,4342.30924
2026-08-09 06:05:00+00:00,4342.26233,4342.41209,4342.21668,4342.3581
2026-08-09 06:10:00+00:00,4342.26233,4342.45387,4342.19747,4342.35619
2026-08-09 06:15:00+00:00,4342.26233,4342.43511,4342.23245,4342.23245
2026-08-09 06:20:00+00:00,4342.26233,4342.4577,4342.20257,4342.3148
2026-08-09 06:25:00+00:00,4342.26233,4342.40301,4342.22316,4342.35646
2026-08-09 06:30:00+00:00,4342.26233,4342.45241,4342.19723,4342.36036
2026-08-09 06:35:00+00:00,4342.26233,4342.42822,4342.23433,4342.23433
2026-08-09 06:40:00+00:00,4342.26233,4342.45744,4342.20101,4342.32019
2026-08-09 06:45:00+00:00,4342.26233,4342.39335,4342.23045,4342.35434
2026-08-09 06:50:00+00:00,4342.26233,4342.45517,4342.198,4342.36418
2026-08-09 06:55:00+00:00,4342.26233,4342.42053,4342.23668,4342.23668
2026-08-09 07:00:00+00:00,4342.26233,4342.45616,4342.19874,4342.32539
2026-08-09 07:05:00+00:00,4342.26233,4342.38846,4342.23851,4342.35176
2026-08-09 07:10:00+00:00,4342.26233,4342.45694,4342.19978,4342.26188
2026-08-09 07:15:00+00:00,4342.26233,4342.41212,4342.23949,4342.23949
2026-08-09 07:20:00+00:00,4342.26233,4342.45388,4342.19748,4342.33035
2026-08-09 07:25:00+00:00,4342.26233,4342.39838,4342.24726,4342.34873
2026-08-09 07:30:00+00:00,4342.26233,4342.4577,4342.20256,4342.25705
2026-08-09 07:35:00+00:00,4342.26233,4342.40305,4342.24273,4342.24273
2026-08-09 07:40:00+00:00,4342.26233,4342.45239,4342.19723,4342.33504
2026-08-09 07:45:00+00:00,4342.26233,4342.40775,4342.25663,4342.34529
2026-08-09 07:50:00+00:00,4342.26233,4342.45744,4342.20102,4342.25252
2026-08-09 07:55:00+00:00,4342.26233,4342.39129,4342.24272,4342.24457
2026-08-09 08:00:00+00:00,4342.26044,4342.45333,4342.19614,4342.33761
2026-08-09 08:05:00+00:00,4342.26044,4342.41479,4342.26044,4342.33947
2026-08-09 08:10:00+00:00,4342.26044,4342.45424,4342.19682,4342.24635
2026-08-09 08:15:00+00:00,4342.26044,4342.38675,4342.23226,4342.2486
2026-08-09 08:20:00+00:00,4342.26044,4342.45508,4342.19794,4342.34163
2026-08-09 08:25:00+00:00,4342.26044,4342.42282,4342.25938,4342.33526
2026-08-09 08:30:00+00:00,4342.26044,4342.45194,4342.19558,4342.24252
2026-08-09 08:35:00+00:00,4342.26044,4342.39666,4342.2246,4342.25299
2026-08-09 08:40:00+00:00,4342.26044,4342.45582,4342.20073,4342.34527
2026-08-09 08:45:00+00:00,4342.26044,4342.43009,4342.24973,4342.33072
2026-08-09 08:50:00+00:00,4342.26044,4342.45057,4342.19535,4342.23908
2026-08-09 08:55:00+00:00,4342.26044,4342.40602,4342.21773,4342.25768
2026-08-09 09:00:00+00:00,4342.26044,4342.45554,4342.19909,4342.34849
2026-08-09 09:05:00+00:00,4342.26044,4342.43655,4342.24068,4342.32589
2026-08-09 09:10:00+00:00,4342.26044,4342.45332,4342.19613,4342.23607
2026-08-09 09:15:00+00:00,4342.26044,4342.41475,4342.2117,4342.31831
2026-08-09 09:20:00+00:00,4342.26044,4342.45425,4342.19683,4342.35129
2026-08-09 09:25:00+00:00,4342.26044,4342.44214,4342.23229,4342.3208
2026-08-09 09:30:00+00:00,4342.26044,4342.45507,4342.19793,4342.2335
2026-08-09 09:35:00+00:00,4342.26044,4342.42279,4342.20656,4342.31271
2026-08-09 09:40:00+00:00,4342.26044,4342.45195,4342.19558,4342.35363
2026-08-09 09:45:00+00:00,4342.26044,4342.44682,4342.22463,4342.31844
2026-08-09 09:50:00+00:00,4342.26044,4342.45582,4342.20072,4342.23139
2026-08-09 09:55:00+00:00,4342.26044,4342.43006,4342.20235,4342.30713
2026-08-09 10:00:00+00:00,4342.26044,4342.44867,4342.19534,4342.3555
2026-08-09 10:05:00+00:00,4342.26044,4342.45055,4342.21775,4342.324
2026-08-09 10:10:00+00:00,4342.26044,4342.45555,4342.20449,4342.22977
2026-08-09 10:15:00+00:00,4342.26044,4342.43652,4342.1991,4342.3016
2026-08-09 10:20:00+00:00,4342.26044,4342.44443,4342.19613,4342.35687
2026-08-09 10:25:00+00:00,4342.26044,4342.45331,4342.21172,4342.32949
2026-08-09 10:30:00+00:00,4342.26044,4342.45426,4342.2092,4342.22864
2026-08-09 10:35:00+00:00,4342.26044,4342.44212,4342.19684,4342.29617
2026-08-09 10:40:00+00:00,4342.26044,4342.43925,4342.19792,4342.35775
2026-08-09 10:45:00+00:00,4342.26044,4342.45507,4342.20658,4342.33485
2026-08-09 10:50:00+00:00,4342.26044,4342.45197,4342.21482,4342.22801
2026-08-09 10:55:00+00:00,4342.26044,4342.4468,4342.19558,4342.29088
2026-08-09 11:00:00+00:00,4342.26044,4342.43319,4342.20071,4342.35813
2026-08-09 11:05:00+00:00,4342.26044,4342.45582,4342.20236,4342.34005
2026-08-09 11:10:00+00:00,4342.26044,4342.44869,4342.22131,4342.22789
2026-08-09 11:15:00+00:00,4342.26044,4342.45054,4342.19534,4342.29597
2026-08-09 11:20:00+00:00,4342.26044,4342.42629,4342.20447,4342.35799
2026-08-09 11:25:00+00:00,4342.26044,4342.45555,4342.19911,4342.34506
2026-08-09 11:30:00+00:00,4342.26044,4342.44445,4342.22828,4342.22828
2026-08-09 11:35:00+00:00,4342.26044,4342.4533,4342.19612,4342.3017
2026-08-09 11:40:00+00:00,4342.26044,4342.41861,4342.20918,4342.35735
2026-08-09 11:45:00+00:00,4342.26044,4342.45427,4342.19685,4342.34982
2026-08-09 11:50:00+00:00,4342.26044,4342.43928,4342.22917,4342.22917
2026-08-09 11:55:00+00:00,4342.26044,4342.45506,4342.19791,4342.30736
2026-08-09 12:00:00+00:00,4342.26044,4342.41019,4342.2148,4342.35621
2026-08-09 12:05:00+00:00,4342.26044,4342.45198,4342.19559,4342.35431
2026-08-09 12:10:00+00:00,4342.26044,4342.43322,4342.23057,4342.23057
2026-08-09 12:15:00+00:00,4342.26044,4342.45582,4342.20069,4342.31292
2026-08-09 12:20:00+00:00,4342.26044,4342.40112,4342.22128,4342.35457
2026-08-09 12:25:00+00:00,4342.26044,4342.45053,4342.19534,4342.35847
2026-08-09 12:30:00+00:00,4342.26044,4342.42632,4342.23245,4342.23245
2026-08-09 12:35:00+00:00,4342.26044,4342.45555,4342.19912,4342.31831
2026-08-09 12:40:00+00:00,4342.26044,4342.39146,4342.22858,4342.35245
2026-08-09 12:45:00+00:00,4342.26044,4342.45329,4342.19611,4342.3623
2026-08-09 12:50:00+00:00,4342.26044,4342.41864,4342.2348,4342.2348
2026-08-09 12:55:00+00:00,4342.26044,4342.45427,4342.19685,4342.32351
2026-08-09 13:00:00+00:00,4342.26044,4342.38658,4342.23663,4342.34987
2026-08-09 13:05:00+00:00,4342.26044,4342.45506,4342.1979,4342.25999
2026-08-09 13:10:00+00:00,4342.26044,4342.41023,4342.23761,4342.23761
2026-08-09 13:15:00+00:00,4342.26044,4342.45199,4342.19559,4342.32847
2026-08-09 13:20:00+00:00,4342.26044,4342.39651,4342.24538,4342.34684
2026-08-09 13:25:00+00:00,4342.26044,4342.45582,4342.20068,4342.25516
2026-08-09 13:30:00+00:00,4342.26044,4342.40116,4342.24085,4342.24085
2026-08-09 13:35:00+00:00,4342.26044,4342.45051,4342.19534,4342.33316
2026-08-09 13:40:00+00:00,4342.26044,4342.40588,4342.25475,4342.3434
2026-08-09 13:45:00+00:00,4342.26044,4342.45556,4342.19913,4342.25063
2026-08-09 13:50:00+00:00,4342.26044,4342.3915,4342.24082,4342.24449
2026-08-09 13:55:00+00:00,4342.26044,4342.45328,4342.19611,4342.33753
2026-08-09 14:00:00+00:00,4342.26044,4342.41462,4342.26044,4342.33956
2026-08-09 14:05:00+00:00,4342.26044,4342.45428,4342.19686,4342.24643
2026-08-09 14:10:00+00:00,4342.26044,4342.38654,4342.23242,4342.24852
2026-08-09 14:15:00+00:00,4342.26044,4342.45505,4342.19789,4342.34155
2026-08-09 14:20:00+00:00,4342.26044,4342.42266,4342.25958,4342.33535
2026-08-09 14:25:00+00:00,4342.26044,4342.452,4342.19559,4342.24259
2026-08-09 14:30:00+00:00,4342.26044,4342.39647,4342.22475,4342.25289
2026-08-09 14:35:00+00:00,4342.26044,4342.45581,4342.20067,4342.3452
2026-08-09 14:40:00+00:00,4342.26044,4342.42995,4342.24993,4342.33082
2026-08-09 14:45:00+00:00,4342.26044,4342.4505,4342.19534,4342.23915
2026-08-09 14:50:00+00:00,4342.26044,4342.40584,4342.21786,4342.25758
2026-08-09 14:55:00+00:00,4342.26044,4342.45556,4342.19915,4342.34843
2026-08-09 15:00:00+00:00,4342.26044,4342.43643,4342.24086,4342.32599
2026-08-09 15:05:00+00:00,4342.26044,4342.45327,4342.1961,4342.23613
2026-08-09 15:10:00+00:00,4342.26044,4342.41458,4342.21181,4342.31843
2026-08-09 15:15:00+00:00,4342.26044,4342.45429,4342.19687,4342.35124
2026-08-09 15:20:00+00:00,4342.26044,4342.44203,4342.23245,4342.3209
2026-08-09 15:25:00+00:00,4342.26044,4342.45505,4342.19788,4342.23355
2026-08-09 15:30:00+00:00,4342.26044,4342.42263,4342.20665,4342.31283
2026-08-09 15:35:00+00:00,4342.26044,4342.45201,4342.1956,4342.35359
2026-08-09 15:40:00+00:00,4342.26044,4342.44673,4342.22478,4342.31832
2026-08-09 15:45:00+00:00,4342.26044,4342.45581,4342.20065,4342.23143
2026-08-09 15:50:00+00:00,4342.26044,4342.42992,4342.20242,4342.30725
2026-08-09 15:55:00+00:00,4342.26044,4342.44875,4342.19534,4342.35546
2026-08-09 16:00:00+00:00,4342.26044,4342.45049,4342.21789,4342.32389
2026-08-09 16:05:00+00:00,4342.26044,4342.45556,4342.2044,4342.2298
2026-08-09 16:10:00+00:00,4342.26044,4342.4364,4342.19916,4342.30171
2026-08-09 16:15:00+00:00,4342.26044,4342.44452,4342.1961,4342.35685
2026-08-09 16:20:00+00:00,4342.26044,4342.45326,4342.21184,4342.32938
2026-08-09 16:25:00+00:00,4342.26044,4342.45429,4342.20909,4342.22866
2026-08-09 16:30:00+00:00,4342.26044,4342.44201,4342.19688,4342.29628
2026-08-09 16:35:00+00:00,4342.26044,4342.43937,4342.19787,4342.35774
2026-08-09 16:40:00+00:00,4342.26044,4342.45504,4342.20667,4342.33474
2026-08-09 16:45:00+00:00,4342.26044,4342.45202,4342.2147,4342.22802
2026-08-09 16:50:00+00:00,4342.26044,4342.44672,4342.1956,4342.29098
2026-08-09 16:55:00+00:00,4342.26044,4342.43333,4342.20064,4342.35813
2026-08-09 17:00:00+00:00,4342.26044,4342.45581,4342.20244,4342.33995
2026-08-09 17:05:00+00:00,4342.26044,4342.44876,4342.22117,4342.22789
2026-08-09 17:10:00+00:00,4342.26044,4342.45047,4342.19534,4342.29585
2026-08-09 17:15:00+00:00,4342.26044,4342.42644,4342.20438,4342.358
2026-08-09 17:20:00+00:00,4342.26044,4342.45556,4342.19917,4342.34496
2026-08-09 17:25:00+00:00,4342.26044,4342.44454,4342.22827,4342.22827
2026-08-09 17:30:00+00:00,4342.26044,4342.45325,4342.19609,4342.30158
2026-08-09 17:35:00+00:00,4342.26044,4342.41877,4342.20907,4342.35737
2026-08-09 17:40:00+00:00,4342.26044,4342.4543,4342.19688,4342.34973
2026-08-09 17:45:00+00:00,4342.26044,4342.43939,4342.22915,4342.22915
2026-08-09 17:50:00+00:00,4342.26044,4342.45504,4342.19786,4342.30725
2026-08-09 17:55:00+00:00,4342.26044,4342.41037,4342.21467,4342.35624
2026-08-09 18:00:00+00:00,4342.26044,4342.45203,4342.1956,4342.35422
2026-08-09 18:05:00+00:00,4342.26044,4342.43335,4342.23053,4342.23053
2026-08-09 18:10:00+00:00,4342.26044,4342.45581,4342.20063,4342.3128
2026-08-09 18:15:00+00:00,4342.26044,4342.40131,4342.22114,4342.35461
2026-08-09 18:20:00+00:00,4342.26044,4342.45046,4342.19534,4342.3584
2026-08-09 18:25:00+00:00,4342.26044,4342.42647,4342.2324,4342.2324
2026-08-09 18:30:00+00:00,4342.26044,4342.45557,4342.19918,4342.3182
2026-08-09 18:35:00+00:00,4342.26044,4342.39166,4342.22842,4342.3525
2026-08-09 18:40:00+00:00,4342.26044,4342.45324,4342.19609,4342.36223
2026-08-09 18:45:00+00:00,4342.26044,4342.41881,4342.23475,4342.23475
2026-08-09 18:50:00+00:00,4342.26044,4342.45431,4342.19689,4342.32341
2026-08-09 18:55:00+00:00,4342.26044,4342.38638,4342.23646,4342.34993
2026-08-09 19:00:00+00:00,4342.26044,4342.45503,4342.19785,4342.26009
2026-08-09 19:05:00+00:00,4342.26044,4342.41041,4342.23754,4342.23754
2026-08-09 19:10:00+00:00,4342.26044,4342.45205,4342.19561,4342.32837
2026-08-09 19:15:00+00:00,4342.26044,4342.39631,4342.24519,4342.34691
2026-08-09 19:20:00+00:00,4342.26044,4342.45581,4342.20061,4342.25526
2026-08-09 19:25:00+00:00,4342.26044,4342.40135,4342.24078,4342.24078
2026-08-09 19:30:00+00:00,4342.26044,4342.45045,4342.19534,4342.33307
2026-08-09 19:35:00+00:00,4342.26044,4342.40569,4342.25456,4342.34347
2026-08-09 19:40:00+00:00,4342.26044,4342.45557,4342.19919,4342.25072
2026-08-09 19:45:00+00:00,4342.26044,4342.3917,4342.241,4342.24441
2026-08-09 19:50:00+00:00,4342.26044,4342.45323,4342.19608,4342.33744
2026-08-09 19:55:00+00:00,4342.26044,4342.41444,4342.26044,4342.33964
2026-08-09 20:00:00+00:00,4342.26044,4342.45432,4342.1969,4342.24651
2026-08-09 20:05:00+00:00,4342.26044,4342.38633,4342.23259,4342.24843
2026-08-09 20:10:00+00:00,4342.26044,4342.45503,4342.19784,4342.34147
2026-08-09 20:15:00+00:00,4342.26044,4342.42251,4342.25979,4342.33544
2026-08-09 20:20:00+00:00,4342.26044,4342.45206,4342.19561,4342.24267
2026-08-09 20:25:00+00:00,4342.26044,4342.39627,4342.2249,4342.2528
2026-08-09 20:30:00+00:00,4342.26044,4342.45581,4342.2006,4342.34513
2026-08-09 20:35:00+00:00,4342.26044,4342.42981,4342.25012,4342.33091
2026-08-09 20:40:00+00:00,4342.26044,4342.45043,4342.19534,4342.23922
2026-08-09 20:45:00+00:00,4342.26044,4342.40565,4342.21799,4342.25748
2026-08-09 20:50:00+00:00,4342.26044,4342.45557,4342.1992,4342.34837
2026-08-09 20:55:00+00:00,4342.26044,4342.4363,4342.24104,4342.32609
2026-08-09 21:00:00+00:00,4342.26044,4342.45323,4342.19608,4342.23618
2026-08-09 21:05:00+00:00,4342.26044,4342.41441,4342.21193,4342.31854
2026-08-09 21:10:00+00:00,4342.26044,4342.45432,4342.1969,4342.35118
2026-08-09 21:15:00+00:00,4342.26044,4342.44193,4342.23262,4342.32101
2026-08-09 21:20:00+00:00,4342.26044,4342.45502,4342.19783,4342.2336
2026-08-09 21:25:00+00:00,4342.26044,4342.42247,4342.20675,4342.31294
2026-08-09 21:30:00+00:00,4342.26044,4342.45207,4342.19561,4342.35354
2026-08-09 21:35:00+00:00,4342.26044,4342.44665,4342.22493,4342.31821
2026-08-09 21:40:00+00:00,4342.26044,4342.45581,4342.20059,4342.23147
2026-08-09 21:45:00+00:00,4342.26044,4342.42978,4342.2025,4342.30736
2026-08-09 21:50:00+00:00,4342.26044,4342.44882,4342.19533,4342.35543
2026-08-09 21:55:00+00:00,4342.26044,4342.45042,4342.21802,4342.32378
2026-08-09 22:00:00+00:00,4342.26044,4342.45558,4342.20431,4342.22983
2026-08-09 22:05:00+00:00,4342.26044,4342.43628,4342.19921,4342.30182
2026-08-09 22:10:00+00:00,4342.26044,4342.44462,4342.19607,4342.35683
2026-08-09 22:15:00+00:00,4342.26044,4342.45322,4342.21195,4342.32926
2026-08-09 22:20:00+00:00,4342.26044,4342.45433,4342.20899,4342.22868
2026-08-09 22:25:00+00:00,4342.26044,4342.44191,4342.19691,4342.29639
2026-08-09 22:30:00+00:00,4342.26044,4342.43948,4342.19782,4342.35773
2026-08-09 22:35:00+00:00,4342.26044,4342.45502,4342.20677,4342.33463
2026-08-09 22:40:00+00:00,4342.26044,4342.45208,4342.21457,4342.22803
2026-08-09 22:45:00+00:00,4342.26044,4342.44663,4342.19562,4342.29109
2026-08-09 22:50:00+00:00,4342.26044,4342.43346,4342.20057,4342.35812
2026-08-09 22:55:00+00:00,4342.26044,4342.45581,4342.20252,4342.33985
2026-08-09 23:00:00+00:00,4342.26044,4342.44884,4342.22102,4342.22789
2026-08-09 23:05:00+00:00,4342.26044,4342.4504,4342.19533,4342.29573
2026-08-09 23:10:00+00:00,4342.26044,4342.42659,4342.2043,4342.35801
2026-08-09 23:15:00+00:00,4342.26044,4342.45558,4342.19922,4342.34486
2026-08-09 23:20:00+00:00,4342.26044,4342.44464,4342.22826,4342.22826
2026-08-09 23:25:00+00:00,4342.26044,4342.45321,4342.19607,4342.30146
2026-08-09 23:30:00+00:00,4342.26044,4342.41894,4342.20897,4342.35739
2026-08-09 23:35:00+00:00,4342.26044,4342.45434,4342.19692,4342.34963
2026-08-09 23:40:00+00:00,4342.26044,4342.43951,4342.22913,4342.22913
2026-08-09 23:45:00+00:00,4342.26044,4342.45501,4342.19781,4342.30713
2026-08-09 23:50:00+00:00,4342.26044,4342.41055,4342.21455,4342.35627
2026-08-09 23:55:00+00:00,4342.26044,4342.45209,4342.19562,4342.35413
2026-08-10 00:00:00+00:00,4342.26044,4342.43349,4342.2305,4342.2305
2026-08-10 00:05:00+00:00,4342.26044,4342.45581,4342.20056,4342.31269
2026-08-10 00:10:00+00:00,4342.26044,4342.4015,4342.221,4342.35465
2026-08-10 00:15:00+00:00,4342.26044,4342.45039,4342.19533,4342.35831
2026-08-10 00:20:00+00:00,4342.26044,4342.42662,4342.23236,4342.23236
2026-08-10 00:25:00+00:00,4342.26044,4342.45558,4342.19924,4342.3181
2026-08-10 00:30:00+00:00,4342.26044,4342.39186,4342.22826,4342.35255
2026-08-10 00:35:00+00:00,4342.26044,4342.4532,4342.19606,4342.36215
2026-08-10 00:40:00+00:00,4342.26044,4342.41897,4342.23469,4342.23469
2026-08-10 00:45:00+00:00,4342.26044,4342.45435,4342.19693,4342.3233
2026-08-10 00:50:00+00:00,4342.26044,4342.38617,4342.23629,4342.34998
2026-08-10 00:55:00+00:00,4342.26044,4342.45501,4342.19781,4342.2602
2026-08-10 01:00:00+00:00,4342.26044,4342.41059,4342.23748,4342.23748
2026-08-10 01:05:00+00:00,4342.26044,4342.4521,4342.19562,4342.32828
2026-08-10 01:10:00+00:00,4342.26044,4342.39611,4342.24501,4342.34698
2026-08-10 01:15:00+00:00,4342.26044,4342.4558,4342.20055,4342.25536
2026-08-10 01:20:00+00:00,4342.26044,4342.40154,4342.24071,4342.24071
2026-08-10 01:25:00+00:00,4342.26044,4342.45038,4342.19533,4342.33297
2026-08-10 01:30:00+00:00,4342.26044,4342.4055,4342.25436,4342.34355
2026-08-10 01:35:00+00:00,4342.26044,4342.45559,4342.19925,4342.25081
2026-08-10 01:40:00+00:00,4342.26044,4342.3919,4342.24118,4342.24434
2026-08-10 01:45:00+00:00,4342.26044,4342.45319,4342.19606,4342.33736
2026-08-10 01:50:00+00:00,4342.26044,4342.41427,4342.26044,4342.33972
2026-08-10 01:55:00+00:00,4342.26044,4342.45435,4342.19693,4342.2466
2026-08-10 02:00:00+00:00,4342.26044,4342.38612,4342.23275,4342.24835
2026-08-10 02:05:00+00:00,4342.26044,4342.455,4342.1978,4342.34139
2026-08-10 02:10:00+00:00,4342.26044,4342.42235,4342.25999,4342.33553
2026-08-10 02:15:00+00:00,4342.26044,4342.45211,4342.19563,4342.24274
2026-08-10 02:20:00+00:00,4342.26044,4342.39607,4342.22505,4342.25271
2026-08-10 02:25:00+00:00,4342.26044,4342.4558,4342.20053,4342.34505
2026-08-10 02:30:00+00:00,4342.26044,4342.42967,4342.25031,4342.33101
2026-08-10 02:35:00+00:00,4342.26044,4342.45036,4342.19533,4342.23928
2026-08-10 02:40:00+00:00,4342.26044,4342.40547,4342.21812,4342.25738
2026-08-10 02:45:00+00:00,4342.26044,4342.45559,4342.19926,4342.34831
2026-08-10 02:50:00+00:00,4342.26044,4342.43618,4342.24122,4342.32619
2026-08-10 02:55:00+00:00,4342.26044,4342.45318,4342.19605,4342.23624
2026-08-10 03:00:00+00:00,4342.26044,4342.41424,4342.21204,4342.31865
2026-08-10 03:05:00+00:00,4342.26044,4342.45436,4342.19694,4342.35113
2026-08-10 03:10:00+00:00,4342.26044,4342.44182,4342.23278,4342.32112
2026-08-10 03:15:00+00:00,4342.26044,4342.455,4342.19779,4342.23364
2026-08-10 03:20:00+00:00,4342.26044,4342.42232,4342.20685,4342.31306
2026-08-10 03:25:00+00:00,4342.26044,4342.45212,4342.19563,4342.3535
2026-08-10 03:30:00+00:00,4342.26044,4342.44656,4342.22508,4342.31809
2026-08-10 03:35:00+00:00,4342.26044,4342.4558,4342.20052,4342.23151
2026-08-10 03:40:00+00:00,4342.26044,4342.42964,4342.20258,4342.30747
2026-08-10 03:45:00+00:00,4342.26044,4342.4489,4342.19533,4342.3554
2026-08-10 03:50:00+00:00,4342.26044,4342.45035,4342.21815,4342.32366
2026-08-10 03:55:00+00:00,4342.26044,4342.45559,4342.20423,4342.22986
2026-08-10 04:00:00+00:00,4342.26044,4342.43615,4342.19927,4342.3262
2026-08-10 04:05:00+00:00,4342.26233,4342.43876,4342.1624,4342.35117
2026-08-10 04:10:00+00:00,4342.25405,4342.45133,4342.1624,4342.31853
2026-08-10 04:15:00+00:00,4342.24913,4342.44483,4342.1624,4342.18359
2026-08-10 04:20:00+00:00,4342.25404,4342.4327,4342.1624,4342.28886
2026-08-10 04:25:00+00:00,4342.25111,4342.43334,4342.1624,4342.35213
2026-08-10 04:30:00+00:00,4342.25554,4342.44947,4342.1624,4342.3282
2026-08-10 04:35:00+00:00,4342.25095,4342.44253,4342.1624,4342.18338
2026-08-10 04:40:00+00:00,4342.25403,4342.43738,4342.1624,4342.28358
2026-08-10 04:45:00+00:00,4342.25105,4342.42724,4342.1624,4342.35247
2026-08-10 04:50:00+00:00,4342.25403,4342.45392,4342.20063,4342.33974
2026-08-10 04:55:00+00:00,4342.26044,4342.44892,4342.22088,4342.22789
2026-08-10 05:00:00+00:00,4342.26044,4342.45034,4342.19533,4342.29561
2026-08-10 05:05:00+00:00,4342.26044,4342.43332,4342.20772,4342.36369
2026-08-10 05:10:00+00:00,4342.26647,4342.7281,4342.20129,4342.71138
2026-08-10 05:15:00+00:00,4342.64183,4342.64183,4342.23627,4342.23766
2026-08-10 05:20:00+00:00,4342.26837,4342.44557,4342.1624,4342.29229
2026-08-10 05:25:00+00:00,4342.25091,4342.41687,4342.1624,4342.35548
2026-08-10 05:30:00+00:00,4342.25893,4342.45241,4342.1624,4342.34723
2026-08-10 05:35:00+00:00,4342.25674,4342.4395,4342.1624,4342.22722
2026-08-10 05:40:00+00:00,4342.25893,4342.4531,4342.19777,4342.33491
2026-08-10 05:45:00+00:00,4342.25848,4342.41054,4342.21254,4342.35626
2026-08-10 05:50:00+00:00,4342.26081,4342.45209,4342.19375,4342.35352
2026-08-10 05:55:00+00:00,4342.25865,4342.44359,4342.23784,4342.23784
2026-08-10 06:00:00+00:00,4342.26835,4342.55572,4342.16245,4342.34705
2026-08-10 06:05:00+00:00,4342.28937,4342.40835,4342.22985,4342.36054
2026-08-10 06:10:00+00:00,4342.26538,4342.46252,4342.20662,4342.36056
2026-08-10 06:15:00+00:00,4342.26408,4342.42504,4342.23425,4342.23425
2026-08-10 06:20:00+00:00,4342.26163,4342.45558,4342.1624,4342.33879
2026-08-10 06:25:00+00:00,4342.25856,4342.39101,4342.1624,4342.3527
2026-08-10 06:30:00+00:00,4342.25975,4342.45315,4342.1624,4342.19639
2026-08-10 06:35:00+00:00,4342.25495,4342.42102,4342.1624,4342.23459
2026-08-10 06:40:00+00:00,4342.26078,4342.4563,4342.197,4342.34186
2026-08-10 06:45:00+00:00,4342.26233,4342.38763,4342.238,4342.35065
2026-08-10 06:50:00+00:00,4342.26011,4342.7281,4342.19776,4342.66982
2026-08-10 06:55:00+00:00,4342.54376,4342.54842,4342.16142,4342.18657
2026-08-10 07:00:00+00:00,4342.28568,4342.53952,4342.21483,4342.34565
2026-08-10 07:05:00+00:00,4342.269,4342.59952,4342.1624,4342.51373
2026-08-10 07:10:00+00:00,4342.18929,4342.7281,4342.18929,4342.26905
2026-08-10 07:15:00+00:00,4342.273,4342.40193,4342.24252,4342.24252
2026-08-10 07:20:00+00:00,4342.26202,4342.45031,4342.19533,4342.33288
2026-08-10 07:25:00+00:00,4342.26044,4342.7281,4342.07634,4342.37425
2026-08-10 07:30:00+00:00,4342.29357,4343.58321,4341.6818,4343.34653
2026-08-10 07:35:00+00:00,4342.7836,4344.06425,4342.7836,4343.81475
2026-08-10 07:40:00+00:00,4343.82099,4343.86783,4343.67127,4343.73354
2026-08-10 07:45:00+00:00,4343.74511,4343.95088,4343.5418,4343.89168
2026-08-10 07:50:00+00:00,4343.78325,4343.82968,4343.4826,4343.52128
2026-08-10 07:55:00+00:00,4343.51061,4343.8359,4343.51061,4343.62261
2026-08-10 08:00:00+00:00,4343.64486,4355.9871,4335.00954,4335.8578
2026-08-10 08:05:00+00:00,4337.37228,4341.21988,4336.7015,4337.48661
2026-08-10 08:10:00+00:00,4337.46703,4346.22844,4337.46703,4345.95175
2026-08-10 08:15:00+00:00,4345.50754,4345.50754,4341.35591,4342.07626
2026-08-10 08:20:00+00:00,4343.53715,4343.53715,4339.42594,4340.03081
2026-08-10 08:25:00+00:00,4339.84922,4344.04865,4338.95952,4343.27985
2026-08-10 08:30:00+00:00,4343.48336,4344.9924,4341.94111,4342.94871
2026-08-10 08:35:00+00:00,4343.42772,4343.42772,4340.84299,4341.35876
2026-08-10 08:40:00+00:00,4341.15834,4342.49639,4340.95763,4341.23016
2026-08-10 08:45:00+00:00,4341.75214,4343.71414,4339.99942,4343.43992
2026-08-10 08:50:00+00:00,4342.6765,4344.23737,4342.35095,4342.57025
2026-08-10 08:55:00+00:00,4342.61853,4342.7281,4341.74632,4342.46
2026-08-10 09:00:00+00:00,4342.32391,4346.98455,4341.50901,4346.19459
2026-08-10 09:05:00+00:00,4344.54645,4347.82609,4344.54645,4346.83842
2026-08-10 09:10:00+00:00,4346.84049,4347.17985,4346.01389,4346.91071
2026-08-10 09:15:00+00:00,4346.50435,4347.63706,4344.23737,4344.58161
2026-08-10 09:20:00+00:00,4345.1484,4348.9606,4345.1484,4348.78144
2026-08-10 09:25:00+00:00,4348.31168,4349.72182,4347.44715,4349.46476
2026-08-10 09:30:00+00:00,4348.83657,4348.83657,4341.40835,4342.87911
2026-08-10 09:35:00+00:00,4342.5809,4342.5809,4340.46617,4340.70391
2026-08-10 09:40:00+00:00,4341.04609,4343.4826,4340.37901,4341.91098
2026-08-10 09:45:00+00:00,4341.80312,4342.7281,4341.20403,4342.62934
2026-08-10 09:50:00+00:00,4342.37995,4342.53952,4341.21988,4342.30157
2026-08-10 09:55:00+00:00,4342.09908,4342.51961,4333.41507,4333.87088
2026-08-10 10:00:00+00:00,4334.80988,4340.27778,4332.60222,4340.0545
2026-08-10 10:05:00+00:00,4339.6576,4342.57263,4339.64923,4342.40346
2026-08-10 10:10:00+00:00,4342.00005,4346.12543,4341.03143,4345.5813
2026-08-10 10:15:00+00:00,4344.26616,4348.22368,4338.77126,4343.00785
2026-08-10 10:20:00+00:00,4342.20793,4344.61485,4339.71271,4340.1301
2026-08-10 10:25:00+00:00,4340.19727,4340.43296,4337.83022,4338.32681
2026-08-10 10:30:00+00:00,4339.11711,4339.11711,4336.26398,4336.44892
2026-08-10 10:35:00+00:00,4336.68001,4336.70222,4333.71966,4336.4578
2026-08-10 10:40:00+00:00,4336.10278,4338.01839,4334.77427,4334.97893
2026-08-10 10:45:00+00:00,4335.34163,4335.34163,4334.44584,4334.82043
2026-08-10 10:50:00+00:00,4334.79423,4338.02936,4334.44584,4334.87299
2026-08-10 10:55:00+00:00,4335.32087,4336.23061,4331.25433,4332.14584
2026-08-10 11:00:00+00:00,4331.95814,4338.95952,4327.42292,4338.75247
2026-08-10 11:05:00+00:00,4337.46309,4337.48603,4320.95902,4325.05832
2026-08-10 11:10:00+00:00,4325.28238,4325.28238,4322.82886,4324.74399
2026-08-10 11:15:00+00:00,4324.24032,4326.38228,4321.37442,4321.84315
2026-08-10 11:20:00+00:00,4322.30647,4325.92263,4320.96098,4325.5442
2026-08-10 11:25:00+00:00,4325.00939,4327.50563,4321.33443,4322.1185
2026-08-10 11:30:00+00:00,4322.22261,4327.69446,4314.55611,4318.65801
2026-08-10 11:35:00+00:00,4315.87603,4321.33443,4315.87603,4317.51127
2026-08-10 11:40:00+00:00,4317.65577,4317.65577,4313.50559,4316.78663
2026-08-10 11:45:00+00:00,4315.72762,4320.12206,4315.72762,4319.43969
2026-08-10 11:50:00+00:00,4317.9514,4322.642,4317.9514,4319.99721
2026-08-10 11:55:00+00:00,4320.56161,4322.15794,4315.75699,4316.86293
2026-08-10 12:00:00+00:00,4318.19741,4323.38954,4318.19741,4322.35501
2026-08-10 12:05:00+00:00,4322.12734,4323.7634,4318.72166,4323.44178
2026-08-10 12:10:00+00:00,4322.84162,4325.85525,4321.98146,4322.56684
2026-08-10 12:15:00+00:00,4323.64325,4326.19511,4323.64325,4325.07714
2026-08-10 12:20:00+00:00,4324.85131,4328.25485,4324.46196,4326.46483
2026-08-10 12:25:00+00:00,4326.96209,4331.28977,4326.85737,4330.88172
2026-08-10 12:30:00+00:00,4329.83852,4334.86314,4325.25952,4329.35917
2026-08-10 12:35:00+00:00,4329.00797,4329.51193,4325.59868,4325.72667
2026-08-10 12:40:00+00:00,4325.87902,4329.37917,4323.95036,4329.07975
2026-08-10 12:45:00+00:00,4328.48343,4328.85082,4322.26833,4323.7377
2026-08-10 12:50:00+00:00,4323.50551,4324.69835,4319.09472,4319.59954
2026-08-10 12:55:00+00:00,4320.51355,4322.74595,4319.81699,4322.37614
2026-08-10 13:00:00+00:00,4321.4286,4321.4286,4318.90818,4319.07617
2026-08-10 13:05:00+00:00,4319.35652,4319.55215,4317.97573,4319.4272
2026-08-10 13:10:00+00:00,4319.18409,4319.28127,4318.33824,4318.43798
2026-08-10 13:15:00+00:00,4318.64137,4322.88106,4318.64137,4321.31755
2026-08-10 13:20:00+00:00,4321.29349,4325.82082,4321.29349,4324.61123
2026-08-10 13:25:00+00:00,4324.79273,4327.07477,4324.13733,4326.56885
2026-08-10 13:30:00+00:00,4325.55058,4327.96402,4325.55058,4327.78895
2026-08-10 13:35:00+00:00,4327.28995,4329.19174,4326.75666,4326.99426
2026-08-10 13:40:00+00:00,4327.35468,4327.35468,4324.97179,4325.69189
2026-08-10 13:45:00+00:00,4325.58368,4327.02278,4325.07244,4326.87824
2026-08-10 13:50:00+00:00,4326.53284,4327.58337,4326.53284,4327.46621
2026-08-10 13:55:00+00:00,4327.06146,4327.8802,4326.19511,4327.24387
2026-08-10 14:00:00+00:00,4326.9562,4327.46582,4324.32432,4324.43925
2026-08-10 14:05:00+00:00,4324.55844,4326.96285,4323.45383,4326.41401
2026-08-10 14:10:00+00:00,4325.19214,4332.24138,4325.19214,4332.0545
2026-08-10 14:15:00+00:00,4331.68677,4332.90459,4330.69161,4332.38839
2026-08-10 14:20:00+00:00,4331.67158,4337.07768,4331.67158,4336.81392
2026-08-10 14:25:00+00:00,4336.72826,4337.02227,4334.25798,4334.41231
2026-08-10 14:30:00+00:00,4334.66938,4335.1068,4333.69447,4333.72622
2026-08-10 14:35:00+00:00,4333.67188,4337.08883,4333.67188,4336.67042
2026-08-10 14:40:00+00:00,4335.98163,4335.98163,4330.31655,4331.4381
2026-08-10 14:45:00+00:00,4330.6105,4335.38542,4330.6105,4334.98366
2026-08-10 14:50:00+00:00,4334.87844,4336.72369,4332.74633,4336.15426
2026-08-10 14:55:00+00:00,4335.4328,4339.06144,4335.15445,4337.37602
2026-08-10 15:00:00+00:00,4337.83472,4339.60831,4335.57338,4336.91799
2026-08-10 15:05:00+00:00,4336.38894,4338.95952,4336.3254,4336.52039
2026-08-10 15:10:00+00:00,4336.86638,4337.01912,4334.07013,4335.35405
2026-08-10 15:15:00+00:00,4335.12394,4336.13737,4333.31889,4333.43618
2026-08-10 15:20:00+00:00,4333.62176,4336.13737,4333.13112,4336.0725
2026-08-10 15:25:00+00:00,4335.90952,4335.94936,4334.07013,4334.43369
2026-08-10 15:30:00+00:00,4334.37862,4339.29814,4332.94337,4338.3286
2026-08-10 15:35:00+00:00,4336.27756,4341.32224,4336.27756,4338.67085
2026-08-10 15:40:00+00:00,4339.40895,4343.67127,4339.40895,4340.08281
2026-08-10 15:45:00+00:00,4340.83272,4346.69217,4340.83272,4346.38181
2026-08-10 15:50:00+00:00,4345.73804,4352.17827,4345.73804,4350.19385
2026-08-10 15:55:00+00:00,4350.74261,4351.11668,4346.98688,4349.11933
2026-08-10 16:00:00+00:00,4348.83189,4348.83189,4343.98749,4345.51864
2026-08-10 16:05:00+00:00,4345.43951,4345.61901,4342.1624,4344.68424
2026-08-10 16:10:00+00:00,4344.551,4349.71727,4344.11995,4349.65053
2026-08-10 16:15:00+00:00,4349.53934,4350.73561,4344.1211,4344.81498
2026-08-10 16:20:00+00:00,4345.98874,4345.98874,4342.9167,4344.75942
2026-08-10 16:25:00+00:00,4344.61632,4347.38369,4344.23785,4347.01145
2026-08-10 16:30:00+00:00,4346.42946,4348.9606,4346.42946,4348.68014
2026-08-10 16:35:00+00:00,4348.54581,4349.87563,4346.50324,4349.48759
2026-08-10 16:40:00+00:00,4348.82809,4354.50205,4346.94874,4353.4201
2026-08-10 16:45:00+00:00,4351.58765,4357.86813,4351.58765,4357.80844
2026-08-10 16:50:00+00:00,4357.6194,4357.6194,4355.96986,4356.47111
2026-08-10 16:55:00+00:00,4356.51634,4359.57799,4356.51634,4359.44924
2026-08-10 17:00:00+00:00,4359.12755,4359.33222,4353.69411,4354.96302
2026-08-10 17:05:00+00:00,4354.82625,4355.5904,4354.82625,4355.22585
2026-08-10 17:10:00+00:00,4355.28821,4356.55216,4351.07886,4351.32419
2026-08-10 17:15:00+00:00,4351.67324,4357.10862,4350.31042,4356.82125
2026-08-10 17:20:00+00:00,4356.3752,4357.42504,4352.53152,4356.70948
2026-08-10 17:25:00+00:00,4355.01325,4359.00789,4352.17827,4354.08404
2026-08-10 17:30:00+00:00,4353.8411,4354.64205,4353.12554,4353.60629
2026-08-10 17:35:00+00:00,4353.51064,4358.63797,4352.75913,4358.02903
2026-08-10 17:40:00+00:00,4357.23361,4359.38794,4356.91879,4358.56291
2026-08-10 17:45:00+00:00,4358.23661,4361.48225,4357.81008,4358.3768
2026-08-10 17:50:00+00:00,4359.61155,4359.61155,4355.75284,4355.99635
2026-08-10 17:55:00+00:00,4356.36903,4356.36903,4355.19614,4356.03981
2026-08-10 18:00:00+00:00,4355.93208,4356.10691,4354.35138,4355.56316
2026-08-10 18:05:00+00:00,4355.47838,4356.48018,4352.96158,4353.38494
2026-08-10 18:10:00+00:00,4354.25995,4354.25995,4352.36769,4353.81142
2026-08-10 18:15:00+00:00,4353.45832,4355.22679,4353.45832,4353.99222
2026-08-10 18:20:00+00:00,4353.88022,4355.5904,4353.50457,4353.87424
2026-08-10 18:25:00+00:00,4353.84237,4355.93762,4352.36769,4355.60476
2026-08-10 18:30:00+00:00,4355.14512,4356.59242,4349.95254,4350.49129
2026-08-10 18:35:00+00:00,4351.26703,4351.42074,4348.9606,4350.62921
2026-08-10 18:40:00+00:00,4350.3136,4350.3136,4346.12543,4346.51376
2026-08-10 18:45:00+00:00,4346.58246,4349.14974,4346.01078,4348.43476
2026-08-10 18:50:00+00:00,4348.57678,4348.57678,4345.37001,4346.83969
2026-08-10 18:55:00+00:00,4347.04388,4347.44805,4345.55884,4347.2738
2026-08-10 19:00:00+00:00,4346.88484,4348.30427,4345.8452,4346.80765
2026-08-10 19:05:00+00:00,4347.44711,4348.80735,4345.74769,4347.22058
2026-08-10 19:10:00+00:00,4346.7483,4349.50335,4346.7483,4349.36057
2026-08-10 19:15:00+00:00,4349.10539,4349.71727,4347.53097,4348.71268
2026-08-10 19:20:00+00:00,4348.39715,4348.39715,4347.07007,4348.19712
2026-08-10 19:25:00+00:00,4348.11217,4348.61908,4345.93655,4346.15815
2026-08-10 19:30:00+00:00,4346.46751,4348.21674,4342.01812,4344.38808
2026-08-10 19:35:00+00:00,4343.78035,4346.03703,4341.59684,4343.0305
2026-08-10 19:40:00+00:00,4342.73478,4344.23737,4341.59493,4344.13589
2026-08-10 19:45:00+00:00,4344.00644,4344.55893,4342.89199,4344.42302
2026-08-10 19:50:00+00:00,4344.12595,4344.12595,4341.21988,4342.06781
2026-08-10 19:55:00+00:00,4341.67399,4343.10532,4341.67399,4341.87718
2026-08-10 20:00:00+00:00,4341.97026,4342.26055,4339.71271,4339.78251
2026-08-10 20:05:00+00:00,4339.91756,4341.21988,4339.91756,4340.53932
2026-08-10 20:10:00+00:00,4340.5631,4341.03143,4339.77441,4340.7791
2026-08-10 20:15:00+00:00,4340.58359,4341.41824,4338.91612,4339.33513
2026-08-10 20:20:00+00:00,4340.19463,4344.4261,4340.19463,4344.04694
2026-08-10 20:25:00+00:00,4343.91276,4343.91276,4342.26012,4342.38348
2026-08-10 20:30:00+00:00,4342.75937,4343.85995,4340.84299,4341.06621
2026-08-10 20:35:00+00:00,4341.42691,4342.80836,4338.74667,4338.95699
2026-08-10 20:40:00+00:00,4339.59426,4341.54182,4338.13278,4339.27638
2026-08-10 20:45:00+00:00,4338.92142,4339.52439,4337.14585,4338.14822
2026-08-10 20:50:00+00:00,4338.35003,4340.31658,4338.35003,4338.70677
2026-08-10 20:55:00+00:00,4339.07395,4339.33608,4335.88955,4336.40975
2026-08-10 21:00:00+00:00,4337.43459,4337.43459,4335.38542,4336.08174
2026-08-10 21:05:00+00:00,4335.87823,4335.87823,4333.9796,4335.23753
2026-08-10 21:10:00+00:00,4334.88465,4335.40806,4330.69161,4330.99112
2026-08-10 21:15:00+00:00,4331.5273,4331.5273,4329.56661,4329.65854
2026-08-10 21:20:00+00:00,4329.72388,4333.31889,4328.98052,4333.15328
2026-08-10 21:25:00+00:00,4332.71702,4336.55764,4332.54408,4334.35256
2026-08-10 21:30:00+00:00,4334.39132,4339.71271,4334.39132,4338.10148
2026-08-10 21:35:00+00:00,4338.24769,4338.71539,4335.76136,4338.06041
2026-08-10 21:40:00+00:00,4336.76586,4339.71271,4336.7015,4336.82168
2026-08-10 21:45:00+00:00,4336.99895,4338.33262,4333.48839,4334.09241
2026-08-10 21:50:00+00:00,4335.38524,4336.06751,4332.56791,4336.0152
2026-08-10 21:55:00+00:00,4335.86703,4336.13737,4334.25798,4335.92898
2026-08-10 22:00:00+00:00,4335.46537,4335.94988,4333.13112,4333.27337
2026-08-10 22:05:00+00:00,4333.45069,4335.58645,4332.94337,4335.48912
2026-08-10 22:10:00+00:00,4335.29165,4335.7007,4331.86975,4332.0946
2026-08-10 22:15:00+00:00,4332.42801,4332.42801,4329.41821,4330.21672
2026-08-10 22:20:00+00:00,4330.07523,4330.07523,4327.14771,4327.58681
2026-08-10 22:25:00+00:00,4328.51787,4328.51787,4325.82082,4327.43535
2026-08-10 22:30:00+00:00,4326.9757,4332.16137,4326.9757,4328.72507
2026-08-10 22:35:00+00:00,4330.09749,4332.00485,4327.31836,4331.85035
2026-08-10 22:40:00+00:00,4331.52938,4331.86131,4330.27374,4330.67121
2026-08-10 22:45:00+00:00,4331.21379,4332.56791,4328.67694,4332.41364
2026-08-10 22:50:00+00:00,4332.14601,4333.03105,4330.50407,4332.6519
2026-08-10 22:55:00+00:00,4332.39565,4336.51344,4329.38937,4334.66577
2026-08-10 23:00:00+00:00,4334.54036,4334.8989,4327.31836,4327.49257
2026-08-10 23:05:00+00:00,4327.82599,4331.62956,4327.82599,4330.63136
2026-08-10 23:10:00+00:00,4331.00032,4337.07768,4331.00032,4335.55356
2026-08-10 23:15:00+00:00,4335.62944,4337.45391,4335.13658,4335.34712
2026-08-10 23:20:00+00:00,4335.62306,4335.9326,4329.00433,4329.51759
2026-08-10 23:25:00+00:00,4330.45644,4334.07013,4330.12904,4333.05627
2026-08-10 23:30:00+00:00,4333.0574,4337.64206,4331.85314,4336.21149
2026-08-10 23:35:00+00:00,4335.38537,4338.58302,4335.38537,4338.27846
2026-08-10 23:40:00+00:00,4338.32133,4338.39479,4332.57294,4333.50622
2026-08-10 23:45:00+00:00,4335.58647,4335.58647,4327.50563,4329.46201
2026-08-10 23:50:00+00:00,4329.24497,4329.24497,4323.6559,4323.94746
2026-08-10 23:55:00+00:00,4324.52736,4324.87134,4318.19137,4318.97671
2026-08-11 00:00:00+00:00,4320.6466,4325.07244,4317.12328,4324.6613
2026-08-11 00:05:00+00:00,4324.56245,4325.63371,4323.20263,4325.52682
2026-08-11 00:10:00+00:00,4325.34674,4330.16656,4324.66117,4329.23689
2026-08-11 00:15:00+00:00,4326.91501,4335.38542,4326.91501,4335.01566
2026-08-11 00:20:00+00:00,4334.40345,4340.27778,4333.50667,4339.71937
2026-08-11 00:25:00+00:00,4338.62546,4347.63706,4338.07702,4346.16493
2026-08-11 00:30:00+00:00,4346.13388,4349.14974,4346.13388,4347.66426
2026-08-11 00:35:00+00:00,4348.31453,4348.31453,4345.93655,4347.31003
2026-08-11 00:40:00+00:00,4347.00515,4349.52808,4345.84335,4349.4446
2026-08-11 00:45:00+00:00,4349.25561,4350.28494,4346.88111,4347.1888
2026-08-11 00:50:00+00:00,4347.72482,4347.72482,4344.32519,4345.16285
2026-08-11 00:55:00+00:00,4345.11812,4345.11812,4343.29395,4344.77577
2026-08-11 01:00:00+00:00,4344.59106,4348.35775,4344.32036,4347.41496
2026-08-11 01:05:00+00:00,4346.06429,4351.42074,4345.05518,4346.59825
2026-08-11 01:10:00+00:00,4348.70264,4348.70264,4342.7281,4346.80069
2026-08-11 01:15:00+00:00,4346.55681,4350.52183,4346.55681,4350.35224
2026-08-11 01:20:00+00:00,4349.83486,4351.18308,4349.83486,4350.05513
2026-08-11 01:25:00+00:00,4350.18896,4350.18896,4347.98526,4349.58288
2026-08-11 01:30:00+00:00,4349.26754,4351.04049,4349.06856,4349.45993
2026-08-11 01:35:00+00:00,4350.28072,4351.94399,4348.56754,4350.71936
2026-08-11 01:40:00+00:00,4351.3092,4351.3092,4350.0957,4350.82596
2026-08-11 01:45:00+00:00,4350.75533,4352.6594,4350.0957,4352.37309
2026-08-11 01:50:00+00:00,4351.81515,4357.10862,4351.81515,4356.94773
2026-08-11 01:55:00+00:00,4356.57319,4358.42602,4356.57319,4358.12712
2026-08-11 02:00:00+00:00,4357.44972,4362.8114,4357.44972,4362.48599
2026-08-11 02:05:00+00:00,4361.83835,4361.83835,4357.67823,4361.08828
2026-08-11 02:10:00+00:00,4359.73054,4364.71564,4359.73054,4361.83005
2026-08-11 02:15:00+00:00,4362.49797,4362.83847,4361.47941,4362.81314
2026-08-11 02:20:00+00:00,4362.73448,4364.34346,4362.17544,4362.40676
2026-08-11 02:25:00+00:00,4362.75893,4363.95374,4362.75893,4363.36849
2026-08-11 02:30:00+00:00,4363.28318,4363.28318,4352.93606,4355.29266
2026-08-11 02:35:00+00:00,4355.18514,4359.31704,4355.0663,4357.28468
2026-08-11 02:40:00+00:00,4358.26786,4358.26786,4351.42074,4351.93897
2026-08-11 02:45:00+00:00,4352.15904,4356.04599,4351.20296,4355.45421
2026-08-11 02:50:00+00:00,4354.29552,4354.32494,4351.79947,4352.8361
2026-08-11 02:55:00+00:00,4353.01048,4356.32938,4352.74658,4355.92157
2026-08-11 03:00:00+00:00,4355.08366,4357.48834,4355.08366,4355.56275
2026-08-11 03:05:00+00:00,4356.22499,4356.22499,4352.93606,4355.39168
2026-08-11 03:10:00+00:00,4354.23072,4357.86813,4354.23072,4357.76177
2026-08-11 03:15:00+00:00,4357.52348,4358.05805,4356.52347,4357.35755
2026-08-11 03:20:00+00:00,4357.4437,4360.33836,4356.60235,4360.19769
2026-08-11 03:25:00+00:00,4359.83449,4360.32638,4358.63022,4360.25976
2026-08-11 03:30:00+00:00,4359.99656,4362.40997,4359.33286,4362.21383
2026-08-11 03:35:00+00:00,4361.61789,4364.44707,4361.61789,4363.28405
2026-08-11 03:40:00+00:00,4363.16735,4364.90615,4360.44291,4360.86573
2026-08-11 03:45:00+00:00,4361.71559,4361.71559,4357.73843,4360.10765
2026-08-11 03:50:00+00:00,4358.61337,4361.55298,4358.61337,4360.30968
2026-08-11 03:55:00+00:00,4360.11682,4360.18047,4357.78936,4359.52632
2026-08-11 04:00:00+00:00,4359.28349,4363.95374,4359.28349,4362.1122
2026-08-11 04:05:00+00:00,4362.84376,4365.28724,4362.84376,4363.84609
2026-08-11 04:10:00+00:00,4363.97732,4364.58721,4363.32757,4363.4873
2026-08-11 04:15:00+00:00,4363.7548,4364.67383,4361.90018,4364.44982
2026-08-11 04:20:00+00:00,4364.04926,4364.62173,4362.78904,4364.3731
2026-08-11 04:25:00+00:00,4363.82614,4367.00726,4363.82614,4366.86617
2026-08-11 04:30:00+00:00,4366.56433,4378.8987,4365.28724,4375.19122
2026-08-11 04:35:00+00:00,4376.09139,4381.54493,4376.09139,4381.26534
2026-08-11 04:40:00+00:00,4380.77192,4383.37202,4380.77192,4381.3625
2026-08-11 04:45:00+00:00,4381.72934,4383.71101,4374.07051,4377.28575
2026-08-11 04:50:00+00:00,4376.90653,4378.85887,4375.02734,4375.32282
2026-08-11 04:55:00+00:00,4375.77163,4379.05062,4374.70405,4378.99177
2026-08-11 05:00:00+00:00,4378.87004,4380.87404,4378.64066,4380.59255
2026-08-11 05:05:00+00:00,4380.18885,4382.8892,4380.18885,4382.15121
2026-08-11 05:10:00+00:00,4382.20147,4382.72592,4381.35296,4382.68622
2026-08-11 05:15:00+00:00,4382.56022,4383.08131,4381.92893,4382.06447
2026-08-11 05:20:00+00:00,4382.09947,4386.60233,4382.09947,4384.69821
2026-08-11 05:25:00+00:00,4384.90181,4390.62854,4384.90181,4390.42947
2026-08-11 05:30:00+00:00,4390.12131,4393.35803,4387.40784,4389.47551
2026-08-11 05:35:00+00:00,4388.83592,4388.83592,4386.23136,4388.05545
2026-08-11 05:40:00+00:00,4387.42977,4390.39382,4387.42977,4389.13924
2026-08-11 05:45:00+00:00,4389.80247,4394.42994,4387.88943,4393.51936
2026-08-11 05:50:00+00:00,4391.78047,4395.6044,4391.35781,4391.68878
2026-08-11 05:55:00+00:00,4392.30593,4393.02518,4387.88943,4389.70661
2026-08-11 06:00:00+00:00,4389.22345,4389.81563,4387.6969,4388.84763
2026-08-11 06:05:00+00:00,4388.74203,4388.8334,4386.83656,4386.98018
2026-08-11 06:10:00+00:00,4387.19871,4390.97216,4386.54209,4390.72741
2026-08-11 06:15:00+00:00,4390.24005,4391.50619,4389.62293,4391.39026
2026-08-11 06:20:00+00:00,4391.19409,4391.19409,4387.11942,4387.39648
2026-08-11 06:25:00+00:00,4387.59536,4391.49331,4387.59536,4391.13474
2026-08-11 06:30:00+00:00,4390.47173,4391.9364,4390.47173,4391.34096
2026-08-11 06:35:00+00:00,4391.24415,4391.53214,4390.249,4390.8636
2026-08-11 06:40:00+00:00,4390.68,4391.35781,4390.20107,4390.45046
2026-08-11 06:45:00+00:00,4390.81471,4391.00838,4389.04494,4389.15331
2026-08-11 06:50:00+00:00,4389.35818,4390.401,4389.02452,4390.37465
2026-08-11 06:55:00+00:00,4390.31998,4390.31998,4389.04494,4389.993
2026-08-11 07:00:00+00:00,4389.83451,4390.00834,4387.31189,4387.57267
2026-08-11 07:05:00+00:00,4387.68213,4387.6969,4387.31189,4387.54241
2026-08-11 07:10:00+00:00,4387.45508,4387.6969,4387.40137,4387.67288
2026-08-11 07:15:00+00:00,4387.57167,4387.66555,4387.37384,4387.41313
2026-08-11 07:20:00+00:00,4387.43722,4387.58359,4387.31189,4387.47478
2026-08-11 07:25:00+00:00,4387.40532,4387.63692,4387.31189,4387.53363
2026-08-11 07:30:00+00:00,4387.44226,4389.23759,4387.27137,4388.9667
2026-08-11 07:35:00+00:00,4388.86029,4389.1408,4388.6597,4389.02754
2026-08-11 07:40:00+00:00,4388.9403,4389.30011,4388.85232,4388.91199
2026-08-11 07:45:00+00:00,4389.01576,4389.23759,4388.96602,4389.02323
2026-08-11 07:50:00+00:00,4388.96982,4389.15796,4388.90018,4389.06408
2026-08-11 07:55:00+00:00,4388.96826,4389.15834,4388.92237,4389.03059
2026-08-11 08:00:00+00:00,4388.96596,4391.9364,4388.39839,4389.85183
2026-08-11 08:05:00+00:00,4389.90836,4391.35781,4389.81563,4390.63737
2026-08-11 08:10:00+00:00,4390.74824,4392.62089,4390.58658,4391.85076
2026-08-11 08:15:00+00:00,4391.92131,4392.53117,4391.19939,4392.18218
2026-08-11 08:20:00+00:00,4392.26407,4393.3507,4391.77143,4393.26377
2026-08-11 08:25:00+00:00,4393.16396,4393.22924,4392.45914,4392.48381
2026-08-11 08:30:00+00:00,4392.47309,4393.63161,4392.22761,4393.37996
2026-08-11 08:35:00+00:00,4392.90117,4394.25116,4392.90117,4394.12751
2026-08-11 08:40:00+00:00,4393.94731,4396.32395,4393.94731,4396.02938
2026-08-11 08:45:00+00:00,4395.56411,4398.69799,4395.56411,4398.09527
2026-08-11 08:50:00+00:00,4398.03643,4399.80243,4397.73077,4398.41511
2026-08-11 08:55:00+00:00,4398.94997,4400.47991,4398.94997,4399.51915
2026-08-11 09:00:00+00:00,4399.75928,4401.21474,4398.48953,4398.85575
2026-08-11 09:05:00+00:00,4399.61892,4401.86975,4397.14546,4398.26554
2026-08-11 09:10:00+00:00,4399.40573,4399.40573,4396.18411,4397.27149
2026-08-11 09:15:00+00:00,4396.97594,4397.73077,4395.02483,4395.13512
2026-08-11 09:20:00+00:00,4395.31242,4396.07956,4395.02483,4395.09828
2026-08-11 09:25:00+00:00,4395.24624,4395.6953,4394.99006,4395.33896
2026-08-11 09:30:00+00:00,4395.29754,4396.03787,4395.12239,4395.65519
2026-08-11 09:35:00+00:00,4395.60878,4398.89578,4395.60878,4398.8457
2026-08-11 09:40:00+00:00,4398.72735,4398.91287,4397.92418,4398.83344
2026-08-11 09:45:00+00:00,4398.744,4399.31454,4396.7515,4397.99233
2026-08-11 09:50:00+00:00,4398.10777,4398.48457,4396.79441,4397.32808
2026-08-11 09:55:00+00:00,4397.56673,4402.3249,4397.56673,4402.0834
2026-08-11 10:00:00+00:00,4401.5307,4402.92799,4396.37739,4401.78331
2026-08-11 10:05:00+00:00,4399.92915,4405.38337,4399.92915,4404.98276
2026-08-11 10:10:00+00:00,4404.15043,4408.29449,4404.15043,4404.8877
2026-08-11 10:15:00+00:00,4405.27902,4407.81064,4403.47879,4405.81347
2026-08-11 10:20:00+00:00,4406.16653,4411.53155,4405.16266,4411.00335
2026-08-11 10:25:00+00:00,4409.62097,4414.42635,4409.62097,4413.19544
2026-08-11 10:30:00+00:00,4413.39455,4415.01104,4412.25216,4412.41826
2026-08-11 10:35:00+00:00,4412.54657,4413.06267,4410.05522,4410.4736
2026-08-11 10:40:00+00:00,4411.36617,4412.2838,4407.22785,4411.63607
2026-08-11 10:45:00+00:00,4410.28626,4422.79946,4408.78229,4409.73925
2026-08-11 10:50:00+00:00,4411.47966,4413.25743,4411.36517,4412.63312
2026-08-11 10:55:00+00:00,4412.32274,4412.32274,4409.62133,4410.25099
2026-08-11 11:00:00+00:00,4411.64976,4411.64976,4392.55003,4393.77719
2026-08-11 11:05:00+00:00,4395.33697,4406.64522,4395.33697,4406.47416
2026-08-11 11:10:00+00:00,4405.99712,4415.40092,4402.86264,4413.09506
2026-08-11 11:15:00+00:00,4413.41398,4418.32722,4413.41398,4415.02417
2026-08-11 11:20:00+00:00,4415.74166,4420.28025,4414.42635,4415.82639
2026-08-11 11:25:00+00:00,4416.40029,4418.23311,4414.42635,4417.57179
2026-08-11 11:30:00+00:00,4416.25612,4420.98364,4416.25612,4420.87286
2026-08-11 11:35:00+00:00,4420.65266,4420.65266,4417.05072,4419.67831
2026-08-11 11:40:00+00:00,4419.24357,4421.06194,4416.56588,4420.77565
2026-08-11 11:45:00+00:00,4420.39398,4425.97686,4417.54649,4424.77593
2026-08-11 11:50:00+00:00,4421.77662,4430.98698,4421.77662,4430.30482
2026-08-11 11:55:00+00:00,4429.41914,4432.42764,4429.41914,4430.57525
2026-08-11 12:00:00+00:00,4430.75816,4431.23547,4424.7152,4425.0001
2026-08-11 12:05:00+00:00,4425.56234,4429.09026,4422.93991,4424.36385
2026-08-11 12:10:00+00:00,4425.11438,4433.71073,4423.21302,4432.6762
2026-08-11 12:15:00+00:00,4430.1116,4434.78647,4430.1116,4433.66056
2026-08-11 12:20:00+00:00,4433.36771,4434.38954,4427.12945,4427.4631
2026-08-11 12:25:00+00:00,4428.03137,4430.07132,4427.52147,4429.64476
2026-08-11 12:30:00+00:00,4429.50013,4430.54679,4423.98801,4424.43484
2026-08-11 12:35:00+00:00,4425.12029,4426.93346,4415.03167,4416.011
2026-08-11 12:40:00+00:00,4417.78482,4420.67106,4413.84181,4419.10145
2026-08-11 12:45:00+00:00,4419.3965,4420.24791,4415.79087,4417.05933
2026-08-11 12:50:00+00:00,4416.77284,4417.61948,4410.33783,4411.81984
2026-08-11 12:55:00+00:00,4411.60782,4412.20783,4409.71229,4411.97389
2026-08-11 13:00:00+00:00,4411.71515,4413.4522,4411.27082,4412.75386
2026-08-11 13:05:00+00:00,4412.82369,4414.04422,4411.3106,4413.61584
2026-08-11 13:10:00+00:00,4412.48511,4414.62123,4412.24637,4413.63563
2026-08-11 13:15:00+00:00,4413.97005,4416.93484,4413.06267,4416.43546
2026-08-11 13:20:00+00:00,4415.12093,4418.13201,4415.01104,4415.20699
2026-08-11 13:25:00+00:00,4415.55868,4421.06194,4414.82024,4419.05271
2026-08-11 13:30:00+00:00,4419.21027,4421.25741,4418.18917,4419.47974
2026-08-11 13:35:00+00:00,4419.66966,4420.19507,4418.87426,4418.99643
2026-08-11 13:40:00+00:00,4419.18369,4419.49883,4416.96113,4417.23667
2026-08-11 13:45:00+00:00,4417.72068,4417.72068,4415.12366,4415.97622
2026-08-11 13:50:00+00:00,4415.96296,4417.54649,4414.05663,4417.29624
2026-08-11 13:55:00+00:00,4416.85456,4417.93682,4416.17217,4417.818
2026-08-11 14:00:00+00:00,4417.55213,4419.69416,4417.13148,4418.41469
2026-08-11 14:05:00+00:00,4418.96867,4418.96867,4414.42635,4414.78277
2026-08-11 14:10:00+00:00,4415.43695,4415.43695,4412.86792,4413.4696
2026-08-11 14:15:00+00:00,4413.33264,4415.16489,4413.25743,4414.93247
2026-08-11 14:20:00+00:00,4414.55126,4416.33269,4410.92144,4412.77709
2026-08-11 14:25:00+00:00,4412.23635,4415.23739,4411.50521,4414.71657
2026-08-11 14:30:00+00:00,4413.60882,4419.8895,4410.73297,4419.57859
2026-08-11 14:35:00+00:00,4418.87399,4420.64933,4411.89447,4413.52436
2026-08-11 14:40:00+00:00,4413.15778,4415.83432,4408.58793,4409.31332
2026-08-11 14:45:00+00:00,4409.69756,4411.11601,4408.8358,4409.93983
2026-08-11 14:50:00+00:00,4410.26563,4410.26563,4405.88717,4406.19146
2026-08-11 14:55:00+00:00,4406.78726,4408.13392,4404.31623,4406.92213
2026-08-11 15:00:00+00:00,4406.34773,4408.58793,4405.28621,4407.41367
2026-08-11 15:05:00+00:00,4406.70502,4406.70502,4403.15266,4405.56063
2026-08-11 15:10:00+00:00,4404.86327,4406.25688,4400.24641,4402.13536
2026-08-11 15:15:00+00:00,4401.96938,4402.18348,4398.47565,4398.80281
2026-08-11 15:20:00+00:00,4399.46852,4399.46852,4396.57114,4399.16807
2026-08-11 15:25:00+00:00,4398.90674,4398.90674,4390.77936,4392.36558
2026-08-11 15:30:00+00:00,4392.64378,4399.39119,4375.41019,4380.53587
2026-08-11 15:35:00+00:00,4377.99569,4385.18806,4377.99569,4381.69999
2026-08-11 15:40:00+00:00,4383.27298,4383.27298,4373.49661,4373.78784
2026-08-11 15:45:00+00:00,4374.80103,4378.85887,4372.1581,4377.71196
2026-08-11 15:50:00+00:00,4376.02846,4376.85561,4369.67446,4372.21926
2026-08-11 15:55:00+00:00,4371.86375,4374.40765,4368.52912,4374.14702
2026-08-11 16:00:00+00:00,4373.48361,4380.20149,4372.54045,4379.88441
2026-08-11 16:05:00+00:00,4379.25945,4382.12833,4378.5702,4381.74552
2026-08-11 16:10:00+00:00,4380.86963,4382.31298,4375.64509,4376.7759
2026-08-11 16:15:00+00:00,4378.41014,4378.41014,4371.66815,4375.86251
2026-08-11 16:20:00+00:00,4375.08108,4375.08108,4368.52912,4373.72005
2026-08-11 16:25:00+00:00,4373.07702,4373.40899,4364.56508,4366.27679
2026-08-11 16:30:00+00:00,4370.29888,4370.29888,4360.71865,4360.89908
2026-08-11 16:35:00+00:00,4361.52846,4367.76589,4361.52846,4367.20025
2026-08-11 16:40:00+00:00,4366.22674,4368.91083,4365.09815,4365.67864
2026-08-11 16:45:00+00:00,4366.5541,4367.19364,4363.00175,4366.90884
2026-08-11 16:50:00+00:00,4366.71235,4368.1948,4362.20779,4363.12985
2026-08-11 16:55:00+00:00,4364.4273,4365.05077,4360.5285,4364.78252
2026-08-11 17:00:00+00:00,4364.40859,4367.00293,4363.76331,4364.03505
2026-08-11 17:05:00+00:00,4364.50483,4364.50483,4361.66042,4363.28369
2026-08-11 17:10:00+00:00,4363.2423,4363.97783,4361.8599,4363.77396
2026-08-11 17:15:00+00:00,4363.45093,4364.53247,4360.05653,4360.52521
2026-08-11 17:20:00+00:00,4361.42424,4362.57907,4357.86813,4358.16451
2026-08-11 17:25:00+00:00,4358.9493,4365.4778,4358.61241,4363.77529
2026-08-11 17:30:00+00:00,4364.32735,4366.69138,4359.57799,4362.16273
2026-08-11 17:35:00+00:00,4361.98581,4363.59601,4360.13511,4360.40877
2026-08-11 17:40:00+00:00,4360.90688,4360.90688,4357.26681,4358.00369
2026-08-11 17:45:00+00:00,4357.67982,4359.38851,4357.67982,4359.34573
2026-08-11 17:50:00+00:00,4359.21639,4361.66965,4358.81789,4360.60697
2026-08-11 17:55:00+00:00,4360.97442,4360.97442,4357.42737,4357.57737
2026-08-11 18:00:00+00:00,4357.80034,4363.76331,4356.48594,4363.45869
2026-08-11 18:05:00+00:00,4362.65777,4366.24023,4362.65777,4366.01019
2026-08-11 18:10:00+00:00,4365.94053,4366.40389,4364.33466,4364.47545
2026-08-11 18:15:00+00:00,4364.61571,4366.3047,4360.5285,4360.74534
2026-08-11 18:20:00+00:00,4360.87986,4363.73201,4360.04369,4363.43255
2026-08-11 18:25:00+00:00,4362.62401,4369.11974,4362.62401,4367.53685
2026-08-11 18:30:00+00:00,4368.20164,4371.01145,4368.20164,4370.01579
2026-08-11 18:35:00+00:00,4370.29584,4373.70354,4370.29584,4373.48186
2026-08-11 18:40:00+00:00,4372.87802,4376.32196,4372.58919,4376.11609
2026-08-11 18:45:00+00:00,4375.74676,4375.7494,4372.92286,4373.09393
2026-08-11 18:50:00+00:00,4373.44944,4376.36761,4372.33218,4372.78467
2026-08-11 18:55:00+00:00,4373.745,4373.745,4370.25965,4370.4767
2026-08-11 19:00:00+00:00,4370.80666,4371.5847,4366.97202,4371.43122
2026-08-11 19:05:00+00:00,4371.1102,4372.24145,4371.1102,4371.3595
2026-08-11 19:10:00+00:00,4371.79398,4372.64038,4370.8204,4372.41243
2026-08-11 19:15:00+00:00,4371.75159,4373.50801,4371.75159,4373.29088
2026-08-11 19:20:00+00:00,4372.763,4375.02734,4371.20252,4373.50016
2026-08-11 19:25:00+00:00,4373.18539,4375.9846,4371.3936,4375.67967
2026-08-11 19:30:00+00:00,4374.96702,4374.96702,4371.44367,4374.19635
2026-08-11 19:35:00+00:00,4374.01609,4374.01609,4372.83293,4373.81929
2026-08-11 19:40:00+00:00,4373.67242,4374.92282,4371.77582,4371.95117
2026-08-11 19:45:00+00:00,4372.23441,4374.12298,4370.24736,4373.84976
2026-08-11 19:50:00+00:00,4373.48522,4374.90507,4371.3936,4372.33248
2026-08-11 19:55:00+00:00,4372.20749,4372.92286,4371.32463,4372.83373
2026-08-11 20:00:00+00:00,4372.63306,4374.26184,4371.5847,4371.69673
2026-08-11 20:05:00+00:00,4372.11992,4374.64456,4370.75714,4373.39675
2026-08-11 20:10:00+00:00,4373.56788,4375.41019,4373.11409,4373.30361
2026-08-11 20:15:00+00:00,4373.56563,4374.83594,4373.35929,4373.58002
2026-08-11 20:20:00+00:00,4373.96877,4377.90036,4372.38991,4377.50741
2026-08-11 20:25:00+00:00,4376.68722,4380.77715,4374.51572,4380.59806
2026-08-11 20:30:00+00:00,4380.38837,4380.58525,4378.09203,4378.34502
2026-08-11 20:35:00+00:00,4378.70692,4379.62598,4378.62107,4379.56456
2026-08-11 20:40:00+00:00,4379.31202,4379.31202,4377.51707,4377.56887
2026-08-11 20:45:00+00:00,4377.625,4380.20149,4377.57065,4379.82302
2026-08-11 20:50:00+00:00,4379.81684,4381.73692,4379.55069,4380.67136
2026-08-11 20:55:00+00:00,4380.77613,4380.85837,4378.907,4379.13876
2026-08-11 21:00:00+00:00,4379.24595,4391.24374,4379.24595,4390.5726
2026-08-11 21:05:00+00:00,4389.591,4392.1293,4389.591,4391.03541
2026-08-11 21:10:00+00:00,4390.92878,4392.74512,4389.81563,4392.47227
2026-08-11 21:15:00+00:00,4391.9715,4391.9715,4388.46711,4389.94207
2026-08-11 21:20:00+00:00,4389.7836,4390.58658,4386.15729,4386.25404
2026-08-11 21:25:00+00:00,4386.44784,4388.27453,4385.66274,4387.17342
2026-08-11 21:30:00+00:00,4387.33555,4388.45555,4385.96491,4386.37546
2026-08-11 21:35:00+00:00,4386.28799,4386.73451,4384.45044,4384.68075
2026-08-11 21:40:00+00:00,4384.96822,4385.77255,4381.88843,4385.53029
2026-08-11 21:45:00+00:00,4385.18686,4388.37384,4385.03335,4387.18425
2026-08-11 21:50:00+00:00,4387.28862,4389.04494,4386.15729,4388.63925
2026-08-11 21:55:00+00:00,4388.55715,4388.7326,4385.96491,4388.61588
2026-08-11 22:00:00+00:00,4388.38174,4388.38174,4384.97378,4384.99809
2026-08-11 22:05:00+00:00,4385.14765,4395.02483,4382.97149,4394.58511
2026-08-11 22:10:00+00:00,4393.88009,4397.15065,4390.79808,4396.73341
2026-08-11 22:15:00+00:00,4396.03619,4396.95731,4393.67311,4393.80619
2026-08-11 22:20:00+00:00,4394.04538,4399.27852,4389.56851,4390.44738
2026-08-11 22:25:00+00:00,4392.49338,4392.49338,4388.27453,4390.9933
2026-08-11 22:30:00+00:00,4390.87024,4396.24259,4390.00834,4395.3809
2026-08-11 22:35:00+00:00,4393.25689,4393.25689,4388.46711,4389.9847
2026-08-11 22:40:00+00:00,4390.29104,4396.37739,4387.35284,4394.77656
2026-08-11 22:45:00+00:00,4394.72831,4400.24641,4392.97504,4397.80323
2026-08-11 22:50:00+00:00,4397.26418,4397.7649,4393.67311,4393.85593
2026-08-11 22:55:00+00:00,4394.16605,4394.92148,4392.94498,4394.61516
2026-08-11 23:00:00+00:00,4394.05368,4398.31105,4392.46414,4398.19754
2026-08-11 23:05:00+00:00,4398.23565,4398.23565,4393.48008,4396.89811
2026-08-11 23:10:00+00:00,4396.23606,4401.04793,4394.43444,4397.06528
2026-08-11 23:15:00+00:00,4398.16392,4399.60583,4390.97216,4394.5722
2026-08-11 23:20:00+00:00,4393.7694,4400.82736,4393.7694,4400.54139
2026-08-11 23:25:00+00:00,4400.18229,4400.18229,4396.76398,4399.38268
2026-08-11 23:30:00+00:00,4399.37912,4399.37912,4392.147,4393.00447
2026-08-11 23:35:00+00:00,4394.87286,4398.11761,4387.40039,4397.43929
2026-08-11 23:40:00+00:00,4397.04115,4400.89624,4397.04115,4399.93971
2026-08-11 23:45:00+00:00,4400.0859,4407.93875,4393.09406,4393.95857
2026-08-11 23:50:00+00:00,4395.35277,4395.6044,4386.7288,4388.24175
2026-08-11 23:55:00+00:00,4391.82603,4394.25232,4384.61876,4389.87291
2026-08-12 00:00:00+00:00,4390.7037,4390.7037,4383.26651,4383.70505
2026-08-12 00:05:00+00:00,4384.63865,4385.96491,4381.35912,4384.27209
2026-08-12 00:10:00+00:00,4384.19785,4386.73451,4383.38392,4386.50098
2026-08-12 00:15:00+00:00,4385.96698,4389.81563,4383.05585,4385.33119
2026-08-12 00:20:00+00:00,4386.3259,4389.81563,4382.31298,4382.75753
2026-08-12 00:25:00+00:00,4383.3956,4387.06225,4380.36847,4386.87473
2026-08-12 00:30:00+00:00,4386.60576,4389.56766,4385.00329,4386.89383
2026-08-12 00:35:00+00:00,4387.43478,4392.4907,4387.43478,4392.28776
2026-08-12 00:40:00+00:00,4391.98108,4395.02483,4391.98108,4394.90149
2026-08-12 00:45:00+00:00,4394.54599,4394.63854,4393.28706,4394.56484
2026-08-12 00:50:00+00:00,4394.35737,4395.02483,4392.7081,4393.46026
2026-08-12 00:55:00+00:00,4393.66935,4397.73077,4391.73774,4393.37616
2026-08-12 01:00:00+00:00,4393.81663,4398.31105,4392.91957,4397.59162
2026-08-12 01:05:00+00:00,4397.11429,4398.11761,4390.58658,4391.07043
2026-08-12 01:10:00+00:00,4392.02388,4395.79762,4389.69033,4395.47455
2026-08-12 01:15:00+00:00,4395.11495,4395.11495,4384.13714,4385.15796
2026-08-12 01:20:00+00:00,4386.9397,4388.6597,4382.50504,4388.50924
2026-08-12 01:25:00+00:00,4387.95318,4388.59036,4382.93365,4386.97919
2026-08-12 01:30:00+00:00,4386.27087,4386.54209,4382.5511,4385.14282
2026-08-12 01:35:00+00:00,4385.00531,4385.00531,4373.85346,4374.61869
2026-08-12 01:40:00+00:00,4375.79293,4375.79293,4370.25762,4374.82704
2026-08-12 01:45:00+00:00,4373.90539,4378.41206,4373.90539,4375.99231
2026-08-12 01:50:00+00:00,4376.40135,4378.3606,4376.30929,4377.83265
2026-08-12 01:55:00+00:00,4377.11806,4382.44587,4377.11806,4380.04955
2026-08-12 02:00:00+00:00,4380.32852,4384.61876,4380.32852,4382.92629
2026-08-12 02:05:00+00:00,4383.23326,4383.23326,4379.43418,4380.20782
2026-08-12 02:10:00+00:00,4379.63678,4380.96907,4378.66713,4378.88636
2026-08-12 02:15:00+00:00,4379.23968,4381.01621,4379.23968,4379.84764
2026-08-12 02:20:00+00:00,4380.37351,4383.08131,4378.24607,4382.86878
2026-08-12 02:25:00+00:00,4382.38324,4383.65772,4380.96907,4383.43615
2026-08-12 02:30:00+00:00,4382.91243,4382.91243,4380.20149,4380.33689
2026-08-12 02:35:00+00:00,4380.30914,4385.00329,4380.19812,4383.38111
2026-08-12 02:40:00+00:00,4383.52362,4384.99374,4383.14483,4384.88798
2026-08-12 02:45:00+00:00,4384.79623,4385.51315,4382.69711,4383.1031
2026-08-12 02:50:00+00:00,4383.13715,4383.36793,4381.54493,4381.63374
2026-08-12 02:55:00+00:00,4381.71688,4385.19558,4381.00205,4384.11668
2026-08-12 03:00:00+00:00,4384.2809,4384.81101,4382.50504,4382.77692
2026-08-12 03:05:00+00:00,4383.14082,4385.00329,4381.73692,4384.83079
2026-08-12 03:10:00+00:00,4384.47515,4384.47515,4381.73692,4381.85853
2026-08-12 03:15:00+00:00,4381.99194,4383.61464,4380.05136,4383.44438
2026-08-12 03:20:00+00:00,4383.13367,4384.04209,4379.8178,4380.06321
2026-08-12 03:25:00+00:00,4380.56971,4381.69798,4379.43418,4379.53248
2026-08-12 03:30:00+00:00,4379.88588,4382.50504,4377.78321,4377.86898
2026-08-12 03:35:00+00:00,4377.9752,4378.44839,4374.45319,4376.78139
2026-08-12 03:40:00+00:00,4376.36249,4377.90036,4375.43047,4377.30361
2026-08-12 03:45:00+00:00,4377.45051,4377.45051,4375.02734,4377.22266
2026-08-12 03:50:00+00:00,4377.024,4377.71388,4373.63691,4374.03622
2026-08-12 03:55:00+00:00,4374.75995,4374.75995,4369.48353,4371.91971
2026-08-12 04:00:00+00:00,4371.50867,4371.50867,4365.28724,4365.57354
2026-08-12 04:05:00+00:00,4365.63828,4366.25032,4361.77992,4362.13427
2026-08-12 04:10:00+00:00,4362.85877,4363.95374,4361.2892,4363.26771
2026-08-12 04:15:00+00:00,4363.31553,4366.95521,4362.16919,4366.56993
2026-08-12 04:20:00+00:00,4366.06555,4368.58909,4362.24045,4364.72823
2026-08-12 04:25:00+00:00,4364.36774,4365.09669,4362.9337,4363.20948
2026-08-12 04:30:00+00:00,4363.68198,4367.27199,4361.2892,4366.58652
2026-08-12 04:35:00+00:00,4365.42332,4371.01145,4365.42332,4370.87961
2026-08-12 04:40:00+00:00,4370.48184,4371.40454,4368.91083,4370.95217
2026-08-12 04:45:00+00:00,4369.9111,4372.51328,4369.9111,4371.63005
2026-08-12 04:50:00+00:00,4371.70985,4372.18237,4371.5847,4372.11499
2026-08-12 04:55:00+00:00,4372.01751,4372.6332,4370.62937,4371.38532
2026-08-12 05:00:00+00:00,4371.27865,4371.81732,4369.621,4370.61449
2026-08-12 05:05:00+00:00,4370.4053,4372.81129,4364.33466,4365.22709
2026-08-12 05:10:00+00:00,4364.96934,4367.19364,4363.64287,4366.02482
2026-08-12 05:15:00+00:00,4365.89293,4365.89293,4362.32035,4362.60668
2026-08-12 05:20:00+00:00,4363.03011,4366.94194,4361.8599,4366.43236
2026-08-12 05:25:00+00:00,4365.2024,4370.43835,4365.2024,4370.28141
2026-08-12 05:30:00+00:00,4370.05754,4374.79549,4370.05754,4371.55467
2026-08-12 05:35:00+00:00,4371.99604,4371.99604,4367.95667,4369.82184
2026-08-12 05:40:00+00:00,4368.99552,4370.76997,4367.36512,4367.7505
2026-08-12 05:45:00+00:00,4368.51359,4369.48668,4366.62154,4367.24643
2026-08-12 05:50:00+00:00,4367.38649,4371.18868,4365.54005,4366.0172
2026-08-12 05:55:00+00:00,4366.78253,4373.11409,4366.78253,4372.69971
2026-08-12 06:00:00+00:00,4372.60911,4372.62815,4368.91083,4369.42423
2026-08-12 06:05:00+00:00,4369.28033,4370.62466,4369.26264,4370.346
2026-08-12 06:10:00+00:00,4369.97712,4370.93639,4369.97712,4370.81647
2026-08-12 06:15:00+00:00,4370.75793,4370.75793,4367.95667,4368.05685
2026-08-12 06:20:00+00:00,4368.25719,4369.33892,4368.01895,4369.15539
2026-08-12 06:25:00+00:00,4368.91182,4370.8204,4368.91182,4370.15316
2026-08-12 06:30:00+00:00,4370.45694,4370.48128,4369.48353,4370.36818
2026-08-12 06:35:00+00:00,4370.13766,4370.13766,4369.10171,4369.60882
2026-08-12 06:40:00+00:00,4369.35522,4369.67446,4367.75193,4367.84455
2026-08-12 06:45:00+00:00,4367.97792,4367.97792,4367.38437,4367.66022
2026-08-12 06:50:00+00:00,4367.59122,4367.98235,4367.25423,4367.73182
2026-08-12 06:55:00+00:00,4367.58324,4368.75593,4367.54296,4367.71611
2026-08-12 07:00:00+00:00,4368.15364,4369.29915,4368.15364,4368.54796
2026-08-12 07:05:00+00:00,4368.56663,4368.66496,4368.41208,4368.56854
2026-08-12 07:10:00+00:00,4368.47305,4368.63086,4368.33828,4368.56007
2026-08-12 07:15:00+00:00,4368.47339,4368.67843,4368.41882,4368.44748
2026-08-12 07:20:00+00:00,4368.47759,4368.61188,4368.33828,4368.5647
2026-08-12 07:25:00+00:00,4368.47199,4368.66519,4368.41237,4368.57398
2026-08-12 07:30:00+00:00,4368.47759,4368.66656,4368.45439,4368.63302
2026-08-12 07:35:00+00:00,4368.56478,4368.67522,4368.42117,4368.44421
2026-08-12 07:40:00+00:00,4368.47643,4368.72204,4368.14747,4368.19804
2026-08-12 07:45:00+00:00,4368.26853,4368.66083,4368.26853,4368.5751
2026-08-12 07:50:00+00:00,4368.47721,4368.6707,4368.33828,4368.57226
2026-08-12 07:55:00+00:00,4368.52428,4368.67349,4368.43058,4368.44713
2026-08-12 08:00:00+00:00,4368.4795,4373.87919,4368.47546,4371.76743
2026-08-12 08:05:00+00:00,4371.48115,4374.45319,4371.48115,4374.32024
2026-08-12 08:10:00+00:00,4374.2176,4375.25411,4374.12498,4375.15399
2026-08-12 08:15:00+00:00,4375.05164,4375.21876,4373.68789,4374.88148
2026-08-12 08:20:00+00:00,4374.67301,4376.36761,4374.65891,4375.81565
2026-08-12 08:25:00+00:00,4375.89312,4376.94227,4375.85892,4376.85987
2026-08-12 08:30:00+00:00,4376.68768,4377.81682,4376.41754,4377.75751
2026-08-12 08:35:00+00:00,4377.61777,4377.61777,4376.55915,4376.91946
2026-08-12 08:40:00+00:00,4376.83312,4376.83312,4375.79311,4375.82483
2026-08-12 08:45:00+00:00,4375.87829,4378.09203,4375.60007,4378.03789
2026-08-12 08:50:00+00:00,4378.26115,4378.26115,4371.96695,4373.49977
2026-08-12 08:55:00+00:00,4372.9302,4374.26184,4367.76589,4370.27316
2026-08-12 09:00:00+00:00,4369.94859,4370.25154,4365.98567,4368.99086
2026-08-12 09:05:00+00:00,4367.9873,4369.29261,4363.38249,4365.7377
2026-08-12 09:10:00+00:00,4366.38311,4368.71997,4363.79725,4368.53597
2026-08-12 09:15:00+00:00,4367.98693,4371.59985,4364.71977,4369.02472
2026-08-12 09:20:00+00:00,4369.51926,4373.87919,4369.51926,4373.69904
2026-08-12 09:25:00+00:00,4373.36967,4373.36967,4369.48353,4372.5131
2026-08-12 09:30:00+00:00,4371.52367,4373.68789,4367.19364,4367.53206
2026-08-12 09:35:00+00:00,4368.15466,4368.71997,4367.57512,4368.64438
2026-08-12 09:40:00+00:00,4368.47334,4368.47334,4367.76589,4367.8687
2026-08-12 09:45:00+00:00,4367.96957,4370.62937,4366.73737,4368.39961
2026-08-12 09:50:00+00:00,4368.75088,4369.46061,4368.52927,4369.36366
2026-08-12 09:55:00+00:00,4369.09285,4371.3936,4369.0126,4371.35495
2026-08-12 10:00:00+00:00,4371.17037,4371.41166,4366.30522,4369.81782
2026-08-12 10:05:00+00:00,4369.48864,4370.75928,4368.43995,4370.59867
2026-08-12 10:10:00+00:00,4370.30699,4377.65337,4370.30699,4376.9845
2026-08-12 10:15:00+00:00,4375.38779,4378.59747,4374.64456,4377.95335
2026-08-12 10:20:00+00:00,4376.29716,4380.58525,4376.29716,4378.0714
2026-08-12 10:25:00+00:00,4378.27987,4380.22581,4378.27987,4380.00953
2026-08-12 10:30:00+00:00,4379.56814,4382.56073,4379.22746,4382.09041
2026-08-12 10:35:00+00:00,4381.99743,4383.77641,4381.35296,4381.49362
2026-08-12 10:40:00+00:00,4381.79063,4382.8892,4381.16101,4381.31405
2026-08-12 10:45:00+00:00,4381.61462,4382.8892,4381.16101,4381.48016
2026-08-12 10:50:00+00:00,4381.59487,4382.22539,4379.28087,4379.63946
2026-08-12 10:55:00+00:00,4380.18429,4380.77715,4378.18302,4380.61545
2026-08-12 11:00:00+00:00,4380.35025,4384.08804,4378.36336,4383.45884
2026-08-12 11:05:00+00:00,4382.57341,4387.6969,4382.57341,4386.41714
2026-08-12 11:10:00+00:00,4386.07065,4390.77936,4386.07065,4390.29619
2026-08-12 11:15:00+00:00,4390.21756,4391.74352,4386.77054,4389.27347
2026-08-12 11:20:00+00:00,4389.66964,4394.05923,4389.42248,4390.09716
2026-08-12 11:25:00+00:00,4390.29589,4391.55066,4390.20107,4391.16347
2026-08-12 11:30:00+00:00,4391.10147,4391.10147,4386.92696,4387.12713
2026-08-12 11:35:00+00:00,4387.49012,4391.98781,4385.18353,4385.68253
2026-08-12 11:40:00+00:00,4386.59235,4392.62355,4386.59235,4391.79644
2026-08-12 11:45:00+00:00,4389.78159,4396.57067,4389.78159,4396.18382
2026-08-12 11:50:00+00:00,4395.38566,4397.83795,4394.88825,4396.84161
2026-08-12 11:55:00+00:00,4396.39121,4396.4765,4394.25232,4396.11284
2026-08-12 12:00:00+00:00,4395.36451,4397.61789,4394.83168,4395.01764
2026-08-12 12:05:00+00:00,4395.37478,4397.21937,4395.19042,4396.07954
2026-08-12 12:10:00+00:00,4396.29102,4402.83362,4396.29102,4401.99692
2026-08-12 12:15:00+00:00,4399.88876,4403.73437,4399.8592,4401.47485
2026-08-12 12:20:00+00:00,4401.63777,4403.25087,4400.82736,4402.94294
2026-08-12 12:25:00+00:00,4402.50988,4403.5084,4401.81647,4402.48168
2026-08-12 12:30:00+00:00,4402.33671,4402.33671,4398.69799,4399.07977
2026-08-12 12:35:00+00:00,4399.09848,4399.47206,4397.48415,4399.32626
2026-08-12 12:40:00+00:00,4399.02852,4408.19925,4399.02852,4407.73437
2026-08-12 12:45:00+00:00,4406.93008,4410.14333,4405.01157,4409.92083
2026-08-12 12:50:00+00:00,4409.82649,4414.24129,4408.58793,4413.99443
2026-08-12 12:55:00+00:00,4413.41717,4414.42635,4411.69983,4412.26969
2026-08-12 13:00:00+00:00,4412.20362,4413.4522,4409.98685,4410.4984
2026-08-12 13:05:00+00:00,4411.29491,4415.01104,4408.27078,4414.66208
2026-08-12 13:10:00+00:00,4414.0405,4414.42635,4412.53138,4413.03188
2026-08-12 13:15:00+00:00,4413.69721,4414.63296,4406.83941,4406.93308
2026-08-12 13:20:00+00:00,4407.10991,4407.37818,4405.56251,4406.62485
2026-08-12 13:25:00+00:00,4406.21349,4407.45668,4406.21349,4407.44393
2026-08-12 13:30:00+00:00,4407.28419,4407.75639,4405.86862,4405.96278
2026-08-12 13:35:00+00:00,4406.09477,4406.39186,4404.26184,4404.47162
2026-08-12 13:40:00+00:00,4404.8489,4405.00177,4401.9897,4402.17511
2026-08-12 13:45:00+00:00,4402.55833,4403.17111,4401.55838,4402.6714
2026-08-12 13:50:00+00:00,4402.52561,4403.46224,4402.01136,4402.30309
2026-08-12 13:55:00+00:00,4402.86073,4402.89733,4401.60218,4402.31001
2026-08-12 14:00:00+00:00,4402.19293,4402.91282,4401.74842,4401.82839
2026-08-12 14:05:00+00:00,4402.16671,4403.15266,4400.29116,4400.67971
2026-08-12 14:10:00+00:00,4401.43128,4401.43128,4396.76398,4396.94351
2026-08-12 14:15:00+00:00,4397.19095,4397.25794,4395.39795,4396.73108
2026-08-12 14:20:00+00:00,4396.64199,4398.50451,4396.18411,4397.58568
2026-08-12 14:25:00+00:00,4397.66776,4398.99133,4397.52311,4397.84871
2026-08-12 14:30:00+00:00,4398.33416,4399.08499,4397.53738,4398.00009
2026-08-12 14:35:00+00:00,4397.9377,4399.48694,4397.563,4399.37004
2026-08-12 14:40:00+00:00,4399.30024,4399.84007,4395.79762,4399.3963
2026-08-12 14:45:00+00:00,4398.23156,4401.63604,4398.23156,4401.5408
2026-08-12 14:50:00+00:00,4401.18321,4401.95975,4400.24641,4400.36712
2026-08-12 14:55:00+00:00,4400.528,4400.97767,4399.47206,4400.88689
2026-08-12 15:00:00+00:00,4400.75155,4401.75734,4400.75155,4400.85626
2026-08-12 15:05:00+00:00,4400.85547,4404.12226,4400.47751,4403.90576
2026-08-12 15:10:00+00:00,4403.48993,4405.08837,4401.78699,4402.38116
2026-08-12 15:15:00+00:00,4403.5017,4403.5017,4397.53738,4397.68285
2026-08-12 15:20:00+00:00,4397.7905,4398.31105,4392.7081,4393.02078
2026-08-12 15:25:00+00:00,4393.39805,4395.41119,4393.36494,4393.79719
2026-08-12 15:30:00+00:00,4394.28889,4396.76398,4388.22804,4393.49389
2026-08-12 15:35:00+00:00,4393.78431,4394.05923,4391.55066,4393.81275
2026-08-12 15:40:00+00:00,4393.39921,4394.44542,4389.43025,4389.74129
2026-08-12 15:45:00+00:00,4389.94275,4391.10862,4385.58021,4385.85354
2026-08-12 15:50:00+00:00,4386.33477,4387.58905,4385.0347,4386.95883
2026-08-12 15:55:00+00:00,4386.17379,4394.33323,4386.17379,4393.89672
2026-08-12 16:00:00+00:00,4393.19014,4393.19014,4387.31189,4387.64755
2026-08-12 16:05:00+00:00,4388.13847,4388.74908,4385.19558,4385.43586
2026-08-12 16:10:00+00:00,4385.92864,4387.67533,4385.89143,4387.40273
2026-08-12 16:15:00+00:00,4387.04972,4390.39382,4385.84465,4390.24198
2026-08-12 16:20:00+00:00,4389.92889,4390.40139,4387.6969,4387.97629
2026-08-12 16:25:00+00:00,4388.38118,4390.62745,4387.88943,4389.17686
2026-08-12 16:30:00+00:00,4388.25599,4390.00834,4388.25599,4389.05999
2026-08-12 16:35:00+00:00,4389.19066,4394.14847,4388.11768,4393.81703
2026-08-12 16:40:00+00:00,4393.16377,4397.73077,4393.14886,4395.85351
2026-08-12 16:45:00+00:00,4396.33755,4400.02121,4394.89352,4399.55659
2026-08-12 16:50:00+00:00,4398.8528,4403.34654,4398.8528,4401.38161
2026-08-12 16:55:00+00:00,4401.67311,4405.86862,4401.40845,4403.69312
2026-08-12 17:00:00+00:00,4404.05376,4405.09229,4401.9897,4403.64391
2026-08-12 17:05:00+00:00,4403.40682,4403.40682,4401.21474,4401.74305
2026-08-12 17:10:00+00:00,4402.26237,4405.86862,4400.55465,4405.77663
2026-08-12 17:15:00+00:00,4405.75618,4405.75618,4399.08499,4399.16808
2026-08-12 17:20:00+00:00,4399.21249,4399.9388,4398.58522,4399.82567
2026-08-12 17:25:00+00:00,4399.49094,4402.76494,4399.49094,4402.59524
2026-08-12 17:30:00+00:00,4402.13269,4404.61165,4401.79593,4404.33417
2026-08-12 17:35:00+00:00,4403.60495,4406.47527,4403.60495,4406.08523
2026-08-12 17:40:00+00:00,4405.16843,4408.60561,4405.16843,4408.49746
2026-08-12 17:45:00+00:00,4408.2959,4409.27066,4406.14174,4408.76621
2026-08-12 17:50:00+00:00,4407.48728,4409.94884,4407.48728,4409.70461
2026-08-12 17:55:00+00:00,4409.49485,4409.49485,4404.89825,4405.57256
2026-08-12 18:00:00+00:00,4405.31611,4409.17108,4404.49473,4409.10565
2026-08-12 18:05:00+00:00,4408.9678,4410.14333,4408.35471,4408.50432
2026-08-12 18:10:00+00:00,4408.73885,4408.85664,4408.19925,4408.8257
2026-08-12 18:15:00+00:00,4408.79751,4408.79782,4406.64522,4407.81486
2026-08-12 18:20:00+00:00,4407.48165,4409.36549,4407.48165,4409.3015
2026-08-12 18:25:00+00:00,4409.15081,4409.15081,4406.25688,4406.33244
2026-08-12 18:30:00+00:00,4406.49239,4407.03363,4405.52137,4405.77404
2026-08-12 18:35:00+00:00,4406.2351,4406.45104,4405.09229,4405.59214
2026-08-12 18:40:00+00:00,4405.63485,4406.25688,4404.8618,4405.53409
2026-08-12 18:45:00+00:00,4405.6125,4405.67451,4402.95879,4403.14791
2026-08-12 18:50:00+00:00,4403.43972,4404.91192,4403.43972,4403.91546
2026-08-12 18:55:00+00:00,4403.81664,4403.9283,4401.9897,4402.05648
2026-08-12 19:00:00+00:00,4402.24767,4407.53441,4402.05582,4406.96298
2026-08-12 19:05:00+00:00,4405.47915,4408.39358,4405.47915,4408.35862
2026-08-12 19:10:00+00:00,4408.21345,4412.41693,4407.03553,4411.16742
2026-08-12 19:15:00+00:00,4411.31707,4417.15623,4410.40862,4414.89653
2026-08-12 19:20:00+00:00,4415.08795,4421.92022,4409.77988,4420.77839
2026-08-12 19:25:00+00:00,4418.74142,4423.40868,4415.01642,4415.37225
2026-08-12 19:30:00+00:00,4416.09989,4416.09989,4412.86792,4415.22246
2026-08-12 19:35:00+00:00,4414.77197,4416.06953,4413.25743,4415.94746
2026-08-12 19:40:00+00:00,4415.77035,4416.96113,4414.22224,4414.53441
2026-08-12 19:45:00+00:00,4415.16379,4415.16379,4412.86792,4413.81334
2026-08-12 19:50:00+00:00,4413.69321,4416.18089,4411.3106,4411.51953
2026-08-12 19:55:00+00:00,4411.86568,4416.18089,4411.01101,4415.84387
2026-08-12 20:00:00+00:00,4415.28846,4416.09977,4415.20597,4415.57407
2026-08-12 20:05:00+00:00,4415.49253,4417.51307,4415.17352,4416.08627
2026-08-12 20:10:00+00:00,4416.37334,4419.10822,4416.37334,4419.03558
2026-08-12 20:15:00+00:00,4418.89041,4419.11048,4417.93682,4418.92746
2026-08-12 20:20:00+00:00,4418.3708,4420.15394,4418.3708,4420.03926
2026-08-12 20:25:00+00:00,4419.81206,4420.67106,4418.51985,4420.58275
2026-08-12 20:30:00+00:00,4420.39034,4420.41269,4417.26598,4417.47266
2026-08-12 20:35:00+00:00,4417.84252,4417.84252,4413.69363,4414.21544
2026-08-12 20:40:00+00:00,4415.28986,4415.28986,4412.86792,4414.26494
2026-08-12 20:45:00+00:00,4413.75469,4415.79087,4410.06814,4411.56406
2026-08-12 20:50:00+00:00,4415.0027,4415.0027,4408.00494,4410.67905
2026-08-12 20:55:00+00:00,4410.40825,4412.4531,4410.38672,4412.20584
2026-08-12 21:00:00+00:00,4411.49936,4414.61788,4411.00194,4412.12268
2026-08-12 21:05:00+00:00,4412.61955,4412.77998,4409.82557,4411.20748
2026-08-12 21:10:00+00:00,4410.99064,4411.65866,4408.61414,4411.24346
2026-08-12 21:15:00+00:00,4410.18724,4410.18724,4407.61636,4409.84546
2026-08-12 21:20:00+00:00,4409.68593,4411.31245,4409.61967,4411.03874
2026-08-12 21:25:00+00:00,4410.68444,4415.02325,4410.68444,4414.29432
2026-08-12 21:30:00+00:00,4412.70191,4415.79087,4412.70191,4414.55702
2026-08-12 21:35:00+00:00,4414.70158,4415.05584,4410.18764,4410.40768
2026-08-12 21:40:00+00:00,4410.73348,4413.647,4410.73348,4412.38523
2026-08-12 21:45:00+00:00,4412.55454,4414.69796,4412.55454,4412.99407
2026-08-12 21:50:00+00:00,4413.23409,4414.23148,4413.06267,4414.1324
2026-08-12 21:55:00+00:00,4413.9788,4415.6584,4412.6732,4413.40502
2026-08-12 22:00:00+00:00,4413.17286,4413.647,4408.84717,4409.36981
2026-08-12 22:05:00+00:00,4410.50683,4410.50683,4406.72615,4408.75517
2026-08-12 22:10:00+00:00,4408.59413,4409.36549,4406.83941,4407.65895
2026-08-12 22:15:00+00:00,4408.02488,4408.82454,4406.70008,4407.83129
2026-08-12 22:20:00+00:00,4407.5606,4410.11515,4406.25688,4408.08994
2026-08-12 22:25:00+00:00,4407.85065,4416.52101,4404.31816,4415.40598
2026-08-12 22:30:00+00:00,4412.63454,4425.88154,4381.60221,4423.35535
2026-08-12 22:35:00+00:00,4419.05879,4429.48264,4417.93682,4424.74395
2026-08-12 22:40:00+00:00,4422.97465,4438.32941,4422.97465,4437.32284
2026-08-12 22:45:00+00:00,4435.73783,4435.73783,4419.30352,4422.74657
2026-08-12 22:50:00+00:00,4422.02926,4427.73458,4422.02926,4426.81704
2026-08-12 22:55:00+00:00,4425.60861,4435.77005,4425.60861,4435.24642
2026-08-12 23:00:00+00:00,4434.37883,4441.22288,4426.73749,4433.36292
2026-08-12 23:05:00+00:00,4432.81978,4432.81978,4430.26759,4430.38675
2026-08-12 23:10:00+00:00,4430.57331,4432.0084,4423.01738,4423.64633
2026-08-12 23:15:00+00:00,4424.91421,4428.30573,4422.03944,4428.06059
2026-08-12 23:20:00+00:00,4427.84862,4427.84862,4418.52245,4418.83845
2026-08-12 23:25:00+00:00,4419.4043,4420.15394,4415.20597,4417.30785
2026-08-12 23:30:00+00:00,4417.52355,4419.10822,4415.43235,4418.1951
2026-08-12 23:35:00+00:00,4417.06364,4418.52245,4412.13753,4414.75185
2026-08-12 23:40:00+00:00,4416.45922,4418.13201,4409.55993,4417.51641
2026-08-12 23:45:00+00:00,4416.37726,4427.15642,4414.91804,4426.53436
2026-08-12 23:50:00+00:00,4425.54663,4432.98065,4425.54663,4429.04718
2026-08-12 23:55:00+00:00,4429.74916,4434.5898,4429.74916,4430.93949
2026-08-13 00:00:00+00:00,4430.6817,4431.95311,4423.01738,4423.15875
2026-08-13 00:05:00+00:00,4423.685,4429.28644,4423.685,4428.41026
2026-08-13 00:10:00+00:00,4428.75673,4434.5898,4426.8984,4434.16966
2026-08-13 00:15:00+00:00,4433.99691,4436.75733,4431.44554,4436.29107
2026-08-13 00:20:00+00:00,4435.5421,4438.44121,4433.44291,4435.41383
2026-08-13 00:25:00+00:00,4435.99601,4439.2306,4431.72042,4438.094
2026-08-13 00:30:00+00:00,4435.52199,4435.52199,4425.40612,4428.8498
2026-08-13 00:35:00+00:00,4428.82484,4428.82484,4415.79087,4418.60485
2026-08-13 00:40:00+00:00,4419.6239,4423.41265,4417.15623,4422.44507
2026-08-13 00:45:00+00:00,4420.80998,4434.8193,4420.47564,4421.11519
2026-08-13 00:50:00+00:00,4422.08359,4426.79057,4417.35136,4420.07696
2026-08-13 00:55:00+00:00,4418.88875,4422.43057,4418.88875,4421.4094
2026-08-13 01:00:00+00:00,4420.88677,4423.93309,4417.22437,4418.57628
2026-08-13 01:05:00+00:00,4420.80308,4422.235,4415.40092,4421.83847
2026-08-13 01:10:00+00:00,4421.02687,4429.09026,4418.41247,4428.71915
2026-08-13 01:15:00+00:00,4428.08703,4431.44291,4422.235,4422.66846
2026-08-13 01:20:00+00:00,4423.43895,4427.32545,4423.01738,4426.22394
2026-08-13 01:25:00+00:00,4426.32517,4426.54154,4421.33356,4421.80867
2026-08-13 01:30:00+00:00,4422.58835,4425.17037,4419.58637,4420.47131
2026-08-13 01:35:00+00:00,4422.40349,4422.40349,4416.7728,4420.60695
2026-08-13 01:40:00+00:00,4420.26268,4421.55106,4419.16593,4420.82499
2026-08-13 01:45:00+00:00,4420.71062,4420.71062,4415.49918,4415.8278
2026-08-13 01:50:00+00:00,4416.40459,4416.40459,4411.93449,4415.48179
2026-08-13 01:55:00+00:00,4414.49384,4421.42404,4414.49384,4421.23548
2026-08-13 02:00:00+00:00,4420.78422,4425.75791,4420.44724,4420.93967
2026-08-13 02:05:00+00:00,4421.86276,4421.86276,4418.91295,4419.07336
2026-08-13 02:10:00+00:00,4419.34664,4423.525,4417.35136,4422.9491
2026-08-13 02:15:00+00:00,4421.8968,4425.59542,4421.8968,4425.36655
2026-08-13 02:20:00+00:00,4424.83717,4425.75791,4424.18383,4425.4884
2026-08-13 02:25:00+00:00,4425.14572,4425.75791,4422.82176,4423.39846
2026-08-13 02:30:00+00:00,4423.30581,4424.28855,4415.08871,4415.98885
2026-08-13 02:35:00+00:00,4417.2659,4417.2659,4412.86792,4413.88963
2026-08-13 02:40:00+00:00,4414.19402,4415.05021,4411.05799,4411.895
2026-08-13 02:45:00+00:00,4413.48881,4413.48881,4404.51022,4405.00223
2026-08-13 02:50:00+00:00,4405.89625,4405.89625,4402.5711,4403.33989
2026-08-13 02:55:00+00:00,4403.955,4405.86862,4397.73077,4401.78156
2026-08-13 03:00:00+00:00,4400.19398,4405.28634,4400.19398,4403.89243
2026-08-13 03:05:00+00:00,4404.58436,4407.4221,4403.15266,4406.32525
2026-08-13 03:10:00+00:00,4406.52399,4407.4169,4404.26445,4404.41479
2026-08-13 03:15:00+00:00,4404.6281,4404.6281,4402.5711,4402.68638
2026-08-13 03:20:00+00:00,4402.87292,4409.20411,4402.33801,4409.03282
2026-08-13 03:25:00+00:00,4408.52587,4409.36549,4406.64522,4407.08033
2026-08-13 03:30:00+00:00,4407.21035,4410.55734,4406.00313,4410.38134
2026-08-13 03:35:00+00:00,4410.11818,4410.99157,4405.48042,4405.85726
2026-08-13 03:40:00+00:00,4406.38371,4406.38371,4402.35776,4402.91723
2026-08-13 03:45:00+00:00,4404.04492,4404.04492,4401.79593,4403.15415
2026-08-13 03:50:00+00:00,4403.23529,4406.12272,4400.77366,4401.72111
2026-08-13 03:55:00+00:00,4403.92748,4403.92748,4399.27852,4399.84161
2026-08-13 04:00:00+00:00,4400.31322,4400.31322,4396.76398,4398.43387
2026-08-13 04:05:00+00:00,4397.78344,4403.23275,4397.78344,4402.96314
2026-08-13 04:10:00+00:00,4402.52013,4406.25688,4402.52013,4405.71895
2026-08-13 04:15:00+00:00,4405.74428,4407.62803,4404.33464,4407.42576
2026-08-13 04:20:00+00:00,4406.886,4410.33783,4406.42373,4410.25161
2026-08-13 04:25:00+00:00,4409.9707,4410.89191,4407.61636,4407.89795
2026-08-13 04:30:00+00:00,4408.386,4412.63703,4408.00494,4412.40678
2026-08-13 04:35:00+00:00,4411.76897,4413.05553,4411.17245,4411.39822
2026-08-13 04:40:00+00:00,4411.69457,4413.05472,4410.53235,4412.72057
2026-08-13 04:45:00+00:00,4412.29384,4417.74419,4412.29384,4416.97538
2026-08-13 04:50:00+00:00,4415.05199,4418.52245,4414.04997,4414.31102
2026-08-13 04:55:00+00:00,4414.81042,4414.81042,4413.06267,4413.23668
2026-08-13 05:00:00+00:00,4413.22982,4417.54649,4413.19602,4416.18385
2026-08-13 05:05:00+00:00,4416.06029,4418.71432,4414.93237,4415.39929
2026-08-13 05:10:00+00:00,4415.7551,4416.85664,4415.59588,4416.64614
2026-08-13 05:15:00+00:00,4416.36057,4417.93682,4416.13685,4417.84804
2026-08-13 05:20:00+00:00,4417.66426,4417.96926,4416.37276,4417.7124
2026-08-13 05:25:00+00:00,4417.53454,4417.53454,4415.87013,4415.96618
2026-08-13 05:30:00+00:00,4416.1139,4416.57097,4413.78927,4414.09114
2026-08-13 05:35:00+00:00,4414.69467,4414.69467,4411.91377,4411.99297
2026-08-13 05:40:00+00:00,4412.08179,4413.14333,4411.50521,4411.98917
2026-08-13 05:45:00+00:00,4412.22358,4415.03224,4409.76509,4414.11417
2026-08-13 05:50:00+00:00,4412.23095,4413.25743,4408.78229,4411.11023
2026-08-13 05:55:00+00:00,4411.42829,4413.25743,4410.92144,4411.32445
2026-08-13 06:00:00+00:00,4412.03462,4413.4522,4411.87993,4413.41581
2026-08-13 06:05:00+00:00,4413.37217,4413.37217,4410.89663,4411.16552
2026-08-13 06:10:00+00:00,4411.66692,4411.66692,4408.97668,4409.05239
2026-08-13 06:15:00+00:00,4409.21326,4410.18996,4407.42326,4407.69356
2026-08-13 06:20:00+00:00,4408.17426,4408.17426,4407.02927,4407.60336
2026-08-13 06:25:00+00:00,4407.36517,4408.27592,4407.22785,4408.02568
2026-08-13 06:30:00+00:00,4407.67885,4408.70347,4407.25584,4408.12
2026-08-13 06:35:00+00:00,4407.85724,4408.58793,4407.03363,4408.24273
2026-08-13 06:40:00+00:00,4408.24124,4408.39358,4407.4221,4407.62554
2026-08-13 06:45:00+00:00,4407.67567,4408.29808,4407.4221,4407.45784
2026-08-13 06:50:00+00:00,4407.64756,4408.83997,4407.25978,4408.60267
2026-08-13 06:55:00+00:00,4408.21109,4409.17108,4406.52929,4409.04752
2026-08-13 07:00:00+00:00,4408.74155,4409.02288,4408.39358,4408.45638
2026-08-13 07:05:00+00:00,4408.57214,4408.86387,4408.57214,4408.7886
2026-08-13 07:10:00+00:00,4408.68096,4408.91048,4408.63515,4408.77128
2026-08-13 07:15:00+00:00,4408.69289,4409.02703,4408.671,4408.98479
2026-08-13 07:20:00+00:00,4408.88688,4409.05681,4408.58434,4408.62507
2026-08-13 07:25:00+00:00,4408.68982,4408.97314,4408.61959,4408.63913
2026-08-13 07:30:00+00:00,4408.72465,4408.9632,4408.60559,4408.78006
2026-08-13 07:35:00+00:00,4408.71633,4408.97668,4408.5458,4408.82141
2026-08-13 07:40:00+00:00,4408.73188,4408.89999,4408.64265,4408.85345
2026-08-13 07:45:00+00:00,4408.78279,4408.92199,4408.69614,4408.87307
2026-08-13 07:50:00+00:00,4408.79898,4408.90368,4408.63497,4408.77543
2026-08-13 07:55:00+00:00,4408.6909,4408.86555,4408.6497,4408.82443
2026-08-13 08:00:00+00:00,4408.74865,4409.94884,4406.3957,4406.93859
2026-08-13 08:05:00+00:00,4407.90617,4407.90617,4403.54045,4404.13422
2026-08-13 08:10:00+00:00,4404.18089,4404.40993,4403.13669,4403.44205
2026-08-13 08:15:00+00:00,4403.40904,4403.40904,4401.9897,4402.20346
2026-08-13 08:20:00+00:00,4402.07858,4402.76494,4401.79593,4402.53596
2026-08-13 08:25:00+00:00,4402.45277,4402.76494,4398.31105,4399.64639
2026-08-13 08:30:00+00:00,4399.13772,4401.6796,4399.13772,4400.84967
2026-08-13 08:35:00+00:00,4401.27463,4401.27463,4398.69799,4399.62871
2026-08-13 08:40:00+00:00,4399.538,4400.44004,4399.23246,4400.321
2026-08-13 08:45:00+00:00,4400.29414,4401.21474,4399.93659,4400.69816
2026-08-13 08:50:00+00:00,4400.71479,4401.9897,4400.71479,4401.97309
2026-08-13 08:55:00+00:00,4401.8398,4402.5711,4401.59749,4402.08306
2026-08-13 09:00:00+00:00,4402.17047,4404.16035,4402.17047,4404.01167
2026-08-13 09:05:00+00:00,4403.59049,4405.1578,4403.15266,4404.96189
2026-08-13 09:10:00+00:00,4404.54541,4405.94767,4404.54541,4405.87847
2026-08-13 09:15:00+00:00,4405.84799,4407.81064,4405.57237,4407.739
2026-08-13 09:20:00+00:00,4407.60394,4408.45854,4407.60394,4408.33071
2026-08-13 09:25:00+00:00,4408.15299,4409.75438,4408.15299,4409.35018
2026-08-13 09:30:00+00:00,4409.26737,4409.75861,4408.20257,4409.57225
2026-08-13 09:35:00+00:00,4409.20759,4410.14333,4408.00494,4408.10874
2026-08-13 09:40:00+00:00,4408.26758,4409.17108,4407.61341,4409.03879
2026-08-13 09:45:00+00:00,4408.80689,4410.14333,4408.75565,4408.88783
2026-08-13 09:50:00+00:00,4409.05698,4410.52593,4407.53054,4410.23737
2026-08-13 09:55:00+00:00,4409.81603,4413.37002,4409.81603,4412.80577
2026-08-13 10:00:00+00:00,4412.07221,4420.41725,4412.07221,4419.76854
2026-08-13 10:05:00+00:00,4418.65887,4421.48609,4415.59588,4421.02431
2026-08-13 10:10:00+00:00,4420.34323,4422.69135,4418.93797,4420.22029
2026-08-13 10:15:00+00:00,4420.44348,4428.3944,4418.93947,4428.11683
2026-08-13 10:20:00+00:00,4427.3584,4435.91634,4426.36556,4435.41563
2026-08-13 10:25:00+00:00,4434.24443,4436.36041,4427.71751,4427.9257
2026-08-13 10:30:00+00:00,4428.28033,4444.25803,4424.23644,4439.86458
2026-08-13 10:35:00+00:00,4432.69998,4449.78419,4432.69998,4438.86656
2026-08-13 10:40:00+00:00,4439.68623,4439.90489,4438.13243,4439.64536
2026-08-13 10:45:00+00:00,4439.30927,4441.66976,4436.24996,4440.72402
2026-08-13 10:50:00+00:00,4438.76009,4438.76009,4429.67885,4431.91889
2026-08-13 10:55:00+00:00,4431.67386,4432.47791,4427.12945,4427.36963
2026-08-13 11:00:00+00:00,4427.70384,4432.25455,4423.99575,4431.56611
2026-08-13 11:05:00+00:00,4430.34848,4434.39315,4430.34848,4434.02634
2026-08-13 11:10:00+00:00,4434.09175,4434.98315,4430.07132,4430.41352
2026-08-13 11:15:00+00:00,4430.91834,4436.23856,4427.81838,4428.64051
2026-08-13 11:20:00+00:00,4430.28201,4430.28201,4420.08487,4424.34619
2026-08-13 11:25:00+00:00,4423.78737,4423.78737,4419.89061,4420.46907
2026-08-13 11:30:00+00:00,4421.76126,4428.30573,4419.10822,4428.02383
2026-08-13 11:35:00+00:00,4427.73175,4429.09026,4425.3142,4425.61946
2026-08-13 11:40:00+00:00,4426.0549,4426.78575,4420.31525,4420.55322
2026-08-13 11:45:00+00:00,4420.91882,4421.17912,4410.13561,4410.56044
2026-08-13 11:50:00+00:00,4411.10502,4414.88755,4409.55993,4414.32827
2026-08-13 11:55:00+00:00,4412.89554,4417.59215,4407.4221,4407.90568
2026-08-13 12:00:00+00:00,4408.72581,4409.36549,4405.86862,4407.41942
2026-08-13 12:05:00+00:00,4407.22916,4411.68736,4405.52731,4410.97708
2026-08-13 12:10:00+00:00,4409.80339,4413.4522,4409.80339,4411.46065
2026-08-13 12:15:00+00:00,4411.77226,4411.77226,4410.72689,4411.26622
2026-08-13 12:20:00+00:00,4411.18527,4412.47849,4407.83784,4408.33736
2026-08-13 12:25:00+00:00,4409.15148,4409.15148,4406.83941,4407.55199
2026-08-13 12:30:00+00:00,4408.0181,4408.0181,4401.41594,4401.91003
2026-08-13 12:35:00+00:00,4402.87206,4406.05888,4399.8592,4405.45085
2026-08-13 12:40:00+00:00,4404.41735,4408.39358,4404.41735,4407.84855
2026-08-13 12:45:00+00:00,4407.40596,4410.11539,4407.40596,4409.96689
2026-08-13 12:50:00+00:00,4409.76119,4410.3782,4407.78898,4408.26302
2026-08-13 12:55:00+00:00,4409.18175,4409.18175,4406.64522,4407.32056
2026-08-13 13:00:00+00:00,4407.60411,4411.3106,4405.50263,4410.76096
2026-08-13 13:05:00+00:00,4410.64456,4412.5607,4408.94801,4409.09254
2026-08-13 13:10:00+00:00,4409.33146,4409.33146,4405.09229,4406.60702
2026-08-13 13:15:00+00:00,4406.17604,4409.17108,4405.4017,4408.86531
2026-08-13 13:20:00+00:00,4408.3286,4409.2251,4407.22785,4409.07568
2026-08-13 13:25:00+00:00,4408.87497,4409.60138,4408.5603,4409.29857
2026-08-13 13:30:00+00:00,4408.80916,4410.16446,4408.80916,4409.64295
2026-08-13 13:35:00+00:00,4409.68877,4410.24276,4409.17108,4409.73578
2026-08-13 13:40:00+00:00,4409.66443,4409.66443,4406.12541,4406.48338
2026-08-13 13:45:00+00:00,4407.22552,4407.22552,4405.28634,4406.28926
2026-08-13 13:50:00+00:00,4406.08108,4406.41152,4403.49344,4404.11661
2026-08-13 13:55:00+00:00,4405.5117,4405.5117,4399.60273,4399.7957
2026-08-13 14:00:00+00:00,4400.13561,4400.13561,4395.94862,4398.48755
2026-08-13 14:05:00+00:00,4398.10024,4398.10024,4395.02483,4395.90681
2026-08-13 14:10:00+00:00,4396.03475,4396.90235,4392.90107,4394.68829
2026-08-13 14:15:00+00:00,4394.2572,4395.218,4394.2572,4394.67459
2026-08-13 14:20:00+00:00,4394.74237,4395.9046,4393.09406,4395.39711
2026-08-13 14:25:00+00:00,4394.64934,4398.73324,4394.64934,4397.73691
2026-08-13 14:30:00+00:00,4398.14044,4399.47206,4398.14044,4398.59244
2026-08-13 14:35:00+00:00,4398.7275,4399.91032,4397.92418,4399.6052
2026-08-13 14:40:00+00:00,4399.10654,4399.29339,4396.76398,4396.98133
2026-08-13 14:45:00+00:00,4397.25759,4397.73077,4396.18411,4397.02071
2026-08-13 14:50:00+00:00,4397.11609,4397.53738,4395.41119,4397.33604
2026-08-13 14:55:00+00:00,4397.24291,4398.31105,4396.37739,4398.26874
2026-08-13 15:00:00+00:00,4398.06126,4398.38436,4393.7272,4397.08407
2026-08-13 15:05:00+00:00,4396.58805,4396.58805,4394.83168,4396.41789
2026-08-13 15:10:00+00:00,4396.28067,4403.73919,4394.97687,4402.82814
2026-08-13 15:15:00+00:00,4400.54448,4405.48042,4400.44004,4403.13974
2026-08-13 15:20:00+00:00,4402.76614,4403.54045,4400.71692,4402.67739
2026-08-13 15:25:00+00:00,4402.80426,4406.95274,4401.43362,4406.76464
2026-08-13 15:30:00+00:00,4406.34262,4407.03363,4394.83168,4395.73809
2026-08-13 15:35:00+00:00,4395.58985,4398.63481,4395.58985,4397.52388
2026-08-13 15:40:00+00:00,4397.59311,4401.02104,4388.51448,4389.32759
2026-08-13 15:45:00+00:00,4391.16092,4391.16092,4384.42652,4386.5849
2026-08-13 15:50:00+00:00,4385.92876,4390.05228,4385.20175,4386.29942
2026-08-13 15:55:00+00:00,4388.18936,4388.18936,4382.36352,4383.23749
2026-08-13 16:00:00+00:00,4384.53217,4384.53217,4379.52857,4383.78754
2026-08-13 16:05:00+00:00,4383.20876,4383.20876,4375.60165,4376.32059
2026-08-13 16:10:00+00:00,4376.37907,4379.24239,4375.92021,4376.3544
2026-08-13 16:15:00+00:00,4376.95072,4378.09203,4375.21876,4377.1602
2026-08-13 16:20:00+00:00,4377.38208,4377.99925,4374.83594,4374.93854
2026-08-13 16:25:00+00:00,4375.00397,4377.95782,4375.00397,4375.67438
2026-08-13 16:30:00+00:00,4375.68223,4378.53475,4371.3639,4372.33274
2026-08-13 16:35:00+00:00,4374.36748,4374.36748,4369.39835,4370.94142
2026-08-13 16:40:00+00:00,4370.32988,4374.07051,4370.32988,4373.98804
2026-08-13 16:45:00+00:00,4373.80038,4378.43941,4373.30534,4378.12665
2026-08-13 16:50:00+00:00,4377.47527,4380.00964,4377.47527,4379.15101
2026-08-13 16:55:00+00:00,4379.25382,4381.46895,4379.25382,4380.12659
2026-08-13 17:00:00+00:00,4380.22082,4380.96907,4378.14299,4380.25546
2026-08-13 17:05:00+00:00,4380.30097,4380.58525,4378.09203,4379.5912
2026-08-13 17:10:00+00:00,4379.48778,4379.48778,4376.1761,4376.33523
2026-08-13 17:15:00+00:00,4376.63609,4376.94227,4375.32978,4375.41008
2026-08-13 17:20:00+00:00,4375.51751,4376.49832,4373.87919,4376.26517
2026-08-13 17:25:00+00:00,4375.65907,4376.94227,4375.41019,4376.31682
2026-08-13 17:30:00+00:00,4375.97819,4377.94597,4372.89229,4373.31384
2026-08-13 17:35:00+00:00,4374.21402,4376.36761,4372.09801,4374.54463
2026-08-13 17:40:00+00:00,4375.3825,4377.90036,4373.5902,4377.21744
2026-08-13 17:45:00+00:00,4377.14753,4378.56974,4372.88254,4373.76294
2026-08-13 17:50:00+00:00,4375.31754,4375.31754,4370.8204,4373.23256
2026-08-13 17:55:00+00:00,4373.01825,4373.01825,4369.48353,4370.49126
2026-08-13 18:00:00+00:00,4370.36596,4371.64149,4366.24023,4366.54062
2026-08-13 18:05:00+00:00,4367.04363,4370.01855,4366.24023,4366.4886
2026-08-13 18:10:00+00:00,4366.94972,4367.33653,4364.90615,4366.27809
2026-08-13 18:15:00+00:00,4365.75718,4366.81223,4365.75718,4366.76882
2026-08-13 18:20:00+00:00,4366.6559,4370.05637,4365.51967,4369.53962
2026-08-13 18:25:00+00:00,4369.26397,4372.83005,4368.97611,4372.44174
2026-08-13 18:30:00+00:00,4371.71495,4374.32214,4371.71495,4373.4998
2026-08-13 18:35:00+00:00,4373.46853,4375.41019,4373.46853,4374.47377
2026-08-13 18:40:00+00:00,4374.05789,4375.08438,4373.49661,4375.03808
2026-08-13 18:45:00+00:00,4374.89881,4378.69812,4373.68789,4377.9803
2026-08-13 18:50:00+00:00,4376.37764,4379.62598,4375.60165,4375.838
2026-08-13 18:55:00+00:00,4376.16053,4376.94227,4375.02734,4375.53737
2026-08-13 19:00:00+00:00,4375.71907,4376.09269,4373.87919,4374.08406
2026-08-13 19:05:00+00:00,4374.4345,4377.56943,4373.49661,4377.14385
2026-08-13 19:10:00+00:00,4376.01728,4378.09203,4376.01728,4377.75455
2026-08-13 19:15:00+00:00,4377.7264,4380.09614,4376.31799,4376.99607
2026-08-13 19:20:00+00:00,4377.99496,4381.54493,4377.99496,4379.32951
2026-08-13 19:25:00+00:00,4379.86303,4381.73692,4378.28371,4380.79521
2026-08-13 19:30:00+00:00,4380.87349,4381.41716,4380.10551,4380.93903
2026-08-13 19:35:00+00:00,4380.84119,4381.48739,4380.58525,4380.85784
2026-08-13 19:40:00+00:00,4380.77545,4381.98823,4379.43418,4380.65637
2026-08-13 19:45:00+00:00,4380.40739,4380.40739,4378.85887,4378.95964
2026-08-13 19:50:00+00:00,4379.09712,4380.41833,4378.59412,4380.36161
2026-08-13 19:55:00+00:00,4380.21111,4385.00329,4380.21111,4384.68614
2026-08-13 20:00:00+00:00,4384.07925,4385.00329,4383.65772,4384.82947
2026-08-13 20:05:00+00:00,4384.7935,4385.70519,4384.23164,4384.76417
2026-08-13 20:10:00+00:00,4384.6465,4385.15839,4381.73692,4381.97305
2026-08-13 20:15:00+00:00,4382.41621,4385.04991,4381.95164,4384.69822
2026-08-13 20:20:00+00:00,4384.20118,4386.66489,4384.20118,4384.78276
2026-08-13 20:25:00+00:00,4385.05363,4387.11942,4384.10138,4387.07347
2026-08-13 20:30:00+00:00,4386.93442,4388.35732,4385.06277,4385.37774
2026-08-13 20:35:00+00:00,4385.99012,4389.04494,4384.64625,4388.89011
2026-08-13 20:40:00+00:00,4388.53767,4390.28,4388.32188,4389.97741
2026-08-13 20:45:00+00:00,4389.29613,4390.77936,4388.46711,4389.80966
2026-08-13 20:50:00+00:00,4389.2624,4393.91936,4389.0872,4393.83928
2026-08-13 20:55:00+00:00,4393.68478,4393.68478,4391.74352,4392.33656
2026-08-13 21:00:00+00:00,4392.30901,4393.03394,4389.34117,4389.63448
2026-08-13 21:05:00+00:00,4390.21826,4391.55066,4388.64875,4391.4684
2026-08-13 21:10:00+00:00,4391.25217,4393.06753,4390.58658,4392.69522
2026-08-13 21:15:00+00:00,4391.74305,4397.01077,4391.27076,4393.22318
2026-08-13 21:20:00+00:00,4393.25564,4394.25232,4391.46554,4391.58844
2026-08-13 21:25:00+00:00,4391.9603,4392.7081,4389.64288,4390.03857
2026-08-13 21:30:00+00:00,4390.79255,4390.79255,4387.40528,4387.65017
2026-08-13 21:35:00+00:00,4388.10236,4389.43025,4386.72963,4389.00072
2026-08-13 21:40:00+00:00,4388.85935,4390.02326,4383.8499,4384.53654
2026-08-13 21:45:00+00:00,4384.72955,4386.80086,4383.27343,4383.43047
2026-08-13 21:50:00+00:00,4383.48867,4384.81101,4383.48867,4384.76308
2026-08-13 21:55:00+00:00,4384.57801,4387.50439,4383.46557,4387.29864
2026-08-13 22:00:00+00:00,4386.84556,4387.02159,4386.15729,4386.68072
2026-08-13 22:05:00+00:00,4386.53226,4391.34769,4385.96491,4390.93362
2026-08-13 22:10:00+00:00,4389.8267,4391.9364,4388.27453,4388.49767
2026-08-13 22:15:00+00:00,4388.98105,4390.00567,4385.38789,4386.04083
2026-08-13 22:20:00+00:00,4386.14738,4389.43025,4385.00329,4385.09677
2026-08-13 22:25:00+00:00,4385.39088,4387.54835,4385.17145,4385.17145
2026-08-13 22:30:00+00:00,4385.64627,4395.218,4381.54493,4387.67131
2026-08-13 22:35:00+00:00,4385.80941,4394.25503,4385.80941,4389.47497
2026-08-13 22:40:00+00:00,4389.52231,4394.25232,4387.99242,4391.81942
2026-08-13 22:45:00+00:00,4391.98111,4396.18411,4391.11941,4395.98928
2026-08-13 22:50:00+00:00,4395.59105,4395.99086,4393.28706,4395.14455
2026-08-13 22:55:00+00:00,4395.25287,4400.44004,4391.59244,4399.88013
2026-08-13 23:00:00+00:00,4398.48166,4401.02104,4392.1293,4392.76145
2026-08-13 23:05:00+00:00,4393.47463,4398.11761,4393.47463,4397.70448
2026-08-13 23:10:00+00:00,4396.7579,4396.7579,4392.51515,4393.24285
2026-08-13 23:15:00+00:00,4392.73703,4394.83168,4392.1293,4392.39726
2026-08-13 23:20:00+00:00,4392.8629,4394.44542,4390.96477,4394.14952
2026-08-13 23:25:00+00:00,4394.43889,4394.43889,4385.79277,4386.29119
2026-08-13 23:30:00+00:00,4387.36561,4387.36561,4380.18262,4381.65389
2026-08-13 23:35:00+00:00,4385.07145,4385.07145,4377.13385,4379.37316
2026-08-13 23:40:00+00:00,4378.46351,4385.1353,4376.23806,4381.1904
2026-08-13 23:45:00+00:00,4380.57667,4383.08131,4376.03281,4382.68601
2026-08-13 23:50:00+00:00,4382.00706,4382.00706,4370.02048,4370.71235
2026-08-13 23:55:00+00:00,4371.5446,4376.55915,4371.5446,4374.12906
2026-08-14 00:00:00+00:00,4374.55489,4377.28512,4371.90572,4372.52476
2026-08-14 00:05:00+00:00,4373.88318,4378.47541,4369.94428,4372.81098
2026-08-14 00:10:00+00:00,4375.80275,4375.80275,4365.94224,4371.23484
2026-08-14 00:15:00+00:00,4370.60361,4378.28371,4370.43835,4377.73689
2026-08-14 00:20:00+00:00,4376.62631,4376.94227,4371.77582,4372.3453
2026-08-14 00:25:00+00:00,4373.45644,4376.10847,4370.02681,4370.49177
2026-08-14 00:30:00+00:00,4371.10565,4376.73724,4359.22734,4374.68387
2026-08-14 00:35:00+00:00,4373.15346,4376.17994,4371.92768,4372.62165
2026-08-14 00:40:00+00:00,4373.38852,4380.73981,4373.38852,4380.24453
2026-08-14 00:45:00+00:00,4379.62372,4386.15729,4379.62372,4385.84849
2026-08-14 00:50:00+00:00,4385.23892,4386.90994,4383.38643,4386.64332
2026-08-14 00:55:00+00:00,4385.82814,4386.54209,4383.46557,4386.4237
2026-08-14 01:00:00+00:00,4386.06981,4386.06981,4380.37857,4381.01231
2026-08-14 01:05:00+00:00,4381.88405,4382.7187,4371.41117,4371.99005
2026-08-14 01:10:00+00:00,4373.048,4373.048,4369.10171,4369.19679
2026-08-14 01:15:00+00:00,4369.3399,4370.05637,4364.33466,4364.74296
2026-08-14 01:20:00+00:00,4365.4711,4370.48345,4364.59553,4370.1371
2026-08-14 01:25:00+00:00,4369.36718,4373.68789,4365.73109,4367.24586
2026-08-14 01:30:00+00:00,4370.2725,4370.2725,4357.67823,4358.19908
2026-08-14 01:35:00+00:00,4359.22608,4370.24462,4359.19791,4369.02489
2026-08-14 01:40:00+00:00,4365.9828,4371.5847,4365.9828,4369.05869
2026-08-14 01:45:00+00:00,4369.34259,4370.43835,4368.52912,4369.29764
2026-08-14 01:50:00+00:00,4369.86595,4370.1696,4366.40597,4366.47628
2026-08-14 01:55:00+00:00,4366.57152,4370.54888,4363.76331,4364.17999
2026-08-14 02:00:00+00:00,4364.95919,4367.63804,4362.55745,4367.02031
2026-08-14 02:05:00+00:00,4365.92783,4365.92783,4359.71269,4360.31621
2026-08-14 02:10:00+00:00,4361.55572,4361.55572,4355.25556,4355.80348
2026-08-14 02:15:00+00:00,4356.95679,4356.95679,4351.79947,4352.07255
2026-08-14 02:20:00+00:00,4352.52631,4357.67823,4351.98083,4354.89462
2026-08-14 02:25:00+00:00,4355.41731,4360.15211,4355.41731,4359.49926
2026-08-14 02:30:00+00:00,4357.97366,4366.81223,4356.5368,4365.57169
2026-08-14 02:35:00+00:00,4365.17267,4366.62154,4363.76331,4363.91929
2026-08-14 02:40:00+00:00,4364.10357,4365.72351,4363.95374,4365.49482
2026-08-14 02:45:00+00:00,4364.82185,4367.57512,4364.73456,4366.40029
2026-08-14 02:50:00+00:00,4366.64291,4366.64291,4364.14419,4364.2918
2026-08-14 02:55:00+00:00,4364.65013,4368.43322,4364.65013,4366.72968
2026-08-14 03:00:00+00:00,4366.92326,4368.91083,4365.66838,4365.99045
2026-08-14 03:05:00+00:00,4366.5523,4372.1581,4365.52175,4372.03877
2026-08-14 03:10:00+00:00,4371.76349,4373.11409,4371.01145,4373.08441
2026-08-14 03:15:00+00:00,4372.96113,4373.86654,4366.21013,4366.48275
2026-08-14 03:20:00+00:00,4367.15596,4368.6208,4366.9252,4368.19453
2026-08-14 03:25:00+00:00,4368.32823,4368.52912,4363.99406,4364.6676
2026-08-14 03:30:00+00:00,4365.5576,4365.5576,4360.87184,4361.16594
2026-08-14 03:35:00+00:00,4361.65557,4361.79655,4360.5285,4361.46241
2026-08-14 03:40:00+00:00,4361.53841,4361.81738,4356.91879,4357.29529
2026-08-14 03:45:00+00:00,4357.85871,4359.9708,4356.53917,4358.42628
2026-08-14 03:50:00+00:00,4358.7842,4360.20904,4357.67823,4357.87396
2026-08-14 03:55:00+00:00,4358.20458,4358.20458,4356.33528,4356.62539
2026-08-14 04:00:00+00:00,4356.59119,4360.36504,4356.15961,4359.9875
2026-08-14 04:05:00+00:00,4359.23295,4359.56411,4357.29847,4358.19364
2026-08-14 04:10:00+00:00,4358.71143,4362.62106,4358.71143,4362.45676
2026-08-14 04:15:00+00:00,4362.07082,4363.4563,4361.46761,4363.08477
2026-08-14 04:20:00+00:00,4362.25035,4363.76331,4357.73816,4358.78093
2026-08-14 04:25:00+00:00,4360.49084,4360.49084,4354.98025,4357.83222
2026-08-14 04:30:00+00:00,4357.50757,4358.97266,4356.91879,4357.00959
2026-08-14 04:35:00+00:00,4357.0571,4359.57799,4356.77742,4359.24178
2026-08-14 04:40:00+00:00,4359.26058,4359.95814,4357.67823,4358.12612
2026-08-14 04:45:00+00:00,4358.10135,4358.10135,4356.91879,4357.01045
2026-08-14 04:50:00+00:00,4357.15741,4357.15741,4355.02134,4356.23201
2026-08-14 04:55:00+00:00,4355.69147,4357.86813,4355.37075,4357.4776
2026-08-14 05:00:00+00:00,4357.41202,4358.6279,4356.91879,4358.47988
2026-08-14 05:05:00+00:00,4358.16158,4358.6279,4353.31505,4353.69082
2026-08-14 05:10:00+00:00,4354.36004,4354.36004,4347.58696,4349.26161
2026-08-14 05:15:00+00:00,4351.43686,4351.43686,4345.18119,4347.4001
2026-08-14 05:20:00+00:00,4347.60277,4348.9606,4346.88111,4348.89178
2026-08-14 05:25:00+00:00,4348.7168,4351.26109,4348.58236,4351.06711
2026-08-14 05:30:00+00:00,4350.77251,4351.42074,4349.90648,4351.17494
2026-08-14 05:35:00+00:00,4350.71297,4353.31737,4350.71297,4353.00716
2026-08-14 05:40:00+00:00,4352.29599,4353.88366,4351.79947,4352.35071
2026-08-14 05:45:00+00:00,4352.25958,4352.31752,4348.20419,4348.29334
2026-08-14 05:50:00+00:00,4348.22016,4350.29809,4348.22016,4349.60852
2026-08-14 05:55:00+00:00,4349.55822,4350.4742,4347.68617,4348.05694
2026-08-14 06:00:00+00:00,4348.91716,4350.67273,4346.69217,4347.82721
2026-08-14 06:05:00+00:00,4347.73608,4349.69341,4347.00195,4349.41637
2026-08-14 06:10:00+00:00,4348.65538,4350.15602,4348.65538,4349.59928
2026-08-14 06:15:00+00:00,4349.59388,4351.15021,4349.59388,4350.51737
2026-08-14 06:20:00+00:00,4350.57989,4350.57989,4349.71727,4349.74292
2026-08-14 06:25:00+00:00,4349.77415,4352.36769,4348.92314,4352.29085
2026-08-14 06:30:00+00:00,4352.11849,4352.35854,4348.39327,4348.51817
2026-08-14 06:35:00+00:00,4348.72241,4350.07281,4348.39327,4349.04915
2026-08-14 06:40:00+00:00,4349.25907,4350.66348,4348.39327,4350.54521
2026-08-14 06:45:00+00:00,4350.27567,4350.27567,4349.49905,4350.07329
2026-08-14 06:50:00+00:00,4349.92536,4350.51076,4348.9606,4349.01637
2026-08-14 06:55:00+00:00,4349.10407,4351.4161,4348.93031,4351.17522
2026-08-14 07:00:00+00:00,4350.64279,4351.6101,4350.64279,4351.32972
2026-08-14 07:05:00+00:00,4351.35967,4351.75718,4351.17259,4351.40266
2026-08-14 07:10:00+00:00,4351.39649,4351.56816,4351.31004,4351.47175
2026-08-14 07:15:00+00:00,4351.37755,4351.55495,4351.33068,4351.41797
2026-08-14 07:20:00+00:00,4351.36256,4351.56339,4351.30311,4351.32988
2026-08-14 07:25:00+00:00,4351.36161,4351.51225,4351.13545,4351.4068
2026-08-14 07:30:00+00:00,4351.36384,4351.55826,4351.30666,4351.4677
2026-08-14 07:35:00+00:00,4351.37151,4351.55822,4351.2314,4351.26311
2026-08-14 07:40:00+00:00,4351.27713,4351.56237,4351.2314,4351.33048
2026-08-14 07:45:00+00:00,4351.36316,4351.48463,4351.2314,4351.40622
2026-08-14 07:50:00+00:00,4351.35642,4351.53741,4351.30654,4351.45364
2026-08-14 07:55:00+00:00,4351.35374,4351.62476,4351.30361,4351.49926
2026-08-14 08:00:00+00:00,4351.43021,4354.64205,4351.0202,4352.65421
2026-08-14 08:05:00+00:00,4352.7991,4357.10862,4352.74658,4356.52007
2026-08-14 08:10:00+00:00,4356.25458,4357.07551,4355.11254,4355.18659
2026-08-14 08:15:00+00:00,4355.27637,4355.70483,4352.93606,4353.03123
2026-08-14 08:20:00+00:00,4353.06669,4356.07394,4352.7907,4355.84678
2026-08-14 08:25:00+00:00,4355.40115,4357.67823,4355.40115,4357.5692
2026-08-14 08:30:00+00:00,4357.31539,4357.6922,4356.53917,4356.6492
2026-08-14 08:35:00+00:00,4356.57295,4361.6251,4356.57295,4361.16773
2026-08-14 08:40:00+00:00,4360.52299,4362.24045,4360.43123,4360.63838
2026-08-14 08:45:00+00:00,4361.01084,4361.65684,4356.79418,4357.63114
2026-08-14 08:50:00+00:00,4359.54336,4359.54336,4354.49663,4356.41653
2026-08-14 08:55:00+00:00,4355.43499,4357.29847,4354.07324,4354.23876
2026-08-14 09:00:00+00:00,4354.50632,4354.68348,4351.17497,4351.49229
2026-08-14 09:05:00+00:00,4351.91401,4357.62593,4348.61358,4355.99279
2026-08-14 09:10:00+00:00,4352.55071,4359.57799,4352.55071,4355.00791
2026-08-14 09:15:00+00:00,4355.87812,4362.17591,4355.87812,4359.05832
2026-08-14 09:20:00+00:00,4360.53899,4360.53899,4357.48834,4358.62228
2026-08-14 09:25:00+00:00,4358.9607,4362.43075,4358.9607,4362.31497
2026-08-14 09:30:00+00:00,4362.01215,4363.38249,4361.20273,4361.57844
2026-08-14 09:35:00+00:00,4361.70296,4361.70296,4360.71865,4360.77284
2026-08-14 09:40:00+00:00,4360.83671,4362.43075,4358.71259,4359.97674
2026-08-14 09:45:00+00:00,4359.17315,4364.52514,4359.17315,4362.35059
2026-08-14 09:50:00+00:00,4363.02657,4363.02657,4357.89939,4358.43787
2026-08-14 09:55:00+00:00,4359.62457,4359.62457,4356.91888,4357.88648
2026-08-14 10:00:00+00:00,4358.61211,4361.91264,4356.02793,4361.60221
2026-08-14 10:05:00+00:00,4361.03384,4361.03384,4353.77877,4354.1557
2026-08-14 10:10:00+00:00,4354.39993,4358.79591,4351.42074,4351.60359
2026-08-14 10:15:00+00:00,4351.76317,4352.55713,4348.77147,4349.44045
2026-08-14 10:20:00+00:00,4349.60265,4350.64919,4345.82877,4346.0453
2026-08-14 10:25:00+00:00,4346.44104,4347.25905,4341.27113,4341.60587
2026-08-14 10:30:00+00:00,4342.03996,4344.63821,4338.95952,4340.55369
2026-08-14 10:35:00+00:00,4340.2219,4348.01062,4336.37832,4337.15933
2026-08-14 10:40:00+00:00,4338.60024,4338.72985,4334.9235,4338.30255
2026-08-14 10:45:00+00:00,4337.71694,4342.35095,4334.67524,4335.22392
2026-08-14 10:50:00+00:00,4335.9375,4337.96667,4333.37208,4334.91281
2026-08-14 10:55:00+00:00,4335.96115,4341.40835,4335.96115,4340.38305
2026-08-14 11:00:00+00:00,4340.3467,4342.3893,4329.56661,4331.17294
2026-08-14 11:05:00+00:00,4331.31665,4333.69447,4329.46175,4330.03674
2026-08-14 11:10:00+00:00,4330.92034,4331.17862,4322.08151,4325.14145
2026-08-14 11:15:00+00:00,4324.92136,4325.25952,4320.21428,4320.56314
2026-08-14 11:20:00+00:00,4321.09864,4325.83171,4318.23987,4318.97933
2026-08-14 11:25:00+00:00,4320.64877,4320.96098,4315.7395,4318.88968
2026-08-14 11:30:00+00:00,4319.16942,4321.52118,4313.69166,4313.90615
2026-08-14 11:35:00+00:00,4314.26879,4320.21428,4313.63743,4318.05456
2026-08-14 11:40:00+00:00,4318.44071,4320.96098,4318.44071,4320.59939
2026-08-14 11:45:00+00:00,4320.52602,4322.50564,4314.06385,4314.5565
2026-08-14 11:50:00+00:00,4315.54842,4318.75151,4312.87054,4318.00875
2026-08-14 11:55:00+00:00,4316.87763,4321.1477,4316.87763,4319.66153
2026-08-14 12:00:00+00:00,4318.87417,4321.89472,4317.27196,4321.69659
2026-08-14 12:05:00+00:00,4322.19025,4322.19025,4316.11205,4318.04568
2026-08-14 12:10:00+00:00,4318.42683,4318.42683,4312.3895,4313.2944
2026-08-14 12:15:00+00:00,4313.16575,4317.04369,4311.90719,4314.26706
2026-08-14 12:20:00+00:00,4314.84875,4317.41646,4313.31953,4316.27161
2026-08-14 12:25:00+00:00,4316.05634,4320.32825,4312.94747,4313.46483
2026-08-14 12:30:00+00:00,4314.42659,4321.33443,4312.31283,4314.32045
2026-08-14 12:35:00+00:00,4316.21557,4322.26833,4316.21557,4320.02585
2026-08-14 12:40:00+00:00,4320.34482,4321.12966,4318.90818,4318.99154
2026-08-14 12:45:00+00:00,4319.57128,4323.35568,4314.62225,4314.89295
2026-08-14 12:50:00+00:00,4315.68045,4318.16219,4315.68045,4316.6347
2026-08-14 12:55:00+00:00,4317.60187,4317.60187,4312.94747,4314.86584
2026-08-14 13:00:00+00:00,4313.98822,4317.27081,4313.98822,4317.10026
2026-08-14 13:05:00+00:00,4316.64354,4321.89472,4315.51919,4321.81319
2026-08-14 13:10:00+00:00,4321.73211,4322.82886,4319.09472,4322.45616
2026-08-14 13:15:00+00:00,4321.74482,4322.82886,4319.36335,4322.76215
2026-08-14 13:20:00+00:00,4322.53681,4325.63371,4322.01663,4324.76821
2026-08-14 13:25:00+00:00,4324.79804,4325.87613,4324.55773,4325.83679
2026-08-14 13:30:00+00:00,4325.74761,4327.44136,4325.60185,4327.1449
2026-08-14 13:35:00+00:00,4326.3223,4327.99709,4326.3223,4326.68267
2026-08-14 13:40:00+00:00,4326.97513,4326.97513,4325.82082,4325.84314
2026-08-14 13:45:00+00:00,4325.83717,4326.66426,4325.82082,4326.5674
2026-08-14 13:50:00+00:00,4326.45356,4327.27336,4324.69835,4324.81235
2026-08-14 13:55:00+00:00,4324.98809,4324.98809,4323.71211,4324.66885
2026-08-14 14:00:00+00:00,4324.57169,4324.57169,4323.29415,4323.56327
2026-08-14 14:05:00+00:00,4324.05222,4324.33875,4323.01574,4324.24051
2026-08-14 14:10:00+00:00,4324.06352,4327.12687,4323.94292,4326.88002
2026-08-14 14:15:00+00:00,4326.23776,4327.8802,4325.46489,4326.81462
2026-08-14 14:20:00+00:00,4326.92236,4327.38705,4326.56946,4326.58921
2026-08-14 14:25:00+00:00,4326.71261,4327.6584,4325.5891,4325.98146
2026-08-14 14:30:00+00:00,4326.78017,4326.78017,4323.7634,4324.9346
2026-08-14 14:35:00+00:00,4324.67661,4325.63371,4324.60497,4325.59473
2026-08-14 14:40:00+00:00,4325.53042,4326.38228,4324.61948,4325.49033
2026-08-14 14:45:00+00:00,4325.47642,4326.00796,4323.95036,4325.02754
2026-08-14 14:50:00+00:00,4324.90401,4325.3211,4324.51133,4325.00745
2026-08-14 14:55:00+00:00,4325.07519,4326.00796,4324.60847,4325.8294
2026-08-14 15:00:00+00:00,4325.78644,4325.82082,4323.95036,4325.34398
2026-08-14 15:05:00+00:00,4325.05638,4326.74582,4320.96098,4321.18975
2026-08-14 15:10:00+00:00,4321.59201,4322.44632,4320.21428,4322.18202
2026-08-14 15:15:00+00:00,4321.71624,4321.71624,4318.49343,4318.67365
2026-08-14 15:20:00+00:00,4318.98487,4319.90313,4317.41646,4317.52004
2026-08-14 15:25:00+00:00,4317.58184,4319.33899,4317.58184,4319.22576
2026-08-14 15:30:00+00:00,4318.91195,4319.46784,4310.61379,4316.89995
2026-08-14 15:35:00+00:00,4315.81493,4324.32432,4315.81493,4323.98968
2026-08-14 15:40:00+00:00,4323.39439,4324.26909,4318.83521,4319.74523
2026-08-14 15:45:00+00:00,4321.86747,4322.642,4317.60287,4321.47998
2026-08-14 15:50:00+00:00,4321.63491,4328.89257,4321.63491,4328.62367
2026-08-14 15:55:00+00:00,4327.90835,4332.51473,4327.90835,4331.88806
2026-08-14 16:00:00+00:00,4331.08396,4335.30862,4331.08396,4334.98781
2026-08-14 16:05:00+00:00,4334.53307,4336.70254,4330.12904,4330.41209
2026-08-14 16:10:00+00:00,4330.93789,4333.31889,4330.11992,4333.05222
2026-08-14 16:15:00+00:00,4332.5971,4333.31889,4332.06029,4332.17901
2026-08-14 16:20:00+00:00,4332.35399,4332.66326,4329.56661,4330.9959
2026-08-14 16:25:00+00:00,4329.95455,4331.8172,4329.95455,4330.58293
2026-08-14 16:30:00+00:00,4331.03098,4331.03098,4329.19174,4330.18147
2026-08-14 16:35:00+00:00,4330.11204,4330.11204,4328.81693,4329.55744
2026-08-14 16:40:00+00:00,4329.02763,4332.35936,4328.81693,4331.88709
2026-08-14 16:45:00+00:00,4330.72881,4335.03292,4330.72881,4333.95664
2026-08-14 16:50:00+00:00,4334.14756,4335.57338,4334.02109,4334.95543
2026-08-14 16:55:00+00:00,4334.77605,4335.59066,4333.88229,4335.34953
2026-08-14 17:00:00+00:00,4334.74167,4335.95209,4333.90853,4335.72817
2026-08-14 17:05:00+00:00,4335.3693,4336.17567,4333.83578,4334.58818
2026-08-14 17:10:00+00:00,4334.45524,4334.63372,4331.96665,4332.35711
2026-08-14 17:15:00+00:00,4332.86176,4333.50667,4331.25433,4333.38853
2026-08-14 17:20:00+00:00,4333.16212,4335.00954,4330.50407,4334.62973
2026-08-14 17:25:00+00:00,4334.26503,4336.13737,4332.68729,4334.20286
2026-08-14 17:30:00+00:00,4333.72429,4333.9885,4331.55721,4333.78046
2026-08-14 17:35:00+00:00,4333.27709,4336.13737,4333.27709,4335.24806
2026-08-14 17:40:00+00:00,4335.2132,4339.52439,4334.95275,4338.5112
2026-08-14 17:45:00+00:00,4338.60768,4343.10532,4337.18349,4341.51264
2026-08-14 17:50:00+00:00,4340.8837,4343.4826,4340.8837,4342.86647
2026-08-14 17:55:00+00:00,4342.4742,4344.35123,4341.89834,4344.09988
2026-08-14 18:00:00+00:00,4343.58408,4347.42862,4342.53952,4342.7806
2026-08-14 18:05:00+00:00,4343.1606,4345.10634,4342.35095,4344.80413
2026-08-14 18:10:00+00:00,4344.11645,4347.22284,4343.74571,4346.60136
2026-08-14 18:15:00+00:00,4345.09353,4348.77147,4345.09353,4346.96043
2026-08-14 18:20:00+00:00,4347.38512,4347.38512,4344.04865,4344.31914
2026-08-14 18:25:00+00:00,4344.21006,4345.37001,4344.21006,4345.30559
2026-08-14 18:30:00+00:00,4345.11927,4346.62919,4344.23737,4344.37925
2026-08-14 18:35:00+00:00,4344.65866,4348.77147,4343.57625,4348.59305
2026-08-14 18:40:00+00:00,4348.22955,4348.77147,4344.92352,4345.34335
2026-08-14 18:45:00+00:00,4346.24112,4346.24112,4342.7281,4344.2077
2026-08-14 18:50:00+00:00,4344.24024,4347.44805,4344.10315,4347.33559
2026-08-14 18:55:00+00:00,4347.02254,4349.52808,4346.49671,4347.69693
2026-08-14 19:00:00+00:00,4347.72498,4349.40985,4347.44805,4347.57549
2026-08-14 19:05:00+00:00,4347.89985,4349.09478,4346.00997,4348.39601
2026-08-14 19:10:00+00:00,4348.08738,4349.76251,4348.08738,4348.95846
2026-08-14 19:15:00+00:00,4348.99005,4351.98886,4348.99005,4350.03503
2026-08-14 19:20:00+00:00,4350.74669,4352.20241,4349.3389,4350.39638
2026-08-14 19:25:00+00:00,4350.53664,4354.45243,4348.08183,4350.82147
2026-08-14 19:30:00+00:00,4351.07282,4353.50457,4351.07282,4353.29823
2026-08-14 19:35:00+00:00,4352.83226,4354.26282,4352.80552,4353.06555
2026-08-14 19:40:00+00:00,4353.39152,4353.39152,4352.17827,4352.63741
2026-08-14 19:45:00+00:00,4352.78196,4354.73665,4352.78196,4353.16536
2026-08-14 19:50:00+00:00,4353.11659,4354.83169,4353.11659,4354.73144
2026-08-14 19:55:00+00:00,4354.41559,4356.33565,4354.41559,4355.86653
2026-08-14 20:00:00+00:00,4354.63307,4357.29847,4354.63307,4357.09398
2026-08-14 20:05:00+00:00,4356.76007,4358.33229,4356.03735,4356.33417
2026-08-14 20:10:00+00:00,4356.70152,4357.53481,4354.66551,4356.52288
2026-08-14 20:15:00+00:00,4356.75252,4356.75252,4353.19235,4353.36586
2026-08-14 20:20:00+00:00,4353.57874,4354.26282,4352.74658,4354.20393
2026-08-14 20:25:00+00:00,4354.11552,4354.20095,4350.85277,4351.58126
2026-08-14 20:30:00+00:00,4351.4624,4351.4624,4348.58236,4348.67596
2026-08-14 20:35:00+00:00,4348.76212,4350.0957,4348.76212,4349.43376
2026-08-14 20:40:00+00:00,4349.35059,4351.27119,4348.63721,4350.97332
2026-08-14 20:45:00+00:00,4350.15265,4352.41532,4350.15265,4352.35358
2026-08-14 20:50:00+00:00,4352.21233,4353.86826,4351.42074,4351.62799
2026-08-14 20:55:00+00:00,4351.9,4351.99852,4349.14974,4349.52464
2026-08-14 21:00:00+00:00,4349.29851,4350.85277,4349.14974,4349.77429
2026-08-14 21:05:00+00:00,4350.08382,4351.41679,4349.14974,4351.21933
2026-08-14 21:10:00+00:00,4350.87144,4351.42074,4350.72227,4350.91684
2026-08-14 21:15:00+00:00,4351.20751,4355.4007,4349.84955,4355.02842
2026-08-14 21:20:00+00:00,4354.43307,4357.00114,4354.32526,4354.55856
2026-08-14 21:25:00+00:00,4354.87316,4357.29847,4353.69411,4357.11925
2026-08-14 21:30:00+00:00,4356.82034,4359.83125,4356.82034,4359.36926
2026-08-14 21:35:00+00:00,4358.45776,4362.8114,4358.45776,4362.46393
2026-08-14 21:40:00+00:00,4361.97921,4363.19211,4361.66965,4363.18389
2026-08-14 21:45:00+00:00,4363.12559,4363.12559,4361.2892,4361.47433
2026-08-14 21:50:00+00:00,4361.5268,4369.09673,4361.5268,4368.70017
2026-08-14 21:55:00+00:00,4368.04665,4368.66812,4365.98573,4368.14185
2026-08-14 22:00:00+00:00,4366.83892,4374.64456,4366.12816,4374.42151
2026-08-14 22:05:00+00:00,4374.0964,4375.41019,4372.96934,4375.23297
2026-08-14 22:10:00+00:00,4374.94501,4374.94501,4369.86541,4369.93003
2026-08-14 22:15:00+00:00,4370.14182,4372.34926,4369.48353,4371.52685
2026-08-14 22:20:00+00:00,4371.13697,4379.43574,4371.13697,4377.93973
2026-08-14 22:25:00+00:00,4378.2435,4381.55572,4377.70871,4379.25022
2026-08-14 22:30:00+00:00,4378.46017,4385.7199,4378.46017,4382.91273
2026-08-14 22:35:00+00:00,4383.22601,4383.86386,4377.1227,4377.49322
2026-08-14 22:40:00+00:00,4378.17517,4378.17517,4372.92286,4373.05415
2026-08-14 22:45:00+00:00,4373.32194,4376.03932,4371.20252,4375.37664
2026-08-14 22:50:00+00:00,4374.51095,4377.43749,4372.83983,4376.0411
2026-08-14 22:55:00+00:00,4375.37591,4377.59813,4373.49661,4374.37563
2026-08-14 23:00:00+00:00,4374.20036,4377.50444,4370.08531,4376.90681
2026-08-14 23:05:00+00:00,4375.36301,4379.24239,4375.36301,4377.01748
2026-08-14 23:10:00+00:00,4377.44168,4380.96907,4376.74211,4378.35048
2026-08-14 23:15:00+00:00,4379.28028,4379.8178,4374.92395,4379.59049
2026-08-14 23:20:00+00:00,4379.52037,4384.64057,4379.24239,4383.91012
2026-08-14 23:25:00+00:00,4382.24796,4386.34968,4382.24796,4384.959
2026-08-14 23:30:00+00:00,4385.15268,4390.30429,4384.58331,4389.953
2026-08-14 23:35:00+00:00,4389.49348,4395.79762,4389.49348,4395.51921
2026-08-14 23:40:00+00:00,4394.90395,4396.18411,4391.74352,4395.727
2026-08-14 23:45:00+00:00,4394.84668,4396.587,4387.11942,4389.72462
2026-08-14 23:50:00+00:00,4389.37764,4389.37764,4384.81101,4385.0705
2026-08-14 23:55:00+00:00,4385.51802,4385.51802,4383.65772,4383.7629
2026-08-15 00:00:00+00:00,4384.0846,4391.16498,4384.0846,4388.9587
2026-08-15 00:05:00+00:00,4388.80966,4391.26354,4388.80966,4391.17919
2026-08-15 00:10:00+00:00,4391.00227,4392.7081,4388.85232,4392.43674
2026-08-15 00:15:00+00:00,4391.88523,4391.88523,4388.41796,4390.55734
2026-08-15 00:20:00+00:00,4390.50665,4390.50665,4385.58021,4389.59061
2026-08-15 00:25:00+00:00,4387.52531,4393.09406,4387.52531,4391.91018
2026-08-15 00:30:00+00:00,4392.32066,4392.32066,4387.74458,4388.48077
2026-08-15 00:35:00+00:00,4390.13581,4390.13581,4384.70678,4384.84362
2026-08-15 00:40:00+00:00,4385.22993,4387.23017,4382.50504,4382.80998
2026-08-15 00:45:00+00:00,4382.92683,4384.39328,4380.20149,4381.17874
2026-08-15 00:50:00+00:00,4380.96674,4382.26765,4379.79426,4382.0444
2026-08-15 00:55:00+00:00,4381.57161,4382.69711,4380.96907,4381.06638
2026-08-15 01:00:00+00:00,4381.18352,4388.58412,4381.08897,4388.29073
2026-08-15 01:05:00+00:00,4387.78567,4389.04494,4387.11389,4388.9296
2026-08-15 01:10:00+00:00,4388.76336,4393.35667,4385.69807,4392.73565
2026-08-15 01:15:00+00:00,4391.16298,4394.52298,4387.05556,4387.8774
2026-08-15 01:20:00+00:00,4389.35057,4389.35057,4384.31674,4384.52097
2026-08-15 01:25:00+00:00,4384.88682,4384.95877,4379.24239,4383.70854
2026-08-15 01:30:00+00:00,4383.14587,4387.11942,4383.14587,4386.6252
2026-08-15 01:35:00+00:00,4385.54958,4389.81563,4385.38495,4387.92633
2026-08-15 01:40:00+00:00,4388.24036,4389.54224,4386.54379,4386.98471
2026-08-15 01:45:00+00:00,4387.78503,4394.83168,4387.78503,4394.68931
2026-08-15 01:50:00+00:00,4394.43815,4394.43815,4391.62107,4392.01273
2026-08-15 01:55:00+00:00,4392.45885,4392.90107,4390.45812,4391.92205
2026-08-15 02:00:00+00:00,4391.82063,4395.45613,4390.97216,4392.34822
2026-08-15 02:05:00+00:00,4392.72527,4392.72527,4390.09047,4390.60282
2026-08-15 02:10:00+00:00,4391.40839,4391.40839,4389.43025,4389.57691
2026-08-15 02:15:00+00:00,4389.70023,4391.74352,4389.46749,4391.50695
2026-08-15 02:20:00+00:00,4391.50221,4393.06175,4390.23891,4390.5345
2026-08-15 02:25:00+00:00,4391.11592,4391.11592,4387.31189,4387.68965
2026-08-15 02:30:00+00:00,4387.64306,4387.6969,4381.54493,4381.81371
2026-08-15 02:35:00+00:00,4382.4231,4388.73853,4381.72755,4388.01114
2026-08-15 02:40:00+00:00,4386.26009,4389.43025,4386.15729,4386.60341
2026-08-15 02:45:00+00:00,4386.88014,4386.88014,4385.95436,4386.71523
2026-08-15 02:50:00+00:00,4386.56669,4387.0482,4385.85528,4386.9877
2026-08-15 02:55:00+00:00,4386.84979,4386.84979,4385.19558,4385.33372
2026-08-15 03:00:00+00:00,4385.59525,4387.44641,4382.8892,4383.82244
2026-08-15 03:05:00+00:00,4383.68853,4384.56415,4381.73692,4382.50878
2026-08-15 03:10:00+00:00,4382.37522,4383.45677,4380.58525,4380.85059
2026-08-15 03:15:00+00:00,4380.77568,4385.7807,4379.45146,4382.00749
2026-08-15 03:20:00+00:00,4382.0463,4382.50504,4380.77715,4382.20652
2026-08-15 03:25:00+00:00,4382.08703,4382.43286,4379.97638,4380.17962
2026-08-15 03:30:00+00:00,4380.54213,4382.12095,4379.07085,4381.57229
2026-08-15 03:35:00+00:00,4381.46854,4382.3844,4380.00964,4380.30128
2026-08-15 03:40:00+00:00,4380.32343,4380.82918,4377.70871,4377.94802
2026-08-15 03:45:00+00:00,4378.38083,4378.38083,4376.55915,4376.60001
2026-08-15 03:50:00+00:00,4376.73913,4379.24239,4376.58631,4379.07258
2026-08-15 03:55:00+00:00,4378.7203,4378.7203,4377.51707,4377.7778
2026-08-15 04:00:00+00:00,4377.7012,4380.39907,4376.94227,4379.63398
2026-08-15 04:05:00+00:00,4378.32958,4382.35785,4378.32958,4379.87153
2026-08-15 04:10:00+00:00,4379.87424,4380.97537,4377.32545,4377.44274
2026-08-15 04:15:00+00:00,4377.62938,4378.64,4377.13385,4378.52432
2026-08-15 04:20:00+00:00,4378.27947,4380.20149,4378.27947,4379.33451
2026-08-15 04:25:00+00:00,4379.42354,4380.02217,4378.66713,4378.84209
2026-08-15 04:30:00+00:00,4379.13381,4379.87845,4377.13385,4378.26813
2026-08-15 04:35:00+00:00,4378.06401,4382.14399,4378.06401,4381.7342
2026-08-15 04:40:00+00:00,4380.91656,4383.09699,4378.44662,4381.59619
2026-08-15 04:45:00+00:00,4382.08072,4382.08072,4372.54045,4374.52035
2026-08-15 04:50:00+00:00,4374.37927,4376.59362,4373.49999,4376.14597
2026-08-15 04:55:00+00:00,4375.22042,4375.22042,4373.11409,4373.34788
2026-08-15 05:00:00+00:00,4373.41843,4373.59531,4372.91655,4373.07705
2026-08-15 05:05:00+00:00,4373.33934,4375.75123,4372.73165,4374.08789
2026-08-15 05:10:00+00:00,4374.12545,4377.24635,4374.12545,4377.1796
2026-08-15 05:15:00+00:00,4377.03353,4377.03353,4375.21876,4375.73182
2026-08-15 05:20:00+00:00,4375.59637,4376.7507,4375.33059,4376.7252
2026-08-15 05:25:00+00:00,4376.62761,4377.90036,4375.9846,4376.69261
2026-08-15 05:30:00+00:00,4377.08858,4377.70871,4377.08858,4377.20347
2026-08-15 05:35:00+00:00,4377.29102,4377.95479,4376.36761,4376.49985
2026-08-15 05:40:00+00:00,4376.67181,4377.51707,4376.51229,4376.7217
2026-08-15 05:45:00+00:00,4376.71277,4377.12406,4375.5679,4375.67586
2026-08-15 05:50:00+00:00,4375.57786,4380.00964,4375.57786,4379.75588
2026-08-15 05:55:00+00:00,4379.24691,4382.44657,4374.45319,4375.04209
2026-08-15 06:00:00+00:00,4375.30467,4375.9846,4373.87919,4374.01151
2026-08-15 06:05:00+00:00,4374.21201,4374.26184,4372.34926,4373.51644
2026-08-15 06:10:00+00:00,4373.44838,4373.59933,4371.20252,4371.801
2026-08-15 06:15:00+00:00,4372.14006,4373.75215,4372.14006,4373.72968
2026-08-15 06:20:00+00:00,4373.68905,4373.94714,4372.94384,4373.10401
2026-08-15 06:25:00+00:00,4373.36202,4374.83594,4372.07143,4374.32755
2026-08-15 06:30:00+00:00,4374.34988,4374.64456,4374.07051,4374.28424
2026-08-15 06:35:00+00:00,4374.23028,4375.9846,4373.8132,4375.92228
2026-08-15 06:40:00+00:00,4375.79369,4376.79262,4375.02734,4375.14859
2026-08-15 06:45:00+00:00,4375.40662,4376.02698,4375.24183,4375.77928
2026-08-15 06:50:00+00:00,4375.69358,4375.95155,4375.41019,4375.92906
2026-08-15 06:55:00+00:00,4375.82935,4376.79162,4375.31556,4376.56187
2026-08-15 07:00:00+00:00,4376.01866,4376.94227,4375.60165,4375.6097
2026-08-15 07:05:00+00:00,4375.64065,4375.79436,4375.53601,4375.67204
2026-08-15 07:10:00+00:00,4375.59973,4375.74244,4375.59006,4375.68401
2026-08-15 07:15:00+00:00,4375.60003,4375.9846,4375.54051,4375.95072
2026-08-15 07:20:00+00:00,4375.87422,4375.87422,4375.59568,4375.74995
2026-08-15 07:25:00+00:00,4375.67832,4375.79158,4375.53653,4375.67469
2026-08-15 07:30:00+00:00,4375.59782,4375.89559,4375.57431,4375.86628
2026-08-15 07:35:00+00:00,4375.80042,4375.80433,4375.5381,4375.58838
2026-08-15 07:40:00+00:00,4375.60138,4375.7235,4375.57321,4375.58492
2026-08-15 07:45:00+00:00,4375.59808,4375.79558,4375.53437,4375.68065
2026-08-15 07:50:00+00:00,4375.59973,4375.76156,4375.59866,4375.67422
2026-08-15 07:55:00+00:00,4375.59756,4375.79923,4375.54038,4375.58851
2026-08-15 08:00:00+00:00,4375.60547,4375.73985,4375.57155,4375.59491
2026-08-15 08:05:00+00:00,4375.60332,4375.79269,4375.53806,4375.68073
2026-08-15 08:10:00+00:00,4375.5959,4375.76938,4375.59112,4375.6675
2026-08-15 08:15:00+00:00,4375.59613,4375.79054,4375.5341,4375.57897
2026-08-15 08:20:00+00:00,4375.59973,4375.74432,4375.5582,4375.59583
2026-08-15 08:25:00+00:00,4375.59973,4375.79648,4375.53857,4375.68775
2026-08-15 08:30:00+00:00,4375.59973,4375.77577,4375.58186,4375.66682
2026-08-15 08:35:00+00:00,4375.59973,4375.79354,4375.53465,4375.57583
2026-08-15 08:40:00+00:00,4375.59973,4375.75327,4375.55193,4375.65934
2026-08-15 08:45:00+00:00,4375.59973,4375.79542,4375.53607,4375.69067
2026-08-15 08:50:00+00:00,4375.59973,4375.78161,4375.57324,4375.66175
2026-08-15 08:55:00+00:00,4375.59973,4375.79927,4375.54197,4375.57899
2026-08-15 09:00:00+00:00,4375.60513,4375.7685,4375.55441,4375.65935
2026-08-15 09:05:00+00:00,4375.60212,4375.80116,4375.5404,4375.70065
2026-08-15 09:10:00+00:00,4375.60774,4375.79391,4375.57174,4375.66354
2026-08-15 09:15:00+00:00,4375.60533,4375.80222,4375.54627,4375.57869
2026-08-15 09:20:00+00:00,4375.60703,4375.77417,4375.55,4375.6501
2026-08-15 09:25:00+00:00,4375.60165,4375.79025,4375.5341,4375.69513
2026-08-15 09:30:00+00:00,4375.59973,4375.79052,4375.55823,4375.66249
2026-08-15 09:35:00+00:00,4375.59973,4375.79649,4375.54239,4375.56916
2026-08-15 09:40:00+00:00,4375.59973,4375.77575,4375.53858,4375.6372
2026-08-15 09:45:00+00:00,4375.59581,4375.786,4375.53465,4375.69663
2026-08-15 09:50:00+00:00,4375.59973,4375.79353,4375.55195,4375.67035
2026-08-15 09:55:00+00:00,4375.60364,4375.79737,4375.54862,4375.56984
2026-08-15 10:00:00+00:00,4375.60165,4375.78147,4375.53803,4375.63698
2026-08-15 10:05:00+00:00,4375.59973,4375.78119,4375.53622,4375.69763
2026-08-15 10:10:00+00:00,4375.59973,4375.79553,4375.54656,4375.67477
2026-08-15 10:15:00+00:00,4375.59969,4375.7934,4375.55429,4375.56907
2026-08-15 10:20:00+00:00,4375.60126,4375.78642,4375.53649,4375.63806
2026-08-15 10:25:00+00:00,4375.60361,4375.78336,4375.54428,4375.70577
2026-08-15 10:30:00+00:00,4375.60777,4375.80415,4375.54819,4375.68547
2026-08-15 10:35:00+00:00,4375.60546,4375.79034,4375.56049,4375.56883
2026-08-15 10:40:00+00:00,4375.60126,4375.79051,4375.5341,4375.63074
2026-08-15 10:45:00+00:00,4375.59591,4375.76247,4375.53881,4375.69235
2026-08-15 10:50:00+00:00,4375.5936,4375.79072,4375.53457,4375.67896
2026-08-15 10:55:00+00:00,4375.59587,4375.78209,4375.56048,4375.56147
2026-08-15 11:00:00+00:00,4375.59437,4375.78985,4375.52895,4375.63653
2026-08-15 11:05:00+00:00,4375.59595,4375.76096,4375.5469,4375.69758
2026-08-15 11:10:00+00:00,4375.59973,4375.79543,4375.53608,4375.68872
2026-08-15 11:15:00+00:00,4375.59973,4375.78133,4375.56989,4375.56989
2026-08-15 11:20:00+00:00,4375.60127,4375.7955,4375.53813,4375.64559
2026-08-15 11:25:00+00:00,4375.59965,4375.75839,4375.5558,4375.70234
2026-08-15 11:30:00+00:00,4375.60585,4375.80112,4375.54041,4375.70005
2026-08-15 11:35:00+00:00,4375.60556,4375.78161,4375.57682,4375.57682
2026-08-15 11:40:00+00:00,4375.60702,4375.80222,4375.54625,4375.6566
2026-08-15 11:45:00+00:00,4375.60537,4375.74616,4375.56046,4375.69696
2026-08-15 11:50:00+00:00,4375.60165,4375.7961,4375.53793,4375.69318
2026-08-15 11:55:00+00:00,4375.59756,4375.76426,4375.56539,4375.56539
2026-08-15 12:00:00+00:00,4375.59435,4375.79262,4375.53273,4375.65333
2026-08-15 12:05:00+00:00,4375.59605,4375.72786,4375.56253,4375.68714
2026-08-15 12:10:00+00:00,4375.59363,4375.78787,4375.53088,4375.69657
2026-08-15 12:15:00+00:00,4375.59574,4375.76099,4375.57331,4375.57331
2026-08-15 12:20:00+00:00,4375.59973,4375.79544,4375.53609,4375.6621
2026-08-15 12:25:00+00:00,4375.59973,4375.72447,4375.57381,4375.69048
2026-08-15 12:30:00+00:00,4375.59973,4375.79552,4375.53616,4375.70637
2026-08-15 12:35:00+00:00,4375.59992,4375.75478,4375.57788,4375.57788
2026-08-15 12:40:00+00:00,4375.60165,4375.79342,4375.5365,4375.66897
2026-08-15 12:45:00+00:00,4375.60165,4375.73438,4375.58744,4375.6954
2026-08-15 12:50:00+00:00,4375.60771,4375.80605,4375.54617,4375.60166
2026-08-15 12:55:00+00:00,4375.60569,4375.75023,4375.58664,4375.58664
2026-08-15 13:00:00+00:00,4375.60708,4375.79634,4375.54176,4375.67729
2026-08-15 13:05:00+00:00,4375.60525,4375.75102,4375.59669,4375.69205
2026-08-15 13:10:00+00:00,4375.60769,4375.79844,4375.5406,4375.59288
2026-08-15 13:15:00+00:00,4375.60165,4375.72769,4375.57728,4375.57728
2026-08-15 13:20:00+00:00,4375.59399,4375.78983,4375.52894,4375.67288
2026-08-15 13:25:00+00:00,4375.59616,4375.74986,4375.59257,4375.68038
2026-08-15 13:30:00+00:00,4375.59973,4375.79544,4375.5361,4375.58655
2026-08-15 13:35:00+00:00,4375.59973,4375.72443,4375.57338,4375.58675
2026-08-15 13:40:00+00:00,4375.59973,4375.79552,4375.5362,4375.68057
2026-08-15 13:45:00+00:00,4375.59973,4375.7614,4375.59675,4375.6723
2026-08-15 13:50:00+00:00,4375.59565,4375.78752,4375.5307,4375.57853
2026-08-15 13:55:00+00:00,4375.59561,4375.73498,4375.56115,4375.58745
2026-08-15 14:00:00+00:00,4375.5959,4375.79652,4375.53876,4375.68433
2026-08-15 14:05:00+00:00,4375.59973,4375.76893,4375.59132,4375.67173
2026-08-15 14:10:00+00:00,4375.59973,4375.79047,4375.5341,4375.57904
2026-08-15 14:15:00+00:00,4375.59973,4375.74413,4375.55834,4375.66994
2026-08-15 14:20:00+00:00,4375.60526,4375.80228,4375.54649,4375.69316
2026-08-15 14:25:00+00:00,4375.60515,4375.78084,4375.59028,4375.6749
2026-08-15 14:30:00+00:00,4375.60759,4375.80098,4375.54029,4375.58189
2026-08-15 14:35:00+00:00,4375.6058,4375.75253,4375.5583,4375.59788
2026-08-15 14:40:00+00:00,4375.598,4375.79541,4375.53419,4375.69067
2026-08-15 14:45:00+00:00,4375.60007,4375.78162,4375.5715,4375.65994
2026-08-15 14:50:00+00:00,4375.59765,4375.7936,4375.53623,4375.57313
2026-08-15 14:55:00+00:00,4375.59938,4375.75945,4375.54654,4375.65261
2026-08-15 15:00:00+00:00,4375.59958,4375.79142,4375.53266,4375.69122
2026-08-15 15:05:00+00:00,4375.59782,4375.78654,4375.5655,4375.65676
2026-08-15 15:10:00+00:00,4375.59973,4375.80414,4375.54423,4375.57687
2026-08-15 15:15:00+00:00,4375.60583,4375.77785,4375.55017,4375.65596
2026-08-15 15:20:00+00:00,4375.60905,4375.79637,4375.54176,4375.70068
2026-08-15 15:25:00+00:00,4375.60511,4375.7978,4375.56853,4375.66827
2026-08-15 15:30:00+00:00,4375.6075,4375.80227,4375.54762,4375.57503
2026-08-15 15:35:00+00:00,4375.60547,4375.78464,4375.5465,4375.64989
2026-08-15 15:40:00+00:00,4375.60557,4375.79252,4375.54031,4375.70226
2026-08-15 15:45:00+00:00,4375.60547,4375.80097,4375.56216,4375.67383
2026-08-15 15:50:00+00:00,4375.60747,4375.80127,4375.55022,4375.57182
2026-08-15 15:55:00+00:00,4375.60394,4375.78699,4375.54008,4375.64319
2026-08-15 16:00:00+00:00,4375.60547,4375.78549,4375.54183,4375.70139
2026-08-15 16:05:00+00:00,4375.60318,4375.79923,4375.55262,4375.67748
2026-08-15 16:10:00+00:00,4375.60552,4375.79925,4375.55571,4375.57103
2026-08-15 16:15:00+00:00,4375.60394,4375.79198,4375.53849,4375.63172
2026-08-15 16:20:00+00:00,4375.59973,4375.77528,4375.53682,4375.69813
2026-08-15 16:25:00+00:00,4375.60011,4375.79652,4375.54026,4375.67815
2026-08-15 16:30:00+00:00,4375.59781,4375.79616,4375.5602,4375.56883
2026-08-15 16:35:00+00:00,4375.60241,4375.79603,4375.53793,4375.63957
2026-08-15 16:40:00+00:00,4375.60548,4375.77297,4375.54786,4375.70196
2026-08-15 16:45:00+00:00,4375.60318,4375.80036,4375.54453,4375.68789
2026-08-15 16:50:00+00:00,4375.60545,4375.79224,4375.56908,4375.57097
2026-08-15 16:55:00+00:00,4375.60394,4375.7991,4375.53839,4375.64536
2026-08-15 17:00:00+00:00,4375.60552,4375.76546,4375.55233,4375.70147
2026-08-15 17:05:00+00:00,4375.60318,4375.79939,4375.54196,4375.69329
2026-08-15 17:10:00+00:00,4375.60727,4375.78934,4375.57361,4375.57361
2026-08-15 17:15:00+00:00,4375.60585,4375.80305,4375.54174,4375.65288
2026-08-15 17:20:00+00:00,4375.60746,4375.75931,4375.5576,4375.70239
2026-08-15 17:25:00+00:00,4375.60547,4375.7974,4375.5423,4375.69738
2026-08-15 17:30:00+00:00,4375.60538,4375.77353,4375.56926,4375.56926
2026-08-15 17:35:00+00:00,4375.59936,4375.7946,4375.53879,4375.64931
2026-08-15 17:40:00+00:00,4375.59771,4375.74363,4375.55664,4375.695
2026-08-15 17:45:00+00:00,4375.6001,4375.79402,4375.53984,4375.6975
2026-08-15 17:50:00+00:00,4375.59973,4375.77682,4375.57657,4375.57657
2026-08-15 17:55:00+00:00,4375.60583,4375.80419,4375.54468,4375.66401
2026-08-15 18:00:00+00:00,4375.60753,4375.74084,4375.57288,4375.69896
2026-08-15 18:05:00+00:00,4375.60512,4375.79532,4375.53647,4375.7062
2026-08-15 18:10:00+00:00,4375.60708,4375.76932,4375.57878,4375.57878
2026-08-15 18:15:00+00:00,4375.60582,4375.80322,4375.54206,4375.66932
2026-08-15 18:20:00+00:00,4375.60756,4375.73125,4375.57884,4375.69646
2026-08-15 18:25:00+00:00,4375.60547,4375.79922,4375.54182,4375.70925
2026-08-15 18:30:00+00:00,4375.60529,4375.75897,4375.57961,4375.57961
2026-08-15 18:35:00+00:00,4375.60389,4375.79927,4375.5385,4375.67259
2026-08-15 18:40:00+00:00,4375.60567,4375.7397,4375.58764,4375.69163
2026-08-15 18:45:00+00:00,4375.60324,4375.8003,4375.54433,4375.60156
2026-08-15 18:50:00+00:00,4375.60526,4375.74428,4375.58296,4375.58296
2026-08-15 18:55:00+00:00,4375.60294,4375.7942,4375.53601,4375.67185
2026-08-15 19:00:00+00:00,4375.59973,4375.74206,4375.58967,4375.68415
2026-08-15 19:05:00+00:00,4375.60003,4375.79649,4375.53677,4375.58904
2026-08-15 19:10:00+00:00,4375.59806,4375.74024,4375.58027,4375.58437
2026-08-15 19:15:00+00:00,4375.60223,4375.79908,4375.53838,4375.6819
2026-08-15 19:20:00+00:00,4375.60573,4375.75832,4375.60165,4375.68454
2026-08-15 19:25:00+00:00,4375.60328,4375.7994,4375.54197,4375.59256
2026-08-15 19:30:00+00:00,4375.60521,4375.73012,4375.57391,4375.58831
2026-08-15 19:35:00+00:00,4375.60218,4375.80116,4375.53985,4375.68606
2026-08-15 19:40:00+00:00,4375.60575,4375.76664,4375.59973,4375.6765
2026-08-15 19:45:00+00:00,4375.59922,4375.79748,4375.5404,4375.58858
2026-08-15 19:50:00+00:00,4375.60518,4375.73753,4375.57169,4375.59482
2026-08-15 19:55:00+00:00,4375.60307,4375.79459,4375.53877,4375.68234
2026-08-15 20:00:00+00:00,4375.59751,4375.76687,4375.59131,4375.66981
2026-08-15 20:05:00+00:00,4375.59782,4375.78855,4375.53218,4375.57712
2026-08-15 20:10:00+00:00,4375.59782,4375.74545,4375.56216,4375.59915
2026-08-15 20:15:00+00:00,4375.60378,4375.79844,4375.54067,4375.68947
2026-08-15 20:20:00+00:00,4375.60165,4375.77921,4375.58644,4375.66692
2026-08-15 20:25:00+00:00,4375.59993,4375.79524,4375.53844,4375.57984
2026-08-15 20:30:00+00:00,4375.60323,4375.75464,4375.55421,4375.65956
2026-08-15 20:35:00+00:00,4375.59973,4375.79548,4375.53615,4375.69056
2026-08-15 20:40:00+00:00,4375.59973,4375.78139,4375.57358,4375.66196
2026-08-15 20:45:00+00:00,4375.59973,4375.79548,4375.53615,4375.57324
2026-08-15 20:50:00+00:00,4375.59973,4375.76121,4375.54674,4375.66042
2026-08-15 20:55:00+00:00,4375.60388,4375.80126,4375.54045,4375.70055
2026-08-15 21:00:00+00:00,4375.60774,4375.78606,4375.56565,4375.65655
2026-08-15 21:05:00+00:00,4375.59987,4375.7946,4375.53678,4375.56903
2026-08-15 21:10:00+00:00,4375.59782,4375.76699,4375.54024,4375.64626
2026-08-15 21:15:00+00:00,4375.59782,4375.7904,4375.5341,4375.69505
2026-08-15 21:20:00+00:00,4375.59973,4375.79038,4375.55851,4375.66098
2026-08-15 21:25:00+00:00,4375.59984,4375.79458,4375.54031,4375.56727
2026-08-15 21:30:00+00:00,4375.59782,4375.7718,4375.53673,4375.63864
2026-08-15 21:35:00+00:00,4375.5959,4375.78235,4375.53082,4375.6928
2026-08-15 21:40:00+00:00,4375.5959,4375.78971,4375.54811,4375.66423
2026-08-15 21:45:00+00:00,4375.5959,4375.79159,4375.5431,4375.56407
2026-08-15 21:50:00+00:00,4375.5959,4375.77777,4375.53224,4375.63314
2026-08-15 21:55:00+00:00,4375.5959,4375.77735,4375.5324,4375.6938
2026-08-15 22:00:00+00:00,4375.5959,4375.79171,4375.54272,4375.66967
2026-08-15 22:05:00+00:00,4375.5959,4375.78951,4375.54856,4375.56332
2026-08-15 22:10:00+00:00,4375.5959,4375.7827,4375.53074,4375.62776
2026-08-15 22:15:00+00:00,4375.5959,4375.77144,4375.53498,4375.6943
2026-08-15 22:20:00+00:00,4375.5959,4375.7927,4375.53826,4375.67495
2026-08-15 22:25:00+00:00,4375.5959,4375.78643,4375.55491,4375.56308
2026-08-15 22:30:00+00:00,4375.5959,4375.78669,4375.53027,4375.63038
2026-08-15 22:35:00+00:00,4375.5959,4375.76468,4375.53855,4375.69428
2026-08-15 22:40:00+00:00,4375.5959,4375.79266,4375.53476,4375.68005
2026-08-15 22:45:00+00:00,4375.5959,4375.78237,4375.56208,4375.56336
2026-08-15 22:50:00+00:00,4375.5959,4375.7897,4375.53082,4375.63617
2026-08-15 22:55:00+00:00,4375.5959,4375.75711,4375.54308,4375.69375
2026-08-15 23:00:00+00:00,4375.5959,4375.7916,4375.53225,4375.6849
2026-08-15 23:05:00+00:00,4375.5959,4375.77737,4375.56415,4375.56415
2026-08-15 23:10:00+00:00,4375.5959,4375.7917,4375.53239,4375.64189
2026-08-15 23:15:00+00:00,4375.5959,4375.74879,4375.54854,4375.69271
2026-08-15 23:20:00+00:00,4375.5959,4375.78952,4375.53075,4375.68948
2026-08-15 23:25:00+00:00,4375.5959,4375.77147,4375.56543,4375.56543
2026-08-15 23:30:00+00:00,4375.5959,4375.79269,4375.53497,4375.64752
2026-08-15 23:35:00+00:00,4375.5959,4375.73979,4375.55488,4375.69117
2026-08-15 23:40:00+00:00,4375.5959,4375.78667,4375.53027,4375.69377
2026-08-15 23:45:00+00:00,4375.5959,4375.76471,4375.56722,4375.56722
2026-08-15 23:50:00+00:00,4375.5959,4375.79266,4375.53477,4375.653
2026-08-15 23:55:00+00:00,4375.5959,4375.73018,4375.56205,4375.68915
2026-08-16 00:00:00+00:00,4375.5959,4375.78968,4375.53081,4375.6977
2026-08-16 00:05:00+00:00,4375.5959,4375.75714,4375.56948,4375.56948
2026-08-16 00:10:00+00:00,4375.5959,4375.7916,4375.53226,4375.65828
2026-08-16 00:15:00+00:00,4375.5959,4375.72067,4375.57,4375.68665
2026-08-16 00:20:00+00:00,4375.5959,4375.7917,4375.53238,4375.70126
2026-08-16 00:25:00+00:00,4375.5959,4375.74883,4375.57221,4375.57221
2026-08-16 00:30:00+00:00,4375.5959,4375.78953,4375.53075,4375.66334
2026-08-16 00:35:00+00:00,4375.5959,4375.73078,4375.57866,4375.6837
2026-08-16 00:40:00+00:00,4375.5959,4375.79269,4375.53496,4375.59166
2026-08-16 00:45:00+00:00,4375.5959,4375.73983,4375.57538,4375.57538
2026-08-16 00:50:00+00:00,4375.5959,4375.78666,4375.53027,4375.66813
2026-08-16 00:55:00+00:00,4375.5959,4375.74036,4375.58797,4375.68032
2026-08-16 01:00:00+00:00,4375.5959,4375.79266,4375.53478,4375.58703
2026-08-16 01:05:00+00:00,4375.5959,4375.73022,4375.57815,4375.57896
2026-08-16 01:10:00+00:00,4375.5959,4375.78967,4375.53081,4375.67261
2026-08-16 01:15:00+00:00,4375.5959,4375.74932,4375.5959,4375.67654
2026-08-16 01:20:00+00:00,4375.5959,4375.79161,4375.53226,4375.58271
2026-08-16 01:25:00+00:00,4375.5959,4375.72063,4375.56953,4375.58293
2026-08-16 01:30:00+00:00,4375.5959,4375.79169,4375.53237,4375.67675
2026-08-16 01:35:00+00:00,4375.5959,4375.75759,4375.5959,4375.67238
2026-08-16 01:40:00+00:00,4375.5959,4375.78954,4375.53076,4375.57876
2026-08-16 01:45:00+00:00,4375.5959,4375.73074,4375.56162,4375.58726
2026-08-16 01:50:00+00:00,4375.5959,4375.79269,4375.53494,4375.68051
2026-08-16 01:55:00+00:00,4375.5959,4375.76511,4375.58747,4375.66788
2026-08-16 02:00:00+00:00,4375.5959,4375.78664,4375.53027,4375.5752
2026-08-16 02:05:00+00:00,4375.5959,4375.74032,4375.5545,4375.59192
2026-08-16 02:10:00+00:00,4375.5959,4375.79266,4375.5348,4375.68386
2026-08-16 02:15:00+00:00,4375.5959,4375.77183,4375.57819,4375.66308
2026-08-16 02:20:00+00:00,4375.5959,4375.78966,4375.53081,4375.57205
2026-08-16 02:25:00+00:00,4375.5959,4375.74928,4375.54821,4375.65561
2026-08-16 02:30:00+00:00,4375.5959,4375.79162,4375.53227,4375.68679
2026-08-16 02:35:00+00:00,4375.5959,4375.77768,4375.56956,4375.65801
2026-08-16 02:40:00+00:00,4375.5959,4375.79168,4375.53236,4375.56935
2026-08-16 02:45:00+00:00,4375.5959,4375.75756,4375.5428,4375.64997
2026-08-16 02:50:00+00:00,4375.5959,4375.78955,4375.53076,4375.68926
2026-08-16 02:55:00+00:00,4375.5959,4375.78263,4375.56165,4375.65294
2026-08-16 03:00:00+00:00,4375.5959,4375.79269,4375.53493,4375.56711
2026-08-16 03:05:00+00:00,4375.5959,4375.76509,4375.53832,4375.64434
2026-08-16 03:10:00+00:00,4375.5959,4375.78649,4375.53027,4375.69126
2026-08-16 03:15:00+00:00,4375.5959,4375.78663,4375.55452,4375.65857
2026-08-16 03:20:00+00:00,4375.5959,4375.79267,4375.53849,4375.56535
2026-08-16 03:25:00+00:00,4375.5959,4375.7718,4375.53481,4375.63875
2026-08-16 03:30:00+00:00,4375.5959,4375.78245,4375.5308,4375.69278
2026-08-16 03:35:00+00:00,4375.5959,4375.78965,4375.54823,4375.66411
2026-08-16 03:40:00+00:00,4375.5959,4375.79162,4375.543,4375.56409
2026-08-16 03:45:00+00:00,4375.5959,4375.77766,4375.53228,4375.63325
2026-08-16 03:50:00+00:00,4375.5959,4375.77746,4375.53236,4375.69379
2026-08-16 03:55:00+00:00,4375.5959,4375.79168,4375.54282,4375.66956
2026-08-16 04:00:00+00:00,4375.5959,4375.78956,4375.54844,4375.56333
2026-08-16 04:05:00+00:00,4375.5959,4375.78261,4375.53076,4375.62787
2026-08-16 04:10:00+00:00,4375.5959,4375.77157,4375.53492,4375.69429
2026-08-16 04:15:00+00:00,4375.5959,4375.79269,4375.53834,4375.67485
2026-08-16 04:20:00+00:00,4375.5959,4375.7865,4375.55477,4375.56308
2026-08-16 04:25:00+00:00,4375.5959,4375.78662,4375.53027,4375.63026
2026-08-16 04:30:00+00:00,4375.5959,4375.76483,4375.53847,4375.69428
2026-08-16 04:35:00+00:00,4375.5959,4375.79267,4375.53482,4375.67995
2026-08-16 04:40:00+00:00,4375.5959,4375.78247,4375.56193,4375.56335
2026-08-16 04:45:00+00:00,4375.5959,4375.78964,4375.5308,4375.63605
2026-08-16 04:50:00+00:00,4375.5959,4375.75727,4375.54298,4375.69376
2026-08-16 04:55:00+00:00,4375.5959,4375.79163,4375.53229,4375.6848
2026-08-16 05:00:00+00:00,4375.5959,4375.77749,4375.56412,4375.56412
2026-08-16 05:05:00+00:00,4375.5959,4375.79167,4375.53235,4375.64178
2026-08-16 05:10:00+00:00,4375.5959,4375.74897,4375.54842,4375.69274
2026-08-16 05:15:00+00:00,4375.5959,4375.78957,4375.53077,4375.68939
2026-08-16 05:20:00+00:00,4375.5959,4375.7716,4375.5654,4375.5654
2026-08-16 05:25:00+00:00,4375.5959,4375.79268,4375.53491,4375.6474
2026-08-16 05:30:00+00:00,4375.5959,4375.73998,4375.55474,4375.69121
2026-08-16 05:35:00+00:00,4375.5959,4375.7866,4375.53027,4375.69368
2026-08-16 05:40:00+00:00,4375.5959,4375.76486,4375.56718,4375.56718
2026-08-16 05:45:00+00:00,4375.5959,4375.79267,4375.53483,4375.65289
2026-08-16 05:50:00+00:00,4375.5959,4375.73039,4375.5619,4375.68919
2026-08-16 05:55:00+00:00,4375.5959,4375.78963,4375.53079,4375.69762
2026-08-16 06:00:00+00:00,4375.5959,4375.7573,4375.56943,4375.56943
2026-08-16 06:05:00+00:00,4375.5959,4375.79163,4375.5323,4375.65818
2026-08-16 06:10:00+00:00,4375.5959,4375.72046,4375.56983,4375.6867
2026-08-16 06:15:00+00:00,4375.5959,4375.79167,4375.53234,4375.70119
2026-08-16 06:20:00+00:00,4375.5959,4375.749,4375.57215,4375.57215
2026-08-16 06:25:00+00:00,4375.5959,4375.78958,4375.53077,4375.66324
2026-08-16 06:30:00+00:00,4375.5959,4375.73058,4375.57848,4375.68376
2026-08-16 06:35:00+00:00,4375.5959,4375.79268,4375.53489,4375.59176
2026-08-16 06:40:00+00:00,4375.5959,4375.74002,4375.57531,4375.57531
2026-08-16 06:45:00+00:00,4375.5959,4375.78659,4375.53027,4375.66803
2026-08-16 06:50:00+00:00,4375.5959,4375.74017,4375.58778,4375.68039
2026-08-16 06:55:00+00:00,4375.5959,4375.79267,4375.53484,4375.58712
2026-08-16 07:00:00+00:00,4375.5959,4375.73043,4375.57834,4375.57888
2026-08-16 07:05:00+00:00,4375.5959,4375.78962,4375.53079,4375.67252
2026-08-16 07:10:00+00:00,4375.5959,4375.74914,4375.5959,4375.67662
2026-08-16 07:15:00+00:00,4375.5959,4375.79164,4375.53231,4375.5828
2026-08-16 07:20:00+00:00,4375.5959,4379.85286,4375.5697,4375.58285
2026-08-16 07:25:00+00:00,4375.5959,4379.52183,4375.53233,4375.67666
2026-08-16 07:30:00+00:00,4375.5959,4375.75743,4375.5959,4375.67247
2026-08-16 07:35:00+00:00,4375.5959,4375.78959,4375.53078,4375.57884
2026-08-16 07:40:00+00:00,4375.5959,4375.73054,4375.56178,4375.58717
2026-08-16 07:45:00+00:00,4375.5959,4375.79268,4375.53488,4375.68043
2026-08-16 07:50:00+00:00,4375.5959,4375.76497,4375.58766,4375.66798
2026-08-16 07:55:00+00:00,4375.5959,4375.78854,4375.53218,4375.57726
2026-08-16 08:00:00+00:00,4375.59782,4375.74184,4375.55669,4375.59363
2026-08-16 08:05:00+00:00,4375.59782,4375.7946,4375.53684,4375.68565
2026-08-16 08:10:00+00:00,4375.59782,4375.77348,4375.58048,4375.66521
2026-08-16 08:15:00+00:00,4375.59782,4375.79147,4375.53268,4375.57409
2026-08-16 08:20:00+00:00,4375.59782,4375.75083,4375.55037,4375.65776
2026-08-16 08:25:00+00:00,4375.59782,4375.7936,4375.53427,4375.68859
2026-08-16 08:30:00+00:00,4375.59782,4375.77937,4375.57183,4375.66015
2026-08-16 08:35:00+00:00,4375.59782,4375.79353,4375.53419,4375.57137
2026-08-16 08:40:00+00:00,4375.59782,4375.75914,4375.54493,4375.65213
2026-08-16 08:45:00+00:00,4375.59782,4375.79157,4375.53272,4375.69108
2026-08-16 08:50:00+00:00,4375.59782,4375.78435,4375.56389,4375.65485
2026-08-16 08:55:00+00:00,4375.59782,4375.79458,4375.53672,4375.56911
2026-08-16 09:00:00+00:00,4375.59782,4375.7667,4375.54041,4375.64649
2026-08-16 09:05:00+00:00,4375.59782,4375.78855,4375.53218,4375.6931
2026-08-16 09:10:00+00:00,4375.59782,4375.7884,4375.55672,4375.66024
2026-08-16 09:15:00+00:00,4375.59782,4375.7946,4375.54023,4375.56733
2026-08-16 09:20:00+00:00,4375.59782,4375.77345,4375.53685,4375.6409
2026-08-16 09:25:00+00:00,4375.59782,4375.78455,4375.53267,4375.69464
2026-08-16 09:30:00+00:00,4375.59782,4375.79146,4375.55039,4375.6658
2026-08-16 09:35:00+00:00,4375.59782,4375.7936,4375.54471,4375.56605
2026-08-16 09:40:00+00:00,4375.59782,4375.77935,4375.53428,4375.63539
2026-08-16 09:45:00+00:00,4375.59782,4375.77961,4375.53418,4375.69567
2026-08-16 09:50:00+00:00,4375.59782,4375.79353,4375.54495,4375.67125
2026-08-16 09:55:00+00:00,4375.59782,4375.79158,4375.55011,4375.56527
2026-08-16 10:00:00+00:00,4375.59782,4375.78434,4375.53272,4375.63001
2026-08-16 10:05:00+00:00,4375.59782,4375.77375,4375.5367,4375.6962
2026-08-16 10:10:00+00:00,4375.59782,4375.79458,4375.54042,4375.67654
2026-08-16 10:15:00+00:00,4375.59782,4375.78857,4375.5564,4375.565
2026-08-16 10:20:00+00:00,4375.59782,4375.78838,4375.53218,4375.63193
2026-08-16 10:25:00+00:00,4375.59782,4375.76704,4375.54021,4375.69621
2026-08-16 10:30:00+00:00,4375.59782,4375.7946,4375.53686,4375.68165
2026-08-16 10:35:00+00:00,4375.59782,4375.78457,4375.56352,4375.56524
2026-08-16 10:40:00+00:00,4375.59782,4375.79145,4375.53267,4375.63772
2026-08-16 10:45:00+00:00,4375.59782,4375.75952,4375.54469,4375.69571
2026-08-16 10:50:00+00:00,4375.59782,4375.79361,4375.53429,4375.68652
2026-08-16 10:55:00+00:00,4375.59782,4375.77963,4375.566,4375.566
2026-08-16 11:00:00+00:00,4375.59782,4375.79352,4375.53418,4375.64345
2026-08-16 11:05:00+00:00,4375.59782,4375.75125,4375.55009,4375.6947
2026-08-16 11:10:00+00:00,4375.59782,4375.79159,4375.53273,4375.69112
2026-08-16 11:15:00+00:00,4375.59782,4375.77378,4375.56725,4375.56725
2026-08-16 11:20:00+00:00,4375.59782,4375.79458,4375.53669,4375.64909
2026-08-16 11:25:00+00:00,4375.59782,4375.74229,4375.55637,4375.6932
2026-08-16 11:30:00+00:00,4375.59782,4375.78858,4375.53218,4375.69542
2026-08-16 11:35:00+00:00,4375.59782,4375.76707,4375.56901,4375.56901
2026-08-16 11:40:00+00:00,4375.59782,4375.79461,4375.53688,4375.65457
2026-08-16 11:45:00+00:00,4375.59782,4375.73272,4375.56349,4375.6912
2026-08-16 11:50:00+00:00,4375.59782,4375.79144,4375.53266,4375.69938
2026-08-16 11:55:00+00:00,4375.59782,4375.75955,4375.57124,4375.57124
2026-08-16 12:00:00+00:00,4375.59782,4375.79361,4375.5343,4375.65987
2026-08-16 12:05:00+00:00,4375.59782,4375.7226,4375.57139,4375.68873
2026-08-16 12:10:00+00:00,4375.59782,4375.79351,4375.53417,4375.70296
2026-08-16 12:15:00+00:00,4375.59782,4375.75128,4375.57394,4375.57394
2026-08-16 12:20:00+00:00,4375.59782,4375.7916,4375.53273,4375.66495
2026-08-16 12:25:00+00:00,4375.59782,4375.73208,4375.58001,4375.68581
2026-08-16 12:30:00+00:00,4375.59782,4375.79457,4375.53668,4375.59388
2026-08-16 12:35:00+00:00,4375.59782,4375.74233,4375.57708,4375.57708
2026-08-16 12:40:00+00:00,4375.59782,4375.78859,4375.53218,4375.66975
2026-08-16 12:45:00+00:00,4375.59782,4375.74169,4375.58929,4375.68246
2026-08-16 12:50:00+00:00,4375.59782,4375.79461,4375.53689,4375.58922
2026-08-16 12:55:00+00:00,4375.59782,4375.73276,4375.58063,4375.58064
2026-08-16 13:00:00+00:00,4375.59782,4375.79143,4375.53266,4375.67425
2026-08-16 13:05:00+00:00,4375.59782,4375.75069,4375.59782,4375.6787
2026-08-16 13:10:00+00:00,4375.59782,4375.79362,4375.53431,4375.58489
2026-08-16 13:15:00+00:00,4375.59782,4375.72264,4375.57196,4375.58459
2026-08-16 13:20:00+00:00,4375.59782,4375.79351,4375.53416,4375.67841
2026-08-16 13:25:00+00:00,4375.59782,4375.75901,4375.59782,4375.67457
2026-08-16 13:30:00+00:00,4375.59782,4375.79161,4375.53273,4375.58091
2026-08-16 13:35:00+00:00,4375.59782,4375.73204,4375.56401,4375.5889
2026-08-16 13:40:00+00:00,4375.59782,4375.79457,4375.53667,4375.6822
2026-08-16 13:45:00+00:00,4375.59782,4375.76658,4375.58998,4375.67009
2026-08-16 13:50:00+00:00,4375.59782,4375.78861,4375.53218,4375.57732
2026-08-16 13:55:00+00:00,4375.59782,4375.74165,4375.55683,4375.59353
2026-08-16 14:00:00+00:00,4375.59782,4375.79461,4375.5369,4375.68558
2026-08-16 14:05:00+00:00,4375.59782,4375.77335,4375.58067,4375.66531
2026-08-16 14:10:00+00:00,4375.59782,4375.79142,4375.53266,4375.57415
2026-08-16 14:15:00+00:00,4375.59782,4375.75066,4375.55049,4375.65788
2026-08-16 14:20:00+00:00,4375.59782,4375.79363,4375.53432,4375.68854
2026-08-16 14:25:00+00:00,4375.59782,4375.77926,4375.572,4375.66025
2026-08-16 14:30:00+00:00,4375.59782,4375.7935,4375.53415,4375.57142
2026-08-16 14:35:00+00:00,4375.59782,4375.75898,4375.54503,4375.65224
2026-08-16 14:40:00+00:00,4375.59782,4375.79162,4375.53274,4375.69104
2026-08-16 14:45:00+00:00,4375.59782,4375.78426,4375.56404,4375.65496
2026-08-16 14:50:00+00:00,4375.59782,4375.79457,4375.53665,4375.56915
2026-08-16 14:55:00+00:00,4375.59782,4375.76655,4375.54049,4375.6466
2026-08-16 15:00:00+00:00,4375.59782,4375.78862,4375.53218,4375.69307
2026-08-16 15:05:00+00:00,4375.59782,4375.78832,4375.55686,4375.66013
2026-08-16 15:10:00+00:00,4375.59782,4375.79461,4375.54015,4375.56736
2026-08-16 15:15:00+00:00,4375.59782,4375.77332,4375.53691,4375.64101
2026-08-16 15:20:00+00:00,4375.59782,4375.78464,4375.53265,4375.69461
2026-08-16 15:25:00+00:00,4375.59782,4375.79141,4375.55051,4375.66569
2026-08-16 15:30:00+00:00,4375.59782,4375.79363,4375.54461,4375.56607
2026-08-16 15:35:00+00:00,4375.59782,4375.77923,4375.53432,4375.6355
2026-08-16 15:40:00+00:00,4375.59782,4375.77972,4375.53414,4375.69565
2026-08-16 15:45:00+00:00,4375.59782,4375.7935,4375.54505,4375.67113
2026-08-16 15:50:00+00:00,4375.59782,4375.79163,4375.54999,4375.56528
2026-08-16 15:55:00+00:00,4375.59782,4375.78424,4375.53274,4375.63012
2026-08-16 16:00:00+00:00,4375.59782,4375.77388,4375.53664,4375.69619
2026-08-16 16:05:00+00:00,4375.59782,4375.79457,4375.54051,4375.67643
2026-08-16 16:10:00+00:00,4375.59782,4375.78864,4375.55626,4375.565
2026-08-16 16:15:00+00:00,4375.59782,4375.78831,4375.53218,4375.63181
2026-08-16 16:20:00+00:00,4375.59782,4375.76719,4375.54013,4375.69621
2026-08-16 16:25:00+00:00,4375.59782,4375.79461,4375.53693,4375.68154
2026-08-16 16:30:00+00:00,4375.59782,4375.78466,4375.56337,4375.56523
2026-08-16 16:35:00+00:00,4375.59782,4375.7914,4375.53265,4375.6376
2026-08-16 16:40:00+00:00,4375.59782,4375.75968,4375.54459,4375.69573
2026-08-16 16:45:00+00:00,4375.59782,4375.79364,4375.53433,4375.68642
2026-08-16 16:50:00+00:00,4375.59782,4375.77974,4375.56598,4375.56598
2026-08-16 16:55:00+00:00,4375.59782,4375.79349,4375.53413,4375.64334
2026-08-16 17:00:00+00:00,4375.59782,4375.75142,4375.54997,4375.69473
2026-08-16 17:05:00+00:00,4375.59782,4375.79165,4375.53275,4375.69103
2026-08-16 17:10:00+00:00,4375.59782,4375.77391,4375.56722,4375.56722
2026-08-16 17:15:00+00:00,4375.59782,4375.79456,4375.53663,4375.64897
2026-08-16 17:20:00+00:00,4375.59782,4375.74248,4375.55623,4375.69323
2026-08-16 17:25:00+00:00,4375.59782,4375.78865,4375.53218,4375.69534
2026-08-16 17:30:00+00:00,4375.59782,4375.76722,4375.56897,4375.56897
2026-08-16 17:35:00+00:00,4375.59782,4375.79462,4375.53694,4375.65446
2026-08-16 17:40:00+00:00,4375.59782,4375.73292,4375.56334,4375.69125
2026-08-16 17:45:00+00:00,4375.59782,4375.79139,4375.53264,4375.6993
2026-08-16 17:50:00+00:00,4375.59782,4375.75971,4375.57119,4375.57119
2026-08-16 17:55:00+00:00,4375.59782,4375.79364,4375.53434,4375.65977
2026-08-16 18:00:00+00:00,4375.59782,4375.72281,4375.57123,4375.68879
2026-08-16 18:05:00+00:00,4375.59782,4375.79348,4375.53413,4375.7029
2026-08-16 18:10:00+00:00,4375.59782,4375.75146,4375.57388,4375.57388
2026-08-16 18:15:00+00:00,4375.59782,4375.79166,4375.53275,4375.66485
2026-08-16 18:20:00+00:00,4375.59782,4375.73188,4375.57983,4375.68587
2026-08-16 18:25:00+00:00,4375.59782,4375.79456,4375.53662,4375.59398
2026-08-16 18:30:00+00:00,4375.59782,4375.74252,4375.57701,4375.57701
2026-08-16 18:35:00+00:00,4375.59782,4375.78867,4375.53218,4375.66966
2026-08-16 18:40:00+00:00,4375.59782,4375.7415,4375.58909,4375.68253
2026-08-16 18:45:00+00:00,4375.59782,4375.79462,4375.53695,4375.58931
2026-08-16 18:50:00+00:00,4375.59782,4375.73296,4375.58056,4375.58056
2026-08-16 18:55:00+00:00,4375.59782,4375.79138,4375.53264,4375.67416
2026-08-16 19:00:00+00:00,4375.59782,4375.75051,4375.59782,4375.67878
2026-08-16 19:05:00+00:00,4375.59782,4375.79365,4375.53435,4375.58497
2026-08-16 19:10:00+00:00,4375.59782,4375.72286,4375.57213,4375.5845
2026-08-16 19:15:00+00:00,4375.59782,4375.79348,4375.53412,4375.67833
2026-08-16 19:20:00+00:00,4375.59782,4375.75885,4375.59782,4375.67465
2026-08-16 19:25:00+00:00,4375.59782,4375.79167,4375.53276,4375.58099
2026-08-16 19:30:00+00:00,4375.59782,4375.73184,4375.56416,4375.58881
2026-08-16 19:35:00+00:00,4375.59782,4375.79456,4375.53661,4375.68212
2026-08-16 19:40:00+00:00,4375.59782,4375.76643,4375.59018,4375.67019
2026-08-16 19:45:00+00:00,4375.59782,4375.78868,4375.53218,4375.57739
2026-08-16 19:50:00+00:00,4375.59782,4375.74146,4375.55697,4375.59343
2026-08-16 19:55:00+00:00,4375.59782,4375.79462,4375.53696,4375.68552
2026-08-16 20:00:00+00:00,4375.59782,4375.77322,4375.58085,4375.66541
2026-08-16 20:05:00+00:00,4375.59782,4375.79137,4375.53264,4375.57421
2026-08-16 20:10:00+00:00,4375.59782,4375.75048,4375.55061,4375.65799
2026-08-16 20:15:00+00:00,4375.59782,4375.79366,4375.53436,4375.68848
2026-08-16 20:20:00+00:00,4375.59782,4375.77914,4375.57217,4375.66036
2026-08-16 20:25:00+00:00,4375.59782,4375.79347,4375.53411,4375.57147
2026-08-16 20:30:00+00:00,4375.59782,4375.75881,4375.54513,4375.65235
2026-08-16 20:35:00+00:00,4375.59782,4375.79168,4375.53276,4375.69099
2026-08-16 20:40:00+00:00,4375.59782,4375.78417,4375.5642,4375.65508
2026-08-16 20:45:00+00:00,4375.59782,4375.79456,4375.53659,4375.56919
2026-08-16 20:50:00+00:00,4375.59782,4375.7664,4375.54057,4375.64672
2026-08-16 20:55:00+00:00,4375.59782,4375.78869,4375.53218,4375.69303
2026-08-16 21:00:00+00:00,4375.59782,4375.78825,4375.557,4375.66001
2026-08-16 21:05:00+00:00,4375.59782,4375.79462,4375.54007,4375.5674
2026-08-16 21:10:00+00:00,4375.59782,4375.77319,4375.53698,4375.64112
2026-08-16 21:15:00+00:00,4375.59782,4375.78473,4375.53263,4375.69458
2026-08-16 21:20:00+00:00,4375.59782,4375.79136,4375.55063,4375.66557
2026-08-16 21:25:00+00:00,4375.59782,4375.79366,4375.54451,4375.56609
2026-08-16 21:30:00+00:00,4375.59782,4375.77912,4375.53437,4375.63562
2026-08-16 21:35:00+00:00,4375.59782,4375.77983,4375.5341,4375.69564
2026-08-16 21:40:00+00:00,4375.59782,4375.79346,4375.54515,4375.67103
2026-08-16 21:45:00+00:00,4375.59782,4375.79169,4375.54987,4375.56529
2026-08-16 21:50:00+00:00,4375.59782,4375.78415,4375.53277,4375.63023
2026-08-16 21:55:00+00:00,4375.59782,4375.77401,4375.53658,4375.69618
2026-08-16 22:00:00+00:00,4375.59782,4375.79456,4375.54059,4375.67633
2026-08-16 22:05:00+00:00,4375.59782,4375.78871,4375.55612,4375.565
2026-08-16 22:10:00+00:00,4375.59782,4375.78823,4375.53218,4375.63169
2026-08-16 22:15:00+00:00,4375.59782,4375.76733,4375.54005,4375.69622
2026-08-16 22:20:00+00:00,4375.59782,4375.79462,4375.53699,4375.68144
2026-08-16 22:25:00+00:00,4375.59782,4375.78475,4375.56322,4375.56522
2026-08-16 22:30:00+00:00,4375.59782,4375.79134,4375.53263,4375.63748
